Term,worry,OrdinalClass,MajorityLabel
unbearably,3.0,3,3
immolation,3.0,3,3
rapist,3.0,3,3
fistfight,3.0,3,3
apocalypse,3.0,3,3
terroristic,3.0,3,3
panicked,3.0,3,3
patrolling,3.0,3,3
imposer,3.0,3,3
pedophile,3.0,3,3
firebomb,3.0,3,3
mutilate,3.0,3,3
deflagration,3.0,3,3
irksome,3.0,3,3
asphyxia,3.0,3,3
nostrum,3.0,3,3
sux,3.0,3,3
trackside,3.0,3,3
disaster,3.0,3,3
accursedness,3.0,3,3
gutturally,3.0,3,3
inapproachable,3.0,3,3
manacle,3.0,3,3
pedophilia,3.0,3,3
inconsolably,3.0,3,3
shrilly,3.0,3,3
slapping,3.0,3,3
sycophantism,3.0,3,3
detonator,3.0,3,3
neurophysiology,3.0,3,3
ragemode,3.0,3,3
terrorize,3.0,3,3
suffocative,3.0,3,3
deerstalking,3.0,3,3
brontosaur,3.0,3,3
bereavement,3.0,3,3
disorientation,3.0,3,3
electrocuted,3.0,3,3
deathtrap,3.0,3,3
terrifies,3.0,3,3
sulphurous,3.0,3,3
matricide,3.0,3,3
exploder,3.0,3,3
raider,3.0,3,3
mummified,3.0,3,3
traumatized,3.0,3,3
hardheartedly,3.0,3,3
germy,3.0,3,3
agoraphobia,3.0,3,3
metastasize,3.0,3,3
hipped,3.0,3,3
angiogram,3.0,3,3
pestilent,3.0,3,3
strangulate,3.0,3,3
terrified,3.0,3,3
incoercible,3.0,3,3
claustrophobia,3.0,3,3
warcrimes,3.0,3,3
expelled,3.0,3,3
homophobia,3.0,3,3
hellacious,3.0,3,3
homicide,3.0,3,3
suffocation,3.0,3,3
woah,3.0,3,3
terrify,3.0,3,3
capsize,3.0,3,3
entrapment,3.0,3,3
vicariously,3.0,3,3
strangle,3.0,3,3
angularity,3.0,3,3
strangler,3.0,3,3
trafficable,3.0,3,3
tomblike,3.0,3,3
lightlessness,3.0,3,3
unsponsored,3.0,3,3
methamphetamine,3.0,3,3
ricer,3.0,3,3
patricide,3.0,3,3
suffocate,3.0,3,3
claptrap,3.0,3,3
endomorphic,3.0,3,3
flintlock,3.0,3,3
decapitate,3.0,3,3
wolf,3.0,3,3
impalement,3.0,3,3
prozac,3.0,3,3
monopolize,3.0,3,3
alienist,3.0,3,3
craziness,3.0,3,3
savageness,3.0,3,3
quadriplegia,3.0,3,3
slaveholding,3.0,3,3
unhelpfulness,3.0,3,3
scuffle,3.0,3,3
asphyxiation,3.0,3,3
holocaust,3.0,3,3
incondensable,3.0,3,3
excuseless,3.0,3,3
dumbbitch,3.0,3,3
anesthetist,3.0,3,3
firehose,3.0,3,3
disembowel,3.0,3,3
aneurysm,3.0,3,3
depersonalize,3.0,3,3
nitroglycerine,3.0,3,3
disincorporation,3.0,3,3
armageddon,3.0,3,3
clacker,3.0,3,3
collapsibility,3.0,3,3
hornlike,3.0,3,3
titties,3.0,3,3
decapitation,3.0,3,3
stickup,3.0,3,3
infuriated,3.0,3,3
apoplectically,3.0,3,3
poisoner,3.0,3,3
episiotomy,3.0,3,3
catatonia,3.0,3,3
fishhook,3.0,3,3
horribleness,3.0,3,3
scrum,3.0,3,3
examinee,3.0,3,3
killer,3.0,3,3
chipmaker,3.0,3,3
suicidebombing,3.0,3,3
distrustfully,3.0,3,3
antinationalist,3.0,3,3
anxietyattack,3.0,3,3
genocide,3.0,3,3
panicking,3.0,3,3
sonice,3.0,3,3
doctrinarian,3.0,3,3
sodomize,3.0,3,3
mortified,3.0,3,3
glutinous,3.0,3,3
salesgirl,3.0,3,3
firestorm,3.0,3,3
unreleased,3.0,3,3
smolder,3.0,3,3
insensitively,3.0,3,3
nigga,3.0,3,3
nazism,3.0,3,3
hoggishness,3.0,3,3
lesbianism,3.0,3,3
sexiest,3.0,3,3
harrassment,3.0,3,3
torturously,3.0,3,3
dementedly,3.0,3,3
annihilative,3.0,3,3
stabbed,3.0,3,3
hypervelocity,3.0,3,3
through,3.0,3,3
reclusiveness,3.0,3,3
exhibitionism,3.0,3,3
igniter,3.0,3,3
unsalvageable,3.0,3,3
loveless,3.0,3,3
tampered,3.0,3,3
spermatozoid,3.0,3,3
barbarically,3.0,3,3
extort,3.0,3,3
sandworm,3.0,3,3
excruciate,3.0,3,3
nazi,3.0,3,3
strangulation,3.0,3,3
hydroplane,3.0,3,3
kidnapping,3.0,3,3
horrible,3.0,3,3
horrifically,3.0,3,3
pecker,3.0,3,3
homicidal,3.0,3,3
vivisect,3.0,3,3
coquettishness,3.0,3,3
aghhh,3.0,3,3
bluffer,3.0,3,3
paralyzed,3.0,3,3
overcrowded,3.0,3,3
molestation,3.0,3,3
neoliberal,3.0,3,3
hosed,3.0,3,3
loganberry,3.0,3,3
helter,3.0,3,3
dismemberer,3.0,3,3
bestiality,3.0,3,3
undesirably,3.0,3,3
rape,3.0,3,3
molest,2.94,3,3
haemorrhage,2.94,3,3
cantbreathe,2.93,3,3
horrors,2.92,3,3
infanticide,2.92,3,3
hellhole,2.92,3,3
cannibalistic,2.92,3,3
gestapo,2.9,3,3
barbarity,2.9,3,3
terrorization,2.9,3,3
devastate,2.89,3,3
sodomy,2.89,3,3
kill,2.89,3,3
horrified,2.89,3,3
atrocity,2.89,3,3
disembowelment,2.89,3,3
desperation,2.88,3,3
bloodthirsty,2.88,3,3
migraine,2.88,3,3
enslavement,2.88,3,3
excruciation,2.88,3,3
antisemitic,2.88,3,3
palpitations,2.88,3,3
retards,2.88,3,3
gunshot,2.88,3,3
cyanide,2.88,3,3
racketeering,2.88,3,3
leprosy,2.88,3,3
dismemberment,2.87,3,3
agony,2.87,3,3
hopeless,2.87,3,3
handgrenade,2.86,3,3
arachnophobia,2.86,3,3
extermination,2.86,3,3
eugenicist,2.86,3,3
hyperventilating,2.86,3,3
distress,2.86,3,3
furiousness,2.86,3,3
doomed,2.86,3,3
ultraviolent,2.86,3,3
immolate,2.86,3,3
detestability,2.86,3,3
explosiveness,2.86,3,3
impale,2.86,3,3
kidnapped,2.86,3,3
perdition,2.86,3,3
brutality,2.86,3,3
swastika,2.85,3,3
reinvasion,2.83,3,3
ravishment,2.83,3,3
sensationalism,2.83,3,3
molester,2.83,3,3
clickbait,2.83,3,3
soscary,2.83,3,3
besiegement,2.83,3,3
kidnapper,2.83,3,3
transphobic,2.83,3,3
tyrannically,2.83,3,3
fibrillate,2.83,3,3
soscared,2.83,3,3
pedophilic,2.83,3,3
unsolvable,2.83,3,3
whizzing,2.83,3,3
fiendlike,2.83,3,3
fuhrer,2.83,3,3
misgovernment,2.83,3,3
overwrought,2.83,3,3
capitulator,2.83,3,3
shitless,2.83,3,3
undead,2.83,3,3
apoplexy,2.83,3,3
cataclysmal,2.83,3,3
scorner,2.83,3,3
omfg,2.83,3,3
cyclonic,2.83,3,3
niggardly,2.83,3,3
strangled,2.83,3,3
despised,2.83,3,3
kidnap,2.83,3,3
maliciousness,2.83,3,3
intubate,2.83,3,3
calamitously,2.83,3,3
destructivity,2.83,3,3
molesting,2.83,3,3
coercer,2.83,3,3
cirrhosis,2.83,3,3
botchy,2.83,3,3
maltreatment,2.83,3,3
infantility,2.83,3,3
reprehensibility,2.83,3,3
egomaniacal,2.83,3,3
lynching,2.83,3,3
impregnator,2.83,3,3
gunship,2.83,3,3
tantrum,2.83,3,3
paralyses,2.83,3,3
insidiousness,2.83,3,3
madhouse,2.83,3,3
desolately,2.83,3,3
abominableness,2.83,3,3
lewdly,2.83,3,3
sociopathic,2.83,3,3
ohdear,2.83,3,3
malevolently,2.82,3,3
deliriousness,2.82,3,3
crucifixion,2.82,3,3
heartattack,2.82,3,3
castration,2.82,3,3
stillborn,2.81,3,3
rabies,2.81,3,3
horrifying,2.8,3,3
antiscientific,2.8,3,3
thunderstruck,2.8,3,3
destitution,2.8,3,3
tortured,2.8,3,3
jangly,2.8,3,3
disconcertedness,2.8,3,3
hyperventilate,2.8,3,3
unlivable,2.8,3,3
sleaze,2.8,3,3
nefariously,2.8,3,3
irreclaimable,2.8,3,3
scream,2.8,3,3
pisser,2.8,3,3
assassination,2.8,3,3
landmine,2.8,3,3
disgorge,2.8,3,3
nightmarishly,2.8,3,3
emasculation,2.8,3,3
scurvy,2.8,3,3
frightening,2.8,3,3
tormented,2.8,3,3
crackup,2.8,3,3
defeatist,2.8,3,3
stomp,2.8,3,3
scared,2.8,3,3
portentousness,2.8,3,3
uncontrollability,2.8,3,3
incriminatory,2.8,3,3
cataclysmic,2.8,3,3
psychotropic,2.8,3,3
disgracefully,2.8,3,3
ghoulishness,2.8,3,3
sightlessness,2.8,3,3
psychosis,2.8,3,3
uncomfortably,2.8,3,3
jobless,2.8,3,3
ghastliness,2.8,3,3
druggie,2.8,3,3
anaphylaxis,2.8,3,3
fractural,2.8,3,3
slapped,2.8,3,3
hyperirritable,2.8,3,3
ensnare,2.8,3,3
intrusiveness,2.8,3,3
worthlessness,2.8,3,3
excremental,2.8,3,3
anaphylactic,2.8,3,3
malefaction,2.8,3,3
conscienceless,2.8,3,3
satanically,2.8,3,3
severe,2.8,3,3
conflagration,2.8,3,3
worstfeeling,2.8,3,3
contortedly,2.8,3,3
lascivious,2.8,3,3
dickhead,2.8,3,3
atrociousness,2.8,3,3
catastrophic,2.8,3,3
convulsive,2.8,3,3
knifeman,2.8,3,3
waspishly,2.8,3,3
heckler,2.8,3,3
wrenching,2.8,3,3
depression,2.8,3,3
malignantly,2.8,3,3
anthrax,2.79,3,3
horrify,2.79,3,3
murderer,2.79,3,3
paranoia,2.78,3,3
sadism,2.78,3,3
impotence,2.78,3,3
matricidal,2.78,3,3
violently,2.78,3,3
scariest,2.78,3,3
molested,2.78,3,3
horrific,2.78,3,3
terrifying,2.78,3,3
leprous,2.78,3,3
psychoses,2.78,3,3
decapitator,2.78,3,3
gruesomely,2.77,3,3
anguish,2.76,3,3
annihilate,2.76,3,3
acrophobia,2.75,3,3
tyrannize,2.75,3,3
heinousness,2.75,3,3
pustule,2.75,3,3
bloodletting,2.75,3,3
crackhead,2.75,3,3
segregationist,2.75,3,3
seizure,2.75,3,3
hydrophobia,2.75,3,3
nihilistic,2.75,3,3
forcedly,2.75,3,3
murderously,2.75,3,3
straitjacket,2.75,3,3
antitheism,2.75,3,3
deviously,2.75,3,3
straightjacket,2.75,3,3
boogeyman,2.75,3,3
epilepsy,2.75,3,3
crippling,2.75,3,3
arteriolosclerosis,2.75,3,3
dread,2.75,3,3
irrepressibleness,2.75,3,3
intimidation,2.75,3,3
disgracefulness,2.75,3,3
defloration,2.75,3,3
unendurable,2.75,3,3
makesmemad,2.75,3,3
alzheimer,2.75,3,3
deathblow,2.75,3,3
gunfire,2.75,3,3
tornado,2.75,3,3
foreboder,2.75,3,3
convulsiveness,2.75,3,3
unmentionable,2.75,3,3
wretchedness,2.75,3,3
torturous,2.75,3,3
overhunt,2.75,3,3
assassinate,2.74,3,3
calamity,2.73,3,3
hopelessness,2.73,3,3
terrorist,2.73,3,3
cruelty,2.73,3,3
childloss,2.73,3,3
assassin,2.73,3,3
seasickness,2.73,3,3
castrator,2.73,3,3
masochistic,2.71,3,3
madness,2.71,3,3
thuggery,2.71,3,3
suffocated,2.71,3,3
toomuchtodo,2.71,3,3
uncomforting,2.71,3,3
abhorrence,2.71,3,3
traitorous,2.71,3,3
penitentiary,2.71,3,3
selfharm,2.71,3,3
vengefulness,2.71,3,3
abominably,2.71,3,3
hypoxia,2.71,3,3
abducted,2.71,3,3
hemorrhage,2.71,3,3
insaneness,2.71,3,3
soannoyed,2.71,3,3
robbery,2.71,3,3
gruesomeness,2.71,3,3
hyperthyroidism,2.71,3,3
exasperated,2.71,3,3
draconically,2.71,3,3
hateeee,2.71,3,3
apocalyptical,2.71,3,3
flagellation,2.71,3,3
despot,2.71,3,3
exterminate,2.71,3,3
claustrophobic,2.71,3,3
feloniously,2.71,3,3
slain,2.71,3,3
repugnancy,2.71,3,3
putrefied,2.71,3,3
angst,2.71,3,3
wraithlike,2.71,3,3
horror,2.71,3,3
desolate,2.71,3,3
cadaverous,2.71,3,3
felonious,2.71,3,3
ruination,2.71,3,3
villainy,2.71,3,3
robbed,2.7,3,3
wildfire,2.7,3,3
calamitous,2.7,3,3
paralytic,2.7,3,3
apoplectic,2.7,3,3
torturer,2.7,3,3
repugnant,2.7,3,3
ravager,2.7,3,3
abyss,2.7,3,3
untrustworthiness,2.7,3,3
bomb,2.69,3,3
electrocute,2.69,3,3
pestilence,2.69,3,3
slaughter,2.68,3,3
repercussions,2.67,3,3
aftershock,2.67,3,3
riotousness,2.67,3,3
advertiser,2.67,3,3
yeller,2.67,3,3
heartbreak,2.67,3,3
disrupt,2.67,3,3
bearbaiting,2.67,3,3
leggy,2.67,3,3
teamjesus,2.67,3,3
crossfire,2.67,3,3
dogfight,2.67,3,3
sadistic,2.67,3,3
dildo,2.67,3,3
bombsite,2.67,3,3
hyperventilation,2.67,3,3
asshole,2.67,3,3
hellishness,2.67,3,3
heartlessness,2.67,3,3
makesmehappy,2.67,3,3
defenselessness,2.67,3,3
obliterator,2.67,3,3
trapdoor,2.67,3,3
cavalryman,2.67,3,3
skinning,2.67,3,3
unappeased,2.67,3,3
nervouswreck,2.67,3,3
ranting,2.67,3,3
acrimoniously,2.67,3,3
misogynist,2.67,3,3
vilely,2.67,3,3
scarily,2.67,3,3
atrocities,2.67,3,3
gutlessness,2.67,3,3
yikes,2.67,3,3
nonsuccess,2.67,3,3
gunplay,2.67,3,3
quicksand,2.67,3,3
dreadful,2.67,3,3
nigger,2.67,3,3
gunpoint,2.67,3,3
crummiest,2.67,3,3
deranged,2.67,3,3
megaton,2.67,3,3
weirdly,2.67,3,3
lethal,2.67,3,3
vampirism,2.67,3,3
necrophilia,2.67,3,3
bereave,2.67,3,3
snobbish,2.67,3,3
antisemitism,2.67,3,3
emaciation,2.67,3,3
schizophrenia,2.67,3,3
harasser,2.67,3,3
warmonger,2.67,3,3
batterer,2.67,3,3
shellshock,2.67,3,3
implode,2.67,3,3
frightfulness,2.67,3,3
cyberbullying,2.67,3,3
bitchiness,2.67,3,3
toothache,2.67,3,3
stabbing,2.67,3,3
incompetence,2.67,3,3
scariness,2.67,3,3
eyeless,2.67,3,3
miscarry,2.67,3,3
daredevil,2.67,3,3
incurability,2.67,3,3
fervidly,2.67,3,3
doom,2.67,3,3
pathogenic,2.67,3,3
maltreat,2.67,3,3
topless,2.67,3,3
cannibalism,2.67,3,3
nitroglycerin,2.67,3,3
scarier,2.67,3,3
unprintable,2.67,3,3
agitatedly,2.67,3,3
oppressed,2.67,3,3
viscerally,2.67,3,3
incarcerated,2.67,3,3
disbarment,2.67,3,3
unsupportable,2.67,3,3
deceit,2.67,3,3
insatiable,2.67,3,3
imprisoned,2.67,3,3
amputation,2.67,3,3
antipathetically,2.67,3,3
infarct,2.67,3,3
emblaze,2.67,3,3
malignant,2.67,3,3
baneful,2.67,3,3
toxin,2.67,3,3
afflictive,2.67,3,3
panicattack,2.67,3,3
skyrocket,2.67,3,3
micromanipulation,2.67,3,3
bloodshot,2.67,3,3
uproot,2.67,3,3
fuck,2.67,3,3
hostilely,2.67,3,3
slammer,2.67,3,3
electrocution,2.67,3,3
bastardly,2.67,3,3
vivisectionist,2.67,3,3
distressfully,2.67,3,3
sinisterly,2.67,3,3
bilious,2.67,3,3
werewolf,2.67,3,3
plunderer,2.67,3,3
aerophobia,2.67,3,3
zoophobia,2.67,3,3
persecuted,2.67,3,3
cannibal,2.67,3,3
defenselessly,2.67,3,3
fucker,2.67,3,3
intolerably,2.67,3,3
totalitarian,2.67,3,3
lynch,2.67,3,3
vivisection,2.67,3,3
pow,2.67,3,3
malignance,2.67,3,3
ghastly,2.67,3,3
repulsive,2.67,3,3
murderousness,2.67,3,3
implosion,2.67,3,3
frightened,2.66,3,3
lymphoma,2.64,3,3
danger,2.64,3,3
backstab,2.64,3,3
bedlam,2.64,3,3
horridness,2.64,3,3
twat,2.64,3,3
insupportable,2.62,3,3
fearsomely,2.62,3,3
suffocating,2.62,3,3
airsickness,2.62,3,3
maim,2.62,3,3
enrage,2.62,3,3
psychopathic,2.62,3,3
incestuous,2.62,3,3
extortion,2.62,3,3
venom,2.62,3,3
despotism,2.62,3,3
rampancy,2.62,3,3
atrociously,2.62,3,3
bloodcurdling,2.62,3,3
cancerous,2.62,3,3
cunt,2.62,3,3
frantically,2.62,3,3
vendetta,2.62,3,3
appalling,2.62,3,3
castrate,2.62,3,3
twitching,2.62,3,3
warhead,2.62,3,3
meltdown,2.62,3,3
scary,2.62,3,3
irate,2.62,3,3
xenophobic,2.62,3,3
arthrosclerosis,2.62,3,3
bloodbath,2.62,3,3
antievolution,2.62,3,3
haunted,2.62,3,3
appalled,2.62,3,3
disturbing,2.62,3,3
poltergeist,2.62,3,3
grieve,2.62,3,3
maniac,2.62,3,3
wrath,2.62,3,3
assaulter,2.62,3,3
purgatory,2.62,3,3
fearfulness,2.61,3,3
hellish,2.61,3,3
fright,2.61,3,3
inhumanity,2.61,3,3
woozy,2.6,3,3
dreadfulness,2.6,3,3
chainsaw,2.6,3,3
infeasibility,2.6,3,3
aghast,2.6,3,3
evisceration,2.6,3,3
abasement,2.6,3,3
concussion,2.6,3,3
revolutionist,2.6,3,3
assassinator,2.6,3,3
manhunt,2.6,3,3
overstimulation,2.6,3,3
impolitely,2.6,3,3
carjack,2.6,3,3
pseudoscientific,2.6,3,3
sunstroke,2.6,3,3
larvae,2.6,3,3
dontmesswithme,2.6,3,3
hollowness,2.6,3,3
effyou,2.6,3,3
hurtle,2.6,3,3
sickroom,2.6,3,3
werewolves,2.6,3,3
barroom,2.6,3,3
humiliated,2.6,3,3
catastrophe,2.6,3,3
nohope,2.6,3,3
fuckin,2.6,3,3
unsympathetically,2.6,3,3
adrenalin,2.6,3,3
unceremoniously,2.6,3,3
unnerve,2.6,3,3
ensnarer,2.6,3,3
unfriendliness,2.6,3,3
isolative,2.6,3,3
rabidity,2.6,3,3
heatwave,2.6,3,3
genitalia,2.6,3,3
psychopathy,2.6,3,3
wracking,2.6,3,3
apocalyptically,2.6,3,3
insatiableness,2.6,3,3
suspiciousness,2.6,3,3
serfdom,2.6,3,3
sabotaged,2.6,3,3
shirk,2.6,3,3
jerker,2.6,3,3
overconsumption,2.6,3,3
vitriol,2.6,3,3
fanatically,2.6,3,3
inopportune,2.6,3,3
vindication,2.6,3,3
deathlike,2.6,3,3
stillbirth,2.6,3,3
rabid,2.6,3,3
wretchedly,2.6,3,3
desolateness,2.6,3,3
ulcerated,2.6,3,3
dereliction,2.6,3,3
tempestuousness,2.6,3,3
catastrophically,2.6,3,3
fidgety,2.6,3,3
pariah,2.6,3,3
unexploded,2.6,3,3
godlessness,2.6,3,3
homicidally,2.6,3,3
boneshaker,2.6,3,3
corrosiveness,2.6,3,3
seismologist,2.6,3,3
behead,2.6,3,3
addictiveness,2.6,3,3
barbwire,2.6,3,3
mayday,2.6,3,3
ruffled,2.6,3,3
abhorring,2.6,3,3
inquisitionist,2.6,3,3
heil,2.6,3,3
phantasm,2.6,3,3
perniciousness,2.6,3,3
stranglehold,2.6,3,3
seasick,2.6,3,3
megalomaniac,2.6,3,3
unpalatable,2.6,3,3
epidural,2.6,3,3
waitinggame,2.6,3,3
forsakenness,2.6,3,3
lockjaw,2.6,3,3
neuroses,2.6,3,3
backbreaker,2.6,3,3
disorganize,2.6,3,3
addict,2.6,3,3
nightmares,2.6,3,3
afraid,2.59,3,3
insufferableness,2.58,3,3
appendicitis,2.58,3,3
enragement,2.58,3,3
intolerable,2.58,3,3
unconscionably,2.57,3,3
gentrification,2.57,3,3
heroine,2.57,3,3
paralyze,2.57,3,3
abomination,2.57,3,3
insanitary,2.57,3,3
prisonlike,2.57,3,3
crossness,2.57,3,3
helpless,2.57,3,3
whorish,2.57,3,3
bloodthirstiness,2.57,3,3
emetophobia,2.57,3,3
flogging,2.57,3,3
horrendously,2.57,3,3
jubilate,2.57,3,3
streetwalking,2.57,3,3
tragedies,2.57,3,3
hydrofluoric,2.57,3,3
sepsis,2.57,3,3
misogynous,2.57,3,3
ominously,2.57,3,3
foreveralone,2.57,3,3
monophobia,2.57,3,3
infester,2.57,3,3
agoraphobic,2.57,3,3
fundamentalist,2.57,3,3
ihatespiders,2.57,3,3
hijacker,2.57,3,3
blackheart,2.57,3,3
snowstorm,2.57,3,3
deathbed,2.57,3,3
unendurably,2.57,3,3
heathenism,2.57,3,3
ruinous,2.57,3,3
unthinkable,2.57,3,3
treason,2.57,3,3
assassinated,2.57,3,3
shiftily,2.57,3,3
cower,2.57,3,3
underperformance,2.57,3,3
bedbug,2.57,3,3
allegorical,2.57,3,3
misjudged,2.57,3,3
inconsolable,2.57,3,3
eviscerate,2.57,3,3
frightfully,2.57,3,3
fired,2.57,3,3
diabolicalness,2.57,3,3
fomo,2.57,3,3
subjugator,2.57,3,3
anorexia,2.57,3,3
heroin,2.57,3,3
misguidance,2.57,3,3
caustically,2.57,3,3
obscene,2.57,3,3
quadriplegic,2.57,3,3
infuriate,2.57,3,3
embalmment,2.56,3,3
viciously,2.56,3,3
stigmatization,2.56,3,3
suicidal,2.56,3,3
predation,2.56,3,3
obliterated,2.56,3,3
boogieman,2.56,3,3
shockingly,2.56,3,3
travesty,2.56,3,3
remorselessness,2.56,3,3
racism,2.56,3,3
tailspin,2.56,3,3
robber,2.56,3,3
painful,2.56,3,3
sadomasochist,2.56,3,3
cataclysmically,2.56,3,3
heinous,2.56,3,3
frenzy,2.56,3,3
insolvency,2.56,3,3
malevolency,2.56,3,3
distraught,2.56,3,3
unwholesome,2.56,3,3
detest,2.56,3,3
revulsion,2.56,3,3
disfigurer,2.56,3,3
hysteria,2.56,3,3
forsaken,2.56,3,3
explode,2.56,3,3
unsettle,2.56,3,3
discombobulate,2.56,3,3
hellfire,2.56,3,3
disgust,2.56,3,3
minefield,2.56,3,3
incapacitation,2.56,3,3
penalty,2.56,3,3
trauma,2.56,3,3
metastasis,2.56,3,3
frantic,2.56,3,3
bloodily,2.56,3,3
aneurism,2.56,3,3
bloodlust,2.55,3,3
earthquake,2.55,3,3
enslaved,2.55,3,3
starvation,2.55,3,3
frighten,2.54,3,3
knifepoint,2.54,3,3
anorexic,2.54,3,3
misogynic,2.54,3,3
diphtheria,2.54,3,3
murder,2.54,3,3
cancer,2.54,3,3
deadly,2.53,3,3
depresson,2.53,3,3
atrocious,2.53,3,3
murderess,2.53,3,3
endangered,2.53,3,3
insanity,2.51,3,3
disheartenment,2.5,3,3
unsterile,2.5,3,3
furious,2.5,3,3
overexcite,2.5,3,3
overwhelming,2.5,3,3
arrhythmia,2.5,3,3
deflowerer,2.5,3,3
fratricide,2.5,3,3
swindler,2.5,3,3
housebreaker,2.5,3,3
meningitis,2.5,3,3
incompetently,2.5,3,3
distressfulness,2.5,3,3
inhospitably,2.5,3,3
shaking,2.5,3,3
abased,2.5,3,3
tripwire,2.5,3,3
thumbscrew,2.5,3,3
insanely,2.5,3,3
shit,2.5,3,3
noxiousness,2.5,3,3
madwoman,2.5,3,3
fraudulent,2.5,3,3
euthanize,2.5,3,3
fatality,2.5,3,3
foolhardily,2.5,3,3
insupportably,2.5,3,3
earsplitting,2.5,3,3
tsunami,2.5,3,3
desperately,2.5,3,3
indictment,2.5,3,3
disturb,2.5,3,3
shitload,2.5,3,3
wacko,2.5,3,3
fuckup,2.5,3,3
embattle,2.5,3,3
dreadfully,2.5,3,3
undernutrition,2.5,3,3
agitation,2.5,3,3
bratty,2.5,3,3
perniciously,2.5,3,3
extortive,2.5,3,3
napalm,2.5,3,3
stalker,2.5,3,3
ungovernably,2.5,3,3
oppressiveness,2.5,3,3
frightener,2.5,3,3
maniacally,2.5,3,3
frizz,2.5,3,3
intruder,2.5,3,3
captivity,2.5,3,3
poisoning,2.5,3,3
ruffian,2.5,3,3
terrorists,2.5,3,3
invalidation,2.5,3,3
uncontained,2.5,3,3
annihilator,2.5,3,3
spiders,2.5,3,3
harmfulness,2.5,3,3
wrongheadedness,2.5,3,3
disallowed,2.5,3,3
besetting,2.5,3,3
joylessness,2.5,3,3
abusive,2.5,3,3
psychoneurotic,2.5,3,3
pessimism,2.5,3,3
concussive,2.5,3,3
scare,2.5,3,3
nosedive,2.5,3,3
wounding,2.5,3,3
coldsweat,2.5,3,3
barf,2.5,3,3
cheat,2.5,3,3
overwhelmed,2.5,3,3
persecution,2.5,3,3
rioting,2.5,3,3
fatally,2.5,3,3
abjection,2.5,3,3
horridly,2.5,3,3
nauseate,2.5,3,3
defiler,2.5,3,3
quackery,2.5,3,3
sickness,2.5,3,3
crematorium,2.5,3,3
neurobiological,2.5,3,3
venomously,2.5,3,3
waiting,2.5,3,3
fear,2.5,3,3
thunderclap,2.5,3,3
rotting,2.5,3,3
unhinge,2.5,3,3
lobotomy,2.5,3,3
madman,2.5,3,3
liposuction,2.5,3,3
flog,2.5,3,3
machinegun,2.5,3,3
typhoon,2.5,3,3
imperilment,2.5,3,3
vasoconstriction,2.5,3,3
poisoned,2.5,3,3
endocarditis,2.5,3,3
eeeek,2.5,3,3
taboo,2.5,3,3
direness,2.5,3,3
defectiveness,2.5,3,3
obsessively,2.5,3,3
stressfully,2.5,3,3
fury,2.5,3,3
harrowing,2.5,3,3
impotently,2.5,3,3
traumatize,2.5,3,3
convulse,2.5,3,3
shithouse,2.5,3,3
expensively,2.5,3,3
belittle,2.5,3,3
infuriation,2.5,3,3
hostility,2.5,3,3
diabolism,2.5,3,3
hallucination,2.5,3,3
dreadnought,2.5,3,3
unflattering,2.5,3,3
unpredictable,2.5,3,3
malignity,2.5,3,3
abused,2.5,3,3
ordeal,2.49,2,3
explosive,2.48,2,3
horrid,2.48,2,3
bombed,2.47,2,2
tragedy,2.47,2,3
burglary,2.47,2,3
incendiary,2.47,2,3
dysentery,2.47,2,3
mercilessly,2.47,2,3
cadaver,2.47,2,3
raving,2.47,2,3
irreparability,2.46,2,3
infuriating,2.46,2,3
warfare,2.46,2,3
thrombosis,2.46,2,3
overwhelm,2.46,2,3
screaming,2.46,2,3
nuthouse,2.45,2,2
racialism,2.45,2,3
depressive,2.45,2,3
convulsion,2.45,2,3
malevolent,2.45,2,3
marooned,2.44,2,3
virulence,2.44,2,3
panicky,2.44,2,2
distrust,2.44,2,2
devastation,2.44,2,3
poisonously,2.44,2,3
sickening,2.44,2,3
starve,2.44,2,2
disappearance,2.44,2,2
confiscation,2.44,2,2
furiously,2.44,2,2
inhospitableness,2.44,2,3
hypertensive,2.44,2,3
chaos,2.44,2,3
safecracker,2.44,2,2
repugnantly,2.44,2,3
frostbite,2.44,2,2
homeless,2.44,2,3
enslave,2.44,2,3
restlessness,2.44,2,2
interrogation,2.44,2,3
scumbag,2.44,2,3
illicit,2.44,2,2
sabotage,2.44,2,3
kleptomania,2.44,2,2
worse,2.44,2,3
carcinoma,2.44,2,2
deceive,2.44,2,3
layoff,2.44,2,2
delirium,2.44,2,2
powerlessness,2.44,2,2
stab,2.44,2,3
melanoma,2.44,2,3
overthrow,2.44,2,3
depredation,2.44,2,3
carcinogen,2.44,2,2
maelstrom,2.44,2,2
hideousness,2.44,2,3
dismember,2.44,2,2
hideous,2.44,2,3
abuser,2.44,2,3
pitilessness,2.44,2,3
deathwatch,2.44,2,3
hostage,2.44,2,3
distortedly,2.44,2,3
stressful,2.44,2,2
afflict,2.44,2,3
petrify,2.44,2,3
injustice,2.44,2,2
deportation,2.44,2,2
impostor,2.44,2,3
tumour,2.44,2,2
cockroach,2.44,2,2
demolish,2.44,2,2
pillage,2.44,2,2
inconsolableness,2.43,2,3
abhorrent,2.43,2,3
hatefulness,2.43,2,3
abscond,2.43,2,3
leukemia,2.43,2,3
abandoner,2.43,2,3
bullied,2.43,2,2
electroshock,2.43,2,2
beastliness,2.43,2,2
unmerciful,2.43,2,2
slipped,2.43,2,3
asphyxiate,2.43,2,3
damnably,2.43,2,3
bloat,2.43,2,3
antihuman,2.43,2,3
inflammatorily,2.43,2,2
interfere,2.43,2,3
tears,2.43,2,3
despondence,2.43,2,2
abysmal,2.43,2,2
pussy,2.43,2,3
sepulcher,2.43,2,3
avalanche,2.43,2,3
militarization,2.43,2,2
phlebotomy,2.43,2,3
incoherently,2.43,2,3
scratchy,2.43,2,3
earful,2.43,2,3
imprisonment,2.43,2,2
junky,2.43,2,3
feared,2.43,2,3
destabilize,2.43,2,3
sweatshop,2.43,2,2
famine,2.43,2,3
vulnerable,2.43,2,2
macabre,2.43,2,3
frazzled,2.43,2,2
hypersensitiveness,2.43,2,3
cystoscopy,2.43,2,2
ulceration,2.43,2,2
barbed,2.43,2,3
exterminatory,2.43,2,3
tempest,2.43,2,2
ungraciousness,2.43,2,3
despondent,2.42,2,3
sacrilege,2.42,2,3
biohazard,2.42,2,3
devastator,2.42,2,3
nightmare,2.42,2,3
dangerous,2.41,2,2
despairing,2.41,2,3
incest,2.41,2,3
collapse,2.41,2,3
hostile,2.41,2,3
startle,2.4,2,2
hooligan,2.4,2,2
pillager,2.4,2,2
pugnaciously,2.4,2,2
prison,2.4,2,3
whipped,2.4,2,3
reshipment,2.4,2,2
sostressed,2.4,2,2
crawlspace,2.4,2,3
inconceivability,2.4,2,3
squeal,2.4,2,3
yappy,2.4,2,3
unappeasable,2.4,2,2
unmanaged,2.4,2,3
hallucinatory,2.4,2,3
bribery,2.4,2,3
irritated,2.4,2,2
lethally,2.4,2,2
repugnance,2.4,2,3
disobeyer,2.4,2,3
crushing,2.4,2,2
eeek,2.4,2,2
hemodialysis,2.4,2,3
annihilated,2.4,2,3
devastated,2.4,2,3
embezzle,2.4,2,2
hurtfully,2.4,2,3
paperwork,2.4,2,3
helplessness,2.4,2,3
ghostly,2.4,2,3
duress,2.4,2,2
depressiveness,2.4,2,2
fraud,2.4,2,3
airsick,2.4,2,2
tumultuously,2.4,2,2
malignancy,2.4,2,3
devastating,2.4,2,2
tweaker,2.4,2,2
intimidating,2.4,2,2
ravage,2.4,2,2
burglarize,2.4,2,2
unholy,2.4,2,3
hunting,2.4,2,3
burglar,2.4,2,2
terribly,2.4,2,3
traumatism,2.4,2,2
twister,2.4,2,3
tyrannical,2.4,2,2
brainwash,2.4,2,2
faker,2.4,2,2
demolisher,2.4,2,3
foolhardiness,2.4,2,2
revile,2.4,2,2
unwell,2.4,2,2
screech,2.4,2,2
unaffordable,2.4,2,3
breathlessly,2.4,2,3
flincher,2.4,2,3
sullenly,2.4,2,3
flashpoint,2.4,2,3
waylay,2.4,2,2
volcanic,2.4,2,2
queasily,2.4,2,3
persecutory,2.4,2,2
dreading,2.4,2,2
unharmonious,2.4,2,3
insurrection,2.4,2,3
knifelike,2.4,2,2
treacherousness,2.4,2,3
overregulation,2.4,2,2
oppressively,2.4,2,2
franticly,2.4,2,3
nightmarish,2.4,2,2
shelling,2.4,2,2
havoc,2.4,2,3
socialanxiety,2.4,2,3
encephalitis,2.4,2,3
coerciveness,2.4,2,3
criminality,2.4,2,3
tumbled,2.4,2,3
lurid,2.4,2,3
cokehead,2.4,2,3
misgovern,2.4,2,3
inconsolability,2.4,2,3
derailment,2.4,2,3
oppression,2.4,2,3
manic,2.4,2,2
warzone,2.4,2,2
slanderer,2.4,2,3
psychopath,2.4,2,2
ingrown,2.4,2,2
massacre,2.39,2,3
dreaded,2.38,2,2
indefensible,2.38,2,3
freak,2.38,2,3
inflammable,2.38,2,3
foreboding,2.38,2,3
destructive,2.38,2,3
cholera,2.38,2,3
accusation,2.38,2,3
breathless,2.38,2,3
invalidator,2.38,2,3
wantonness,2.38,2,3
craps,2.38,2,3
crazily,2.38,2,3
phobia,2.38,2,2
pandemic,2.38,2,2
hyperinflation,2.38,2,2
omgomgomg,2.38,2,3
inflamed,2.38,2,3
steal,2.38,2,3
maniacal,2.38,2,2
heinously,2.38,2,2
despair,2.38,2,3
asap,2.38,2,3
slaughtering,2.38,2,2
revolting,2.38,2,2
barbaric,2.38,2,3
succubus,2.38,2,3
totalitarianism,2.38,2,3
thievishness,2.38,2,3
offense,2.38,2,3
odious,2.38,2,3
clandestine,2.38,2,3
embitterment,2.38,2,3
flamethrower,2.38,2,2
pitilessly,2.38,2,3
insecurity,2.38,2,2
defilement,2.38,2,2
disinformation,2.38,2,3
infest,2.38,2,2
agitated,2.38,2,2
infectious,2.38,2,3
neurotoxin,2.38,2,3
intense,2.38,2,2
alarmed,2.38,2,3
brushfire,2.38,2,2
smallpox,2.38,2,3
pissingmeoff,2.38,2,3
demolishment,2.38,2,3
shocked,2.38,2,3
demonize,2.38,2,3
turbulently,2.38,2,2
impotency,2.38,2,3
premonition,2.38,2,3
imprison,2.38,2,2
dementia,2.38,2,3
psychoneurosis,2.38,2,3
belligerence,2.38,2,2
spiteful,2.38,2,2
frowner,2.38,2,3
fiasco,2.38,2,2
detonate,2.38,2,2
interrogated,2.38,2,3
cacophonic,2.36,2,3
upsetting,2.36,2,2
alarmist,2.36,2,3
pernicious,2.36,2,3
starving,2.35,2,3
evil,2.35,2,3
torment,2.35,2,3
bombardment,2.35,2,2
hating,2.35,2,3
nefarious,2.34,2,2
invader,2.34,2,3
diarrhoea,2.34,2,3
sleeplessness,2.34,2,2
traumatically,2.33,2,2
joblessness,2.33,2,3
monstrously,2.33,2,3
monstrosity,2.33,2,2
obsessional,2.33,2,3
coercion,2.33,2,3
diseased,2.33,2,3
infatuatedly,2.33,2,3
overbearing,2.33,2,3
militarize,2.33,2,3
belittled,2.33,2,3
threat,2.33,2,3
embarrassment,2.33,2,3
incontinence,2.33,2,3
nutter,2.33,2,3
overtime,2.33,2,3
masks,2.33,2,3
hurtfulness,2.33,2,3
writhe,2.33,2,2
explosion,2.33,2,2
psychotic,2.33,2,2
injury,2.33,2,2
emphysema,2.33,2,3
disrespectfulness,2.33,2,3
deserter,2.33,2,2
bloodthirstily,2.33,2,3
spastically,2.33,2,3
dangerously,2.33,2,3
ferociousness,2.33,2,2
critic,2.33,2,3
intoxicated,2.33,2,3
phallic,2.33,2,3
admonish,2.33,2,3
vengeance,2.33,2,3
homophobic,2.33,2,2
hallucinating,2.33,2,2
megalomania,2.33,2,2
stonehearted,2.33,2,3
smithereens,2.33,2,3
insane,2.33,2,2
junkie,2.33,2,3
condemnation,2.33,2,3
stomachache,2.33,2,2
exhilarating,2.33,2,2
submergence,2.33,2,3
troubles,2.33,2,3
blitzkrieg,2.33,2,3
mistrustful,2.33,2,3
belligerently,2.33,2,2
derisive,2.33,2,3
blaspheme,2.33,2,3
heartbreaking,2.33,2,3
sexualize,2.33,2,3
debilitating,2.33,2,2
unredeemable,2.33,2,2
altercation,2.33,2,2
irksomeness,2.33,2,3
pollution,2.33,2,2
nauseating,2.33,2,2
frenzied,2.33,2,2
hospital,2.33,2,3
awful,2.33,2,2
tormentor,2.33,2,2
angry,2.33,2,2
distrustfulness,2.33,2,3
preposterous,2.33,2,3
assailment,2.33,2,2
predatory,2.33,2,2
intimidate,2.33,2,2
racist,2.33,2,2
sadistically,2.33,2,3
ogre,2.33,2,3
overreact,2.33,2,3
thrasher,2.33,2,3
goddamned,2.33,2,3
tinderbox,2.33,2,3
nausea,2.33,2,3
counterterrorism,2.33,2,3
colitis,2.33,2,2
treasonous,2.33,2,3
fail,2.33,2,2
apocalyptic,2.33,2,2
highjack,2.33,2,3
dementedness,2.33,2,3
obsceneness,2.33,2,3
thievery,2.33,2,2
authoritarianism,2.33,2,2
hysterically,2.33,2,3
anaconda,2.33,2,3
vaginitis,2.33,2,3
unwelcomed,2.33,2,3
suffering,2.33,2,2
detestable,2.33,2,2
perturb,2.33,2,3
squeamishly,2.33,2,3
threaten,2.33,2,2
blockheadedness,2.33,2,3
remilitarization,2.33,2,3
deathliness,2.33,2,3
tarantula,2.33,2,3
misconduct,2.33,2,3
incinerate,2.33,2,3
demolished,2.33,2,3
stabber,2.33,2,2
sicker,2.33,2,3
recession,2.33,2,2
moodily,2.33,2,3
suppository,2.33,2,3
thermonuclear,2.33,2,3
guiltily,2.33,2,3
gangland,2.33,2,2
intolerableness,2.33,2,3
fascist,2.33,2,3
retch,2.33,2,3
panic,2.33,2,3
punish,2.33,2,3
runaway,2.33,2,3
demolition,2.33,2,3
deplorable,2.33,2,2
extortionist,2.33,2,3
besieged,2.33,2,2
disinherit,2.33,2,3
endangerment,2.33,2,2
horrendous,2.33,2,3
frankenstorm,2.33,2,2
gangrenous,2.33,2,3
oversexed,2.33,2,3
cursedly,2.33,2,3
chlamydia,2.33,2,2
hypomania,2.33,2,3
heist,2.33,2,2
colonoscopy,2.33,2,2
banefully,2.33,2,3
unnerved,2.33,2,3
wtf,2.33,2,2
hissy,2.33,2,3
acrimoniousness,2.33,2,3
hateeveryone,2.33,2,2
debauchery,2.33,2,3
unleash,2.33,2,3
blight,2.33,2,3
trampler,2.33,2,2
ultraconservatism,2.33,2,3
unmercifully,2.33,2,2
inquisition,2.33,2,2
defenseless,2.31,2,3
viperous,2.31,2,3
crackdown,2.31,2,2
ruinously,2.31,2,3
assailer,2.31,2,2
tyrannous,2.31,2,2
abominable,2.31,2,3
merciless,2.31,2,3
emergency,2.3,2,2
harmful,2.3,2,2
defraud,2.3,2,2
gunmen,2.3,2,2
rattlesnake,2.3,2,2
insurrectionism,2.3,2,3
distressed,2.3,2,2
slaveholder,2.3,2,2
disheartening,2.3,2,2
doomful,2.3,2,2
nervousness,2.3,2,3
aggravates,2.3,2,2
perplexing,2.3,2,2
debilitative,2.3,2,3
tempestuously,2.3,2,2
blackmail,2.3,2,2
oppressive,2.3,2,2
destroyed,2.3,2,2
infection,2.3,2,2
miscarriage,2.3,2,3
ouch,2.3,2,3
persecute,2.3,2,2
worrisome,2.3,2,2
botched,2.3,2,3
exacerbate,2.3,2,3
stutter,2.3,2,3
threatened,2.3,2,2
pieceofshit,2.3,2,3
hernia,2.3,2,3
rage,2.3,2,2
succumb,2.3,2,3
dismally,2.29,2,3
lockdown,2.29,2,3
luridness,2.29,2,3
insufferably,2.29,2,3
demonic,2.29,2,3
overanxiously,2.29,2,3
photophobia,2.29,2,2
disadvantageous,2.29,2,3
overthinking,2.29,2,2
blackmailer,2.29,2,2
heartbrokenness,2.29,2,3
incomprehensibility,2.29,2,3
misery,2.29,2,3
vile,2.29,2,2
cocaine,2.29,2,3
paranoid,2.29,2,2
repelling,2.29,2,3
insurgency,2.29,2,3
caustic,2.29,2,3
impossible,2.29,2,3
mastectomy,2.29,2,2
worrier,2.29,2,2
cruelness,2.29,2,3
smarmy,2.29,2,3
hijack,2.29,2,2
cackler,2.29,2,3
safecracking,2.29,2,3
sexploitation,2.29,2,3
henpeck,2.29,2,3
jailer,2.29,2,3
ferociously,2.29,2,3
insurmountable,2.29,2,3
defibrillation,2.29,2,3
infuriates,2.29,2,2
imminently,2.29,2,3
crises,2.29,2,2
apprehensive,2.29,2,2
criminalization,2.29,2,3
shrivel,2.29,2,3
derangement,2.29,2,3
dejected,2.29,2,2
pervert,2.29,2,3
trembling,2.29,2,2
trapped,2.29,2,2
inharmoniousness,2.29,2,3
peril,2.29,2,2
chemotherapy,2.29,2,2
tumultuous,2.29,2,2
petrified,2.29,2,3
dictator,2.29,2,2
demon,2.29,2,2
pain,2.29,2,3
slut,2.29,2,3
lunacy,2.28,2,3
disreputableness,2.27,2,3
incarceration,2.27,2,2
unspeakable,2.27,2,3
stealing,2.27,2,2
gallows,2.27,2,3
violence,2.26,2,3
shattered,2.26,2,3
sinister,2.26,2,2
distressing,2.25,2,2
arsonist,2.25,2,2
rabble,2.25,2,3
muggers,2.25,2,2
wrong,2.25,2,3
whiplash,2.25,2,2
hypercriticism,2.25,2,2
excited,2.25,2,2
sensationalize,2.25,2,3
outburst,2.25,2,2
liability,2.25,2,3
breathlessness,2.25,2,2
whore,2.25,2,3
alarmism,2.25,2,2
pus,2.25,2,2
loss,2.25,2,3
hypochondriac,2.25,2,3
breakneck,2.25,2,2
conflagrant,2.25,2,2
anxiousness,2.25,2,2
hazardous,2.25,2,2
riotously,2.25,2,3
shattering,2.25,2,2
embezzler,2.25,2,2
unsecure,2.25,2,2
foreclose,2.25,2,2
frazzle,2.25,2,2
doomsayer,2.25,2,2
accursed,2.25,2,2
invasion,2.25,2,2
suspense,2.25,2,2
stormy,2.25,2,2
drench,2.25,2,3
warty,2.25,2,3
inescapable,2.25,2,3
mob,2.25,2,3
lawbreaker,2.25,2,2
hypochondriacally,2.25,2,3
grenade,2.25,2,2
incarcerate,2.25,2,2
shittest,2.25,2,3
dishonorably,2.25,2,2
tension,2.25,2,2
torture,2.25,2,3
deleterious,2.25,2,3
maladaptive,2.25,2,3
snappishness,2.25,2,3
pertussis,2.25,2,2
underpay,2.25,2,3
treachery,2.25,2,2
unacceptability,2.25,2,3
hypochondria,2.25,2,3
warlike,2.25,2,3
booziness,2.25,2,3
shambles,2.25,2,2
assail,2.25,2,2
overexposure,2.25,2,3
consternation,2.25,2,2
unappeasably,2.25,2,2
shooting,2.25,2,2
angrily,2.25,2,2
motherfucker,2.25,2,2
scalding,2.25,2,3
plague,2.25,2,2
veryangry,2.25,2,3
sinking,2.25,2,3
telemarketer,2.25,2,2
frightful,2.25,2,3
dwarfed,2.25,2,3
eek,2.25,2,3
freakedout,2.25,2,2
pyromania,2.25,2,3
mania,2.24,2,3
brokenheart,2.24,2,3
hysterical,2.24,2,2
agonizing,2.23,2,3
grievously,2.23,2,3
obnoxiousness,2.23,2,2
dehumanize,2.23,2,2
crisis,2.23,2,3
debilitate,2.23,2,2
shuddering,2.23,2,2
overstress,2.23,2,2
depressively,2.23,2,3
insufferable,2.23,2,2
stressor,2.23,2,2
grandiosity,2.22,2,2
dysphoria,2.22,2,2
barbarian,2.22,2,3
bloodsucking,2.22,2,2
unfair,2.22,2,3
excitedly,2.22,2,2
espionage,2.22,2,2
remorseless,2.22,2,3
ambush,2.22,2,3
fucksake,2.22,2,2
unseaworthy,2.22,2,2
overpower,2.22,2,2
gash,2.22,2,3
disapproving,2.22,2,3
ominous,2.22,2,2
miserable,2.22,2,2
incurable,2.22,2,3
vindictive,2.22,2,2
neurofibromatosis,2.22,2,3
crazed,2.22,2,3
violent,2.22,2,3
surgery,2.22,2,2
unimaginable,2.22,2,3
noxious,2.22,2,2
devious,2.22,2,2
clamorously,2.22,2,3
dismal,2.22,2,2
unbelievable,2.22,2,3
invade,2.22,2,2
extremism,2.22,2,2
narcotic,2.22,2,2
decimation,2.22,2,2
speeding,2.22,2,3
pornographically,2.22,2,3
foreplay,2.22,2,3
flustered,2.22,2,2
desertion,2.22,2,2
armaments,2.22,2,2
avoid,2.22,2,3
stress,2.22,2,2
tardiness,2.22,2,3
depressed,2.22,2,3
devil,2.22,2,2
immoderate,2.22,2,3
irrepairable,2.22,2,2
profaner,2.22,2,3
inopportuneness,2.22,2,3
tyrant,2.22,2,2
lewdness,2.22,2,2
inhumane,2.22,2,2
pugnacious,2.22,2,3
heartlessly,2.22,2,2
precipice,2.22,2,2
debilitated,2.22,2,2
sting,2.22,2,3
gangrene,2.22,2,2
anxiety,2.22,2,2
frenetically,2.22,2,2
ruthlessness,2.22,2,3
crematory,2.22,2,3
exorcist,2.22,2,3
quake,2.22,2,2
constrictive,2.22,2,3
assault,2.22,2,3
eczema,2.22,2,3
slander,2.22,2,2
malaise,2.22,2,3
forebode,2.22,2,3
blasphemy,2.22,2,3
striptease,2.22,2,3
immobilization,2.22,2,2
incite,2.22,2,2
cemetery,2.22,2,3
destructively,2.22,2,2
livid,2.22,2,2
fibrillation,2.22,2,3
turbulent,2.22,2,2
villainous,2.22,2,3
exasperate,2.21,2,2
lecherousness,2.2,2,3
wildly,2.2,2,2
blamefully,2.2,2,3
terribleness,2.2,2,3
ghoulish,2.2,2,2
tumult,2.2,2,2
fireworks,2.2,2,2
exploded,2.2,2,2
troublesome,2.2,2,3
carsickness,2.2,2,3
freakishness,2.2,2,3
lifesucks,2.2,2,3
bullet,2.2,2,2
destruction,2.2,2,2
pennilessness,2.2,2,3
unspeakably,2.2,2,3
inflammatory,2.2,2,2
coffin,2.2,2,3
anguished,2.2,2,3
sop,2.2,2,3
palpitation,2.2,2,2
theft,2.2,2,2
vandalize,2.2,2,2
bronchopneumonia,2.2,2,2
swamp,2.2,2,3
disastrously,2.2,2,2
stripteaser,2.2,2,3
solicitude,2.2,2,3
overfeed,2.2,2,3
despondency,2.2,2,3
onslaught,2.2,2,2
subterfuge,2.2,2,2
skanky,2.2,2,3
encroach,2.2,2,3
disfiguration,2.2,2,3
damnation,2.2,2,3
robberies,2.2,2,3
explosions,2.2,2,2
cravenness,2.2,2,2
outrageousness,2.2,2,3
obsessing,2.2,2,2
microgroove,2.2,2,3
childishness,2.2,2,3
unsafeguarded,2.2,2,2
unmanageable,2.2,2,2
imposter,2.2,2,3
unwholesomeness,2.2,2,2
yowl,2.2,2,3
ferocious,2.2,2,2
woebegone,2.2,2,3
enslaver,2.2,2,3
terrorism,2.2,2,3
victimized,2.2,2,2
deceiving,2.2,2,3
ocd,2.2,2,2
motherfucking,2.2,2,2
unwanted,2.2,2,3
thuggish,2.2,2,2
doomsday,2.2,2,3
despicably,2.2,2,3
feverish,2.2,2,2
xenophobia,2.2,2,3
overpowering,2.2,2,2
infamy,2.2,2,2
swarming,2.2,2,3
caesarean,2.2,2,3
missile,2.2,2,3
bugging,2.2,2,2
irately,2.2,2,3
irresolvable,2.2,2,2
deplorableness,2.2,2,2
awkward,2.2,2,3
enema,2.2,2,3
depressurization,2.2,2,2
spiked,2.2,2,3
prostitution,2.2,2,2
spitefully,2.2,2,3
hideously,2.2,2,2
catheterization,2.2,2,2
misogynistic,2.2,2,2
dystopian,2.2,2,2
epidemic,2.19,2,2
saddest,2.19,2,2
hitman,2.19,2,2
depressing,2.19,2,2
abhor,2.19,2,3
incarcerator,2.18,2,2
degrader,2.18,2,2
gunman,2.18,2,2
hemorrhagic,2.18,2,2
skittishly,2.18,2,2
biggestfear,2.18,2,2
disastrous,2.18,2,3
pyre,2.18,2,3
unscrupulousness,2.17,2,2
agitate,2.17,2,2
shitty,2.17,2,2
catheterize,2.17,2,2
humiliate,2.17,2,2
heartsick,2.17,2,2
technophobe,2.17,2,2
decimator,2.17,2,2
machinate,2.17,2,2
futureless,2.17,2,2
blizzard,2.17,2,2
conniving,2.17,2,2
airstrike,2.17,2,2
curdled,2.17,2,2
villainously,2.17,2,3
incalculable,2.17,2,3
freakout,2.17,2,2
hurricanes,2.17,2,2
pathologic,2.17,2,2
incontrollable,2.17,2,2
unmanageably,2.17,2,2
killing,2.17,2,3
radicalization,2.17,2,2
detestation,2.17,2,2
melancholia,2.17,2,3
draining,2.17,2,2
epinephrine,2.17,2,2
needles,2.17,2,2
baleful,2.17,2,2
incapacitate,2.17,2,2
mutilation,2.17,2,3
negativity,2.17,2,2
betrayed,2.17,2,3
awfulness,2.17,2,3
colicky,2.17,2,2
dangerousness,2.17,2,2
startled,2.17,2,2
haughtily,2.17,2,3
intractability,2.17,2,2
attacker,2.17,2,2
hellhound,2.17,2,3
scarification,2.17,2,2
snakebite,2.17,2,2
riled,2.17,2,2
jitters,2.17,2,2
shitting,2.17,2,3
debilitation,2.17,2,2
upchuck,2.17,2,2
twofaced,2.17,2,2
backfire,2.17,2,2
maladjustment,2.17,2,3
relentless,2.17,2,2
cliffhanger,2.17,2,3
emaciate,2.17,2,3
invaded,2.17,2,2
holler,2.17,2,3
clamorer,2.17,2,3
exacerbation,2.16,2,2
poisonous,2.16,2,3
vertigo,2.16,2,2
mutilated,2.16,2,3
stfu,2.15,2,3
tendinitis,2.15,2,2
harm,2.15,2,2
repulsion,2.15,2,3
weep,2.14,2,2
spinelessness,2.14,2,3
skinhead,2.14,2,2
woefulness,2.14,2,2
intubation,2.14,2,2
affliction,2.14,2,2
rushing,2.14,2,2
fiesty,2.14,2,3
flabbergasted,2.14,2,3
insomnia,2.14,2,2
cataclysm,2.14,2,2
grieved,2.14,2,2
crowds,2.14,2,3
sandstorm,2.14,2,2
skullduggery,2.14,2,2
destituteness,2.14,2,2
unseemliness,2.14,2,3
knots,2.14,2,3
overdrawn,2.14,2,3
abyssal,2.14,2,3
mugger,2.14,2,2
subprime,2.14,2,2
carnage,2.13,2,3
disgusting,2.13,2,2
subhuman,2.13,2,3
paralysis,2.13,2,3
upskirt,2.13,2,3
chaotic,2.13,2,2
arson,2.13,2,3
rejection,2.12,2,2
vulgar,2.12,2,3
felony,2.12,2,2
sorrow,2.12,2,2
salmonella,2.12,2,3
unstableness,2.12,2,3
battlefield,2.12,2,2
wrathfully,2.12,2,2
abuse,2.12,2,2
distressful,2.12,2,2
howl,2.12,2,3
nervous,2.12,2,2
fornicate,2.12,2,3
hectic,2.12,2,2
dissension,2.12,2,3
mistreatment,2.12,2,2
viciousness,2.12,2,2
neurosurgery,2.12,2,2
ohgod,2.12,2,3
eviction,2.12,2,2
bewitchery,2.12,2,3
seismic,2.12,2,3
woe,2.12,2,3
asp,2.12,2,3
dicey,2.12,2,3
investigate,2.12,2,3
disconcert,2.12,2,2
endanger,2.12,2,2
injure,2.12,2,2
gobsmacked,2.12,2,2
agressive,2.12,2,2
exultancy,2.12,2,3
faintheartedness,2.12,2,3
insolvent,2.12,2,3
turbulence,2.12,2,2
loathing,2.12,2,3
ragetweet,2.12,2,2
ravenous,2.12,2,2
malaria,2.12,2,2
stressed,2.12,2,2
tumultuousness,2.12,2,2
badfeeling,2.12,2,3
disconcerting,2.12,2,2
detonated,2.11,2,2
maliciously,2.11,2,2
homelessness,2.11,2,2
humiliation,2.11,2,2
hurricane,2.11,2,2
shocking,2.11,2,2
drugged,2.11,2,2
profaneness,2.11,2,3
overburden,2.11,2,2
unsafe,2.11,2,2
specter,2.11,2,2
noisy,2.11,2,3
defective,2.11,2,3
oppress,2.11,2,2
jeopardy,2.11,2,2
megalomaniacal,2.11,2,2
victimization,2.11,2,2
jeopardize,2.11,2,2
mad,2.11,2,2
fucktard,2.11,2,3
restrict,2.11,2,3
distortedness,2.11,2,3
xenophobe,2.11,2,3
neurotoxic,2.11,2,2
freakily,2.11,2,3
hospitalized,2.11,2,2
foolhardy,2.11,2,2
adrenaline,2.11,2,2
disintegration,2.11,2,2
kinky,2.11,2,3
violated,2.11,2,2
venomous,2.11,2,2
shootout,2.11,2,2
rattled,2.11,2,2
tribulation,2.11,2,2
scaremonger,2.11,2,2
disharmony,2.11,2,2
grief,2.11,2,2
skydive,2.11,2,2
spew,2.11,2,2
untreatable,2.11,2,2
acrid,2.11,2,3
dumps,2.11,2,3
diabolical,2.11,2,3
contaminator,2.11,2,2
seethe,2.1,2,2
squall,2.1,2,2
impracticably,2.1,2,3
heatstroke,2.1,2,2
inauthentic,2.1,2,3
pornographic,2.1,2,2
bothering,2.1,2,3
colic,2.1,2,2
shakeup,2.1,2,3
anarchy,2.1,2,2
fume,2.1,2,2
tachycardia,2.1,2,2
menace,2.1,2,2
frenziedly,2.1,2,2
awry,2.1,2,2
epileptic,2.1,2,3
frustrated,2.1,2,2
wreak,2.1,2,2
bankruptcy,2.1,2,2
sweat,2.1,2,3
frustrating,2.1,2,2
repulsively,2.1,2,2
demoralizer,2.1,2,2
sickly,2.1,2,3
swelling,2.1,2,3
punitive,2.1,2,3
annihilation,2.09,2,3
besiege,2.09,2,2
death,2.09,2,3
encephalitic,2.09,2,3
unbearable,2.09,2,3
wrack,2.09,2,2
exasperation,2.08,2,2
carcinogenesis,2.08,2,3
disenfranchisement,2.08,2,2
handgun,2.08,2,2
noose,2.08,2,3
demoralize,2.08,2,2
fraudulently,2.08,2,2
necrotic,2.08,2,3
catatonic,2.08,2,3
spitefulness,2.08,2,2
irritating,2.07,2,2
abominate,2.07,2,2
outraged,2.07,2,2
flooding,2.07,2,2
eerie,2.07,2,2
refugee,2.07,2,2
heartrending,2.07,2,2
raging,2.07,2,2
hell,2.07,2,3
vomit,2.07,2,3
brutalization,2.07,2,2
forced,2.06,2,2
cruelly,2.06,2,2
engulf,2.06,2,3
humiliating,2.06,2,2
heartbroken,2.06,2,3
desolation,2.06,2,3
fainting,2.06,2,2
tense,2.06,2,2
frustrate,2.06,2,3
impeachment,2.06,2,2
mayhem,2.05,2,3
oppressor,2.04,2,2
murderous,2.03,2,3
vomiting,2.03,2,2
gonorrhea,2.01,2,2
drown,2.01,2,3
carjacker,2.0,2,2
angina,2.0,2,2
disconcertedly,2.0,2,2
wiretapping,2.0,2,2
pissed,2.0,2,2
fearsome,2.0,2,2
inundate,2.0,2,2
herpes,2.0,2,2
intrusive,2.0,2,2
insomniac,2.0,2,2
insurrectional,2.0,2,2
mugging,2.0,2,2
meddlesome,2.0,2,2
vandal,2.0,2,3
wailer,2.0,2,2
abject,2.0,2,3
upheaval,2.0,2,2
hotheadedness,2.0,2,2
blowup,2.0,2,3
moderateness,2.0,2,2
warpath,2.0,2,2
ecologist,2.0,2,2
desperate,2.0,2,2
antipathic,2.0,2,3
slaughterhouse,2.0,2,2
covid,2.0,2,2
childbirth,2.0,2,2
stresses,2.0,2,2
stupefied,2.0,2,2
seance,2.0,2,2
dysphoric,2.0,2,2
worst,2.0,2,2
malinger,2.0,2,2
devilry,2.0,2,2
subvert,2.0,2,2
denunciation,2.0,2,2
toxic,2.0,2,2
firefight,2.0,2,2
gunfighter,2.0,2,3
blasphemer,2.0,2,2
intestinally,2.0,2,2
disinterment,2.0,2,2
cesspit,2.0,2,3
unstrung,2.0,2,3
adversity,2.0,2,2
deceived,2.0,2,2
perilous,2.0,2,2
precarious,2.0,2,2
seething,2.0,2,2
agonize,2.0,2,2
infect,2.0,2,2
arraign,2.0,2,2
mope,2.0,2,2
chased,2.0,2,2
hyperirritability,2.0,2,2
electrochemical,2.0,2,2
implacability,2.0,2,3
alarm,2.0,2,2
fuming,2.0,2,2
urgent,2.0,2,2
perfectionistic,2.0,2,3
infliction,2.0,2,3
readapt,2.0,2,2
relent,2.0,2,2
tetanus,2.0,2,2
slumlord,2.0,2,2
punctured,2.0,2,3
shock,2.0,2,2
vicious,2.0,2,2
undermine,2.0,2,2
dumbly,2.0,2,2
grunter,2.0,2,2
impatiently,2.0,2,2
impatience,2.0,2,2
floppily,2.0,2,2
sackcloth,2.0,2,2
sneer,2.0,2,2
unpredictability,2.0,2,3
thievish,2.0,2,2
disgraced,2.0,2,2
insubordination,2.0,2,2
prejudiced,2.0,2,2
conjunctivitis,2.0,2,3
pressurize,2.0,2,2
cutthroat,2.0,2,2
wounded,2.0,2,2
desecrate,2.0,2,2
cureless,2.0,2,2
intrusively,2.0,2,2
stupefy,2.0,2,2
siege,2.0,2,3
malnourish,2.0,2,2
weeper,2.0,2,3
malicious,2.0,2,2
restive,2.0,2,3
torrential,2.0,2,2
interclass,2.0,2,2
backstabber,2.0,2,2
censure,2.0,2,3
fearsomeness,2.0,2,2
macho,2.0,2,3
uncomfortable,2.0,2,3
indigestion,2.0,2,2
mistreated,2.0,2,2
urgently,2.0,2,2
irreparable,2.0,2,2
frenetic,2.0,2,2
combatively,2.0,2,2
bulimia,2.0,2,2
ulcerate,2.0,2,2
disagreeable,2.0,2,2
saboteur,2.0,2,2
aggression,2.0,2,2
executioner,2.0,2,2
beating,2.0,2,2
resuscitation,2.0,2,2
hyperacidity,2.0,2,2
scrutinize,2.0,2,3
stampede,2.0,2,2
neurotoxicity,2.0,2,2
palsy,2.0,2,2
palpitate,2.0,2,2
schizophrenic,2.0,2,2
bedevil,2.0,2,2
incoherence,2.0,2,2
evilness,2.0,2,3
contaminate,2.0,2,2
mistrustfulness,2.0,2,2
rapids,2.0,2,2
stressin,2.0,2,2
satanic,2.0,2,2
senselessness,2.0,2,2
stressing,2.0,2,2
egomania,2.0,2,3
malady,2.0,2,2
scowl,2.0,2,3
scratchiness,2.0,2,3
brutalize,2.0,2,3
immobilize,2.0,2,2
catlike,2.0,2,2
assailant,2.0,2,2
inarticulateness,2.0,2,2
hurtful,2.0,2,2
unstable,2.0,2,2
furtiveness,2.0,2,2
allergies,2.0,2,2
repulsiveness,2.0,2,2
smashed,2.0,2,2
snakes,2.0,2,2
fanaticism,2.0,2,2
illness,2.0,2,2
hornet,2.0,2,2
heightened,2.0,2,2
tearfully,2.0,2,3
infestation,2.0,2,2
misinterpret,2.0,2,2
cremator,2.0,2,2
cowardly,2.0,2,2
redefine,2.0,2,2
hazardously,2.0,2,2
getoverit,2.0,2,2
grueling,2.0,2,2
impudently,2.0,2,2
burnout,2.0,2,2
vexed,2.0,2,2
excitement,2.0,2,2
chemo,2.0,2,2
hypothermia,2.0,2,2
ruptured,2.0,2,2
homesick,2.0,2,3
fearful,2.0,2,2
edgy,2.0,2,2
raze,2.0,2,2
tailgater,2.0,2,2
neurotically,2.0,2,2
warily,2.0,2,3
enflame,2.0,2,2
nefariousness,2.0,2,2
underinsured,2.0,2,2
bamboozled,2.0,2,2
treacherous,2.0,2,2
pander,2.0,2,2
outrage,2.0,2,3
cacophonous,2.0,2,3
meatpacking,2.0,2,2
prey,2.0,2,2
undernourishment,2.0,2,2
clammy,2.0,2,3
defame,2.0,2,2
neurosis,2.0,2,2
miserly,2.0,2,2
ruthless,2.0,2,3
angriest,2.0,2,3
frustrates,2.0,2,2
belligerent,2.0,2,2
fuckoff,2.0,2,3
headache,2.0,2,2
gastritis,2.0,2,2
gaunt,2.0,2,3
lawbreaking,2.0,2,2
dodgy,2.0,2,2
ruin,2.0,2,2
hypersensitive,2.0,2,2
smashup,2.0,2,2
entrustment,2.0,2,2
meteorically,2.0,2,2
engulfment,2.0,2,3
brokenhearted,2.0,2,2
antifeminism,2.0,2,2
churlishly,2.0,2,2
offensiveness,2.0,2,3
hyperactivity,2.0,2,2
misinformation,2.0,2,2
shaken,2.0,2,2
tremulousness,2.0,2,2
flick,2.0,2,2
powerbase,2.0,2,2
quivering,2.0,2,2
imperil,2.0,2,2
unhealthful,2.0,2,2
dismayed,2.0,2,2
preparedly,2.0,2,2
belittlement,2.0,2,2
infidelity,2.0,2,2
hoopla,2.0,2,2
overcautious,2.0,2,3
volatility,2.0,2,2
malware,2.0,2,2
harassing,2.0,2,2
hazmat,2.0,2,2
singe,2.0,2,2
downer,2.0,2,3
outflank,2.0,2,2
mammography,2.0,2,3
psychopathology,2.0,2,2
misadministration,2.0,2,2
ridiculed,2.0,2,2
raced,2.0,2,2
irrecoverably,2.0,2,3
prenuptial,2.0,2,2
necromancy,2.0,2,2
clanger,2.0,2,2
phobic,2.0,2,2
shatter,2.0,2,2
inebriated,2.0,2,2
harassment,2.0,2,2
bloodsucker,2.0,2,3
flunk,2.0,2,2
ungovernable,2.0,2,2
irritate,2.0,2,2
overanxious,2.0,2,2
pricker,2.0,2,2
imbalance,2.0,2,3
madden,2.0,2,2
unforeseeable,2.0,2,2
irresponsibleness,2.0,2,2
duplicitous,2.0,2,2
prude,2.0,2,2
decompensate,2.0,2,2
stifling,2.0,2,3
unprepared,2.0,2,2
guilty,2.0,2,2
hoodwink,2.0,2,3
barrage,2.0,2,2
tourniquet,2.0,2,2
emitter,2.0,2,2
volatile,2.0,2,2
unhopefully,2.0,2,2
hazard,2.0,2,2
dehumanization,2.0,2,2
outbreak,2.0,2,2
shamble,2.0,2,2
unforgivable,2.0,2,2
threatening,2.0,2,2
immunosuppressive,2.0,2,2
slavery,2.0,2,3
libelously,2.0,2,2
embowel,2.0,2,3
crooked,2.0,2,2
chickenhearted,2.0,2,2
evocation,2.0,2,2
gastroenteritis,2.0,2,2
whimperer,2.0,2,3
predatorily,2.0,2,2
pounding,2.0,2,2
uncontrollably,2.0,2,2
disconcerted,2.0,2,2
fitfully,2.0,2,2
derange,2.0,2,2
flabbergast,2.0,2,2
baiter,2.0,2,3
hypoglycemia,2.0,2,2
bushwhack,2.0,2,2
mistranslate,2.0,2,2
exploitative,2.0,2,2
rowdiness,2.0,2,2
slaughterer,2.0,2,3
mutinous,2.0,2,2
demoralization,2.0,2,2
victimhood,2.0,2,2
robbing,2.0,2,2
effacement,2.0,2,2
beleaguer,2.0,2,2
woodenness,2.0,2,2
escalate,2.0,2,2
irredeemably,2.0,2,2
furies,2.0,2,2
disquietly,2.0,2,2
horribly,2.0,2,2
putrefy,2.0,2,2
prudential,2.0,2,2
intoxicate,2.0,2,2
deleted,2.0,2,2
undernourished,2.0,2,2
savagely,2.0,2,2
invasive,2.0,2,2
worried,2.0,2,2
bluntly,2.0,2,2
stung,2.0,2,2
inefficient,2.0,2,2
zombie,2.0,2,2
piranha,2.0,2,2
extractable,2.0,2,2
swindle,2.0,2,2
inimaginable,2.0,2,3
die,2.0,2,3
creepy,2.0,2,2
pyromaniac,2.0,2,2
victimize,2.0,2,2
despiser,2.0,2,3
stolen,2.0,2,3
bled,2.0,2,3
blasphemous,2.0,2,3
quencher,2.0,2,2
tensely,2.0,2,2
intolerability,2.0,2,2
plotline,2.0,2,2
sickbed,2.0,2,2
concoct,2.0,2,2
crabbed,2.0,2,2
controversy,2.0,2,3
unconscionable,1.99,2,2
pneumonia,1.99,2,2
stench,1.99,2,3
instability,1.99,2,2
destitute,1.98,2,3
turmoil,1.98,2,2
degrading,1.98,2,2
brutal,1.97,2,2
contamination,1.97,2,2
malign,1.95,2,2
bereaved,1.95,2,3
spinelessly,1.94,2,1
plunder,1.94,2,2
torpedo,1.94,2,2
obsession,1.94,2,2
collapsed,1.93,2,3
diabolically,1.93,2,2
spellbound,1.93,2,2
squalid,1.93,2,3
anathema,1.93,2,3
overpopulation,1.93,2,2
excruciating,1.93,2,1
radicalize,1.93,2,2
shitfaced,1.93,2,3
despond,1.93,2,2
precariousness,1.92,2,2
storminess,1.92,2,2
desolated,1.92,2,3
restrictiveness,1.92,2,2
feverously,1.92,2,3
detrimental,1.92,2,2
castigate,1.92,2,3
earache,1.92,2,2
denigrate,1.92,2,1
paraplegic,1.92,2,3
burgle,1.92,2,2
antidemocratic,1.91,2,2
repellant,1.91,2,2
formidableness,1.9,2,3
strumpet,1.9,2,3
irritable,1.9,2,2
maligner,1.9,2,3
aggravation,1.9,2,2
illegal,1.9,2,2
shoddiness,1.9,2,2
antismoking,1.9,2,3
perilously,1.9,2,2
flapping,1.9,2,3
violate,1.9,2,2
illegible,1.9,2,3
risky,1.9,2,2
seditious,1.9,2,2
plagued,1.9,2,2
painfulness,1.9,2,2
deceitfulness,1.9,2,2
quarrelsomeness,1.9,2,2
aggravated,1.9,2,2
bowel,1.9,2,3
aroused,1.9,2,2
scathe,1.9,2,2
unalleviated,1.9,2,2
cantankerousness,1.9,2,2
squalidly,1.9,2,3
anarchist,1.9,2,1
impudent,1.9,2,3
cuckold,1.9,2,2
morbidly,1.9,2,3
terror,1.9,2,3
freakish,1.9,2,3
bearish,1.9,2,2
cyclone,1.9,2,2
mess,1.9,2,1
disable,1.9,2,2
aggresive,1.9,2,2
pancreatitis,1.9,2,2
satan,1.9,2,1
nutcase,1.9,2,2
indecency,1.9,2,2
hyperconsciousness,1.9,2,2
forbidding,1.9,2,2
battering,1.9,2,2
casualties,1.9,2,2
blasphemousness,1.9,2,2
heartache,1.9,2,2
afflicter,1.9,2,2
unaesthetic,1.9,2,3
sniper,1.9,2,2
preeclampsia,1.9,2,3
relapse,1.9,2,2
erupt,1.9,2,2
porno,1.9,2,2
photophobic,1.9,2,2
rabidly,1.9,2,2
obsessive,1.9,2,2
ghostlike,1.9,2,3
delusional,1.9,2,2
predicament,1.9,2,2
falsehood,1.9,2,2
damageable,1.89,2,3
bagman,1.89,2,3
obtrusion,1.89,2,3
smuggler,1.89,2,2
emergencies,1.89,2,2
infernally,1.89,2,3
freezing,1.89,2,2
odiously,1.89,2,2
firearms,1.89,2,2
reprehensible,1.89,2,1
falling,1.89,2,3
sobbing,1.89,2,2
drastic,1.89,2,2
supersensitive,1.89,2,2
termite,1.89,2,3
gruesome,1.89,2,2
supremacist,1.89,2,2
waterspout,1.89,2,3
grisly,1.89,2,2
deathly,1.89,2,2
anxious,1.89,2,2
unsteady,1.89,2,2
menacing,1.89,2,2
boooo,1.89,2,3
scourge,1.89,2,2
resentment,1.89,2,2
tenseness,1.89,2,2
betrayal,1.89,2,2
shutdown,1.89,2,2
fireball,1.89,2,2
haughty,1.89,2,2
savagery,1.89,2,2
weirdo,1.89,2,2
poachers,1.89,2,3
snubbing,1.89,2,3
unplayable,1.89,2,3
failing,1.89,2,2
snarling,1.89,2,2
aggravating,1.89,2,2
prejudice,1.89,2,2
rotavirus,1.89,2,2
inclement,1.89,2,2
inexorable,1.89,2,2
isolation,1.89,2,1
prohibitively,1.89,2,3
fugue,1.89,2,3
attacking,1.89,2,2
sledgehammer,1.89,2,3
hateful,1.89,2,2
autocrat,1.89,2,2
aggravator,1.89,2,2
thunderstorm,1.89,2,2
uneasily,1.89,2,2
godforsaken,1.89,2,2
neuroticism,1.89,2,2
losing,1.89,2,3
subjugation,1.89,2,2
landslide,1.89,2,2
sleazebag,1.89,2,2
scab,1.89,2,2
evacuation,1.89,2,2
bestially,1.89,2,2
freaked,1.89,2,2
cigarette,1.89,2,3
prohibited,1.89,2,2
divorce,1.89,2,2
collision,1.89,2,2
racking,1.89,2,2
perpetrator,1.89,2,2
infringement,1.89,2,2
bestial,1.89,2,2
imminent,1.89,2,2
corpse,1.89,2,2
flee,1.89,2,2
suspicion,1.89,2,1
deception,1.89,2,2
demanding,1.89,2,2
wallow,1.89,2,1
attack,1.89,2,2
adulterate,1.89,2,3
acrimonious,1.89,2,2
pathologically,1.89,2,3
stereotype,1.89,2,2
spasmodic,1.89,2,2
recklessness,1.89,2,2
banned,1.89,2,2
blindfolded,1.89,2,1
mortuary,1.89,2,3
counterrevolution,1.89,2,2
jealous,1.89,2,2
hurrah,1.89,2,2
sicken,1.89,2,3
necrosis,1.89,2,2
malfeasance,1.89,2,2
licentious,1.89,2,2
delirious,1.89,2,2
repossession,1.89,2,2
amphetamines,1.89,2,2
brakeless,1.89,2,3
mental,1.89,2,3
unsettlement,1.89,2,2
hoarseness,1.89,2,3
bombard,1.89,2,2
tragic,1.89,2,2
dysphasia,1.88,2,2
vengeful,1.88,2,2
skunk,1.88,2,3
howler,1.88,2,2
abandon,1.88,2,2
eyehole,1.88,2,3
jittery,1.88,2,2
hightail,1.88,2,2
dictatorial,1.88,2,2
vex,1.88,2,2
pathological,1.88,2,2
liar,1.88,2,2
disapproval,1.88,2,1
astonished,1.88,2,2
lobectomy,1.88,2,3
ransack,1.88,2,2
absconder,1.88,2,2
screamer,1.88,2,2
necromantic,1.88,2,2
afflicted,1.88,2,2
abhorrently,1.88,2,3
constriction,1.88,2,2
hastiness,1.88,2,2
oust,1.88,2,2
malpractice,1.88,2,3
hysterectomy,1.88,2,2
heavyheartedness,1.88,2,2
defamation,1.88,2,2
arghh,1.88,2,2
surveillance,1.88,2,2
impound,1.88,2,2
shrinking,1.88,2,2
unlawfulness,1.88,2,2
friskily,1.88,2,3
rile,1.88,2,2
erectile,1.88,2,3
hurriedness,1.88,2,2
lunatic,1.88,2,2
dysfunction,1.88,2,2
phony,1.88,2,2
bellow,1.88,2,2
incompatibly,1.88,2,3
recklessly,1.88,2,2
shiver,1.88,2,2
schadenfreude,1.88,2,3
tonsillitis,1.88,2,2
creepiness,1.88,2,2
amok,1.88,2,2
looming,1.88,2,2
banishment,1.88,2,2
depravation,1.88,2,2
spyware,1.88,2,2
choke,1.88,2,2
witchcraft,1.88,2,2
tantalizing,1.88,2,3
depravity,1.88,2,1
withdrawal,1.88,2,2
stupor,1.88,2,3
divisiveness,1.88,2,2
fierce,1.88,2,2
astound,1.88,2,3
malfunction,1.88,2,2
raptors,1.88,2,3
futilely,1.88,2,3
cravenly,1.88,2,3
eruption,1.88,2,2
perturbation,1.88,2,2
skittishness,1.88,2,2
stakeout,1.88,2,2
imbecile,1.87,2,2
gloomily,1.87,2,1
asthmatically,1.87,2,3
degeneration,1.87,2,2
anger,1.87,2,2
grimly,1.87,2,2
alarming,1.86,2,2
mistreat,1.86,2,2
vengefully,1.86,2,2
entomb,1.86,2,2
pressure,1.86,2,2
dentists,1.86,2,2
melodramatically,1.86,2,3
astonishing,1.86,2,2
pollutant,1.86,2,2
incriminating,1.86,2,2
underprepared,1.86,2,2
overtired,1.86,2,2
raciness,1.86,2,3
puke,1.86,2,1
stonefish,1.86,2,3
toxicant,1.86,2,2
mastitis,1.86,2,2
bluster,1.86,2,2
jellyfish,1.86,2,3
destabilization,1.86,2,2
depressant,1.86,2,2
fraudulency,1.86,2,2
infiltration,1.86,2,2
guilt,1.86,2,2
ineffectualness,1.86,2,2
unconquerable,1.86,2,3
kryptonite,1.86,2,2
subversion,1.86,2,2
arghhhh,1.86,2,2
argh,1.86,2,2
shylock,1.86,2,3
bleak,1.86,2,2
underperform,1.86,2,2
feebleminded,1.86,2,2
noxiously,1.86,2,2
malingerer,1.86,2,2
expulsion,1.86,2,2
sedition,1.86,2,3
backslid,1.86,2,3
thriller,1.86,2,2
chokehold,1.86,2,2
drudge,1.86,2,2
postmillennialism,1.86,2,3
intensely,1.86,2,2
unsporting,1.86,2,1
hallucinogen,1.86,2,2
whoopee,1.86,2,3
leper,1.86,2,2
impeacher,1.86,2,3
antievolutionist,1.86,2,2
scum,1.86,2,2
spooky,1.86,2,2
feverishly,1.86,2,2
appall,1.86,2,3
womanize,1.86,2,1
disconcertment,1.86,2,2
hurl,1.86,2,2
gaslight,1.86,2,2
regimentation,1.86,2,2
glower,1.86,2,2
degradation,1.86,2,2
disfigure,1.86,2,2
aaaaaaah,1.86,2,3
debaser,1.86,2,3
incompetent,1.86,2,2
crushed,1.86,2,2
sensationalist,1.86,2,2
appendectomy,1.86,2,2
feverishness,1.86,2,2
amphetamine,1.86,2,2
impetuously,1.86,2,2
squaw,1.86,2,3
psychiatrically,1.85,2,2
demoralized,1.85,2,2
inhibitive,1.85,2,1
pornographer,1.85,2,3
despise,1.84,2,2
embezzlement,1.84,2,2
disease,1.84,2,2
annoyingness,1.83,2,2
roughrider,1.83,2,2
overtreatment,1.83,2,2
maraud,1.83,2,2
toxically,1.83,2,2
twats,1.83,2,3
tuberculosis,1.83,2,2
loather,1.83,2,2
contusion,1.83,2,2
antifeminist,1.83,2,2
underrate,1.83,2,2
bugged,1.83,2,3
angered,1.83,2,2
antagonistically,1.83,2,2
stridence,1.83,2,2
reinjure,1.83,2,2
awfully,1.83,2,1
suspenseful,1.83,2,2
triangulation,1.83,2,3
slithery,1.83,2,1
shakiness,1.83,2,2
pigsty,1.83,2,3
intemperate,1.83,2,2
egregiously,1.83,2,3
revving,1.83,2,2
unaddressed,1.83,2,2
argumentativeness,1.83,2,2
disloyalty,1.83,2,2
psychosocial,1.83,2,2
distrustful,1.83,2,2
disfigurement,1.83,2,2
wipeout,1.83,2,3
confiscated,1.83,2,2
eloper,1.83,2,2
destructibility,1.83,2,3
combustive,1.83,2,2
ostracism,1.83,2,2
rowdily,1.83,2,2
wrathfulness,1.83,2,2
yousuck,1.83,2,3
ruckus,1.83,2,2
redline,1.83,2,2
queerer,1.83,2,2
taleteller,1.83,2,3
puritan,1.83,2,3
inhalator,1.83,2,2
cowardliness,1.83,2,2
agitator,1.83,2,2
reckless,1.83,2,2
peritonitis,1.83,2,3
deplored,1.83,2,3
ignominious,1.83,2,2
deoxygenate,1.83,2,3
beater,1.83,2,2
encage,1.83,2,2
orgy,1.83,2,3
bereft,1.83,2,2
earwig,1.83,2,2
stormbound,1.83,2,2
riots,1.83,2,2
gynecologic,1.83,2,2
brash,1.83,2,2
wetback,1.83,2,2
jailbreak,1.83,2,2
cankerous,1.83,2,2
blackface,1.83,2,3
forbade,1.83,2,2
prosecuted,1.83,2,2
pathogen,1.83,2,2
addictedness,1.83,2,3
pickpocket,1.83,2,2
counterrevolutionary,1.83,2,3
bludgeon,1.83,2,2
rebelliousness,1.83,2,2
confoundedness,1.83,2,2
unpredictably,1.83,2,2
rancor,1.83,2,2
volcano,1.83,2,2
defeatism,1.83,2,3
reinvade,1.83,2,3
twitchy,1.83,2,2
venal,1.83,2,2
discordantly,1.83,2,2
halfcocked,1.83,2,2
rollercoaster,1.83,2,3
renege,1.83,2,2
overstrain,1.83,2,2
undesirability,1.83,2,1
troublemaking,1.83,2,2
underemployment,1.83,2,2
insurgence,1.83,2,2
neoplasm,1.83,2,2
despotically,1.83,2,2
gunrunning,1.83,2,2
neuropathy,1.83,2,2
ulcerous,1.83,2,2
jealousy,1.83,2,2
jaundice,1.82,2,2
loathsome,1.82,2,1
retaliation,1.82,2,2
entombment,1.82,2,2
combat,1.82,2,2
swamped,1.82,2,2
overworked,1.82,2,2
excrement,1.81,2,3
corruption,1.81,2,2
disgraceful,1.81,2,2
brimstone,1.81,2,3
unsmooth,1.8,2,2
defeat,1.8,2,2
hardliner,1.8,2,3
anxiously,1.8,2,2
dysenteric,1.8,2,2
unfixable,1.8,2,3
imminence,1.8,2,2
overact,1.8,2,2
encroacher,1.8,2,2
niagara,1.8,2,3
bazooka,1.8,2,3
fluidization,1.8,2,3
insolently,1.8,2,2
banished,1.8,2,2
excitable,1.8,2,2
speechmaking,1.8,2,2
aching,1.8,2,1
outcry,1.8,2,2
inflamer,1.8,2,2
hardhead,1.8,2,2
skedaddle,1.8,2,3
evasiveness,1.8,2,2
bushfire,1.8,2,2
inimical,1.8,2,3
brazenness,1.8,2,3
antivax,1.8,2,2
cored,1.8,2,1
harshly,1.8,2,2
hatefully,1.8,2,2
mesothelioma,1.8,2,3
obstructionism,1.8,2,2
midair,1.8,2,3
vanquish,1.8,2,3
uninvited,1.8,2,3
headsman,1.8,2,3
deregulator,1.8,2,3
grievousness,1.8,2,2
discriminate,1.8,2,3
sharkskin,1.8,2,3
dynamite,1.8,2,1
dumbstruck,1.8,2,2
unsafely,1.8,2,2
parasitic,1.8,2,2
untimely,1.8,2,2
antigambling,1.8,2,3
psoriasis,1.8,2,3
accost,1.8,2,2
wrung,1.8,2,2
banish,1.8,2,2
bulimic,1.8,2,2
crook,1.8,2,3
strife,1.8,2,2
catfight,1.8,2,3
symptom,1.8,2,3
inconsideration,1.8,2,2
hyperkinetic,1.8,2,2
paragliding,1.8,2,1
uncooperative,1.8,2,2
ruins,1.8,2,3
insidious,1.8,2,2
riotous,1.8,2,2
busman,1.8,2,3
admin,1.8,2,3
publicspeaking,1.8,2,2
freakishly,1.8,2,2
unnaturally,1.8,2,3
tactlessness,1.8,2,2
reactive,1.8,2,2
heavyhearted,1.8,2,2
hyperglycemic,1.8,2,2
hemophiliac,1.8,2,2
criminally,1.8,2,2
shoplifter,1.8,2,2
paraplegia,1.8,2,2
desperateness,1.8,2,2
rapaciously,1.8,2,3
wheezy,1.8,2,2
unwatchable,1.8,2,3
hurt,1.8,2,2
spastic,1.8,2,3
violator,1.8,2,2
poison,1.8,2,2
misdoing,1.8,2,2
trustless,1.8,2,3
jail,1.8,2,2
severely,1.8,2,2
cacophony,1.8,2,2
sleazy,1.8,2,2
unbalanced,1.8,2,2
klan,1.8,2,3
mineshaft,1.8,2,3
virulent,1.8,2,2
cesspool,1.8,2,3
shakable,1.8,2,2
sob,1.8,2,2
hospitalize,1.8,2,2
resuscitative,1.8,2,3
shifty,1.8,2,2
catastrophist,1.8,2,3
sadomasochistic,1.8,2,3
abrasively,1.8,2,2
rambunctious,1.8,2,2
reasonless,1.8,2,2
apartheid,1.8,2,1
toxicity,1.8,2,3
wrongfully,1.8,2,2
billionaire,1.8,2,3
ohshit,1.8,2,2
manipulatively,1.8,2,2
failure,1.8,2,2
choleric,1.8,2,2
inauspiciousness,1.8,2,2
accuse,1.8,2,2
discoverer,1.8,2,3
intimidated,1.8,2,2
debauchment,1.8,2,2
unconstructive,1.8,2,2
disrespect,1.8,2,2
incensed,1.8,2,2
repercussion,1.8,2,3
misusage,1.8,2,3
hypertension,1.8,2,2
surliness,1.8,2,2
scrappiness,1.8,2,3
sonervous,1.8,2,2
worrisomely,1.8,2,2
disquiet,1.8,2,2
evildoer,1.8,2,2
shockwave,1.8,2,2
fractiousness,1.8,2,2
riptide,1.8,2,2
anticipatorily,1.8,2,1
potently,1.8,2,2
abusiveness,1.8,2,3
repression,1.8,2,2
counterintelligence,1.8,2,2
scarred,1.8,2,2
shriek,1.8,2,2
astringency,1.8,2,2
harmer,1.8,2,2
digressiveness,1.8,2,2
hyperthyroid,1.8,2,2
federalism,1.8,2,3
counterstrike,1.8,2,3
inadaptability,1.8,2,3
materialistic,1.8,2,3
disorientated,1.8,2,2
impetuosity,1.8,2,2
provoked,1.79,2,2
arrogant,1.79,2,2
conning,1.79,2,3
soulless,1.78,2,3
erratic,1.78,2,2
condemnable,1.78,2,2
quivery,1.78,2,2
sinkhole,1.78,2,3
louse,1.78,2,2
emaciated,1.78,2,2
butchery,1.78,2,3
unprotected,1.78,2,2
despicable,1.78,2,2
unsparing,1.78,2,3
cardiac,1.78,2,3
pessimistic,1.78,2,1
derail,1.78,2,2
riskiness,1.78,2,2
streptococcus,1.78,2,2
disintegrate,1.78,2,1
hooch,1.78,2,3
cheater,1.78,2,2
facts,1.78,2,2
ire,1.78,2,2
defile,1.78,2,2
abysmally,1.78,2,2
segregated,1.78,2,2
gasping,1.78,2,2
unfortunate,1.78,2,3
overexcitement,1.78,2,2
bleeding,1.78,2,2
confront,1.78,2,1
ineffectual,1.78,2,2
repudiation,1.78,2,1
discountenance,1.78,2,1
maladjust,1.78,2,3
disingenuous,1.78,2,1
unjustifiable,1.78,2,2
perverseness,1.78,2,2
choked,1.78,2,2
dentist,1.78,2,1
scrutiny,1.78,2,2
flagrant,1.78,2,2
disarray,1.78,2,2
treacherously,1.78,2,1
problematic,1.78,2,2
wired,1.78,2,2
entangled,1.78,2,2
harass,1.78,2,2
neuralgia,1.78,2,2
antigovernment,1.78,2,1
verminous,1.78,2,2
unattainable,1.78,2,2
intoxicant,1.78,2,2
drought,1.78,2,2
unsportsmanlike,1.78,2,2
browbeat,1.78,2,2
devour,1.78,2,2
hotness,1.78,2,3
injudicious,1.78,2,1
untrustworthy,1.78,2,2
raspy,1.78,2,3
deluge,1.78,2,3
dishonorableness,1.78,2,3
faithlessly,1.78,2,2
suspicious,1.78,2,2
irrationalize,1.78,2,2
wretched,1.78,2,2
masochism,1.78,2,2
screechy,1.78,2,2
debt,1.78,2,2
intemperately,1.78,2,2
victim,1.78,2,3
concealment,1.78,2,2
petloss,1.78,2,2
perjury,1.78,2,2
inequality,1.78,2,1
mutiny,1.78,2,2
skittish,1.78,2,1
radioactivity,1.78,2,2
excision,1.78,2,3
incapacity,1.78,2,2
crestfallen,1.78,2,2
crunch,1.78,2,2
maggot,1.78,2,2
foreclosure,1.78,2,2
overexpansion,1.78,2,2
inflame,1.78,2,2
perishing,1.78,2,2
fireman,1.78,2,3
vulgarism,1.78,2,3
nastiness,1.78,2,2
slovenliness,1.78,2,3
crammed,1.78,2,2
flaring,1.78,2,2
insecure,1.78,2,2
revengefulness,1.78,2,3
brink,1.78,2,3
alienator,1.78,2,3
uncontrollable,1.78,2,2
misrepresent,1.78,2,1
spasm,1.78,2,2
scornfulness,1.78,2,3
warplane,1.77,2,2
radiotherapy,1.77,2,2
worsening,1.77,2,2
languishment,1.77,2,1
disapointment,1.77,2,2
grimness,1.77,2,2
brainwasher,1.77,2,2
heartbeat,1.77,2,3
ensnarement,1.77,2,2
greediness,1.77,2,1
alcoholism,1.76,2,2
uselessness,1.76,2,3
conned,1.75,2,3
evacuate,1.75,2,2
barbarous,1.75,2,2
bomber,1.75,2,2
precancerous,1.75,2,2
restless,1.75,2,1
stupidity,1.75,2,3
narcosis,1.75,2,2
banshee,1.75,2,1
explosively,1.75,2,3
filthy,1.75,2,2
unstoppable,1.75,2,2
prisoner,1.75,2,2
whitewater,1.75,2,3
lamenting,1.75,2,2
loathful,1.75,2,3
exorcism,1.75,2,1
squalidness,1.75,2,3
abscess,1.75,2,2
spook,1.75,2,2
legionnaire,1.75,2,3
overactive,1.75,2,2
uncontrolled,1.75,2,2
yell,1.75,2,3
illegality,1.75,2,2
faintness,1.75,2,2
apprehension,1.75,2,2
disordered,1.75,2,2
addiction,1.75,2,2
poverty,1.75,2,1
knotty,1.75,2,3
eruptive,1.75,2,2
irretrievable,1.75,2,2
labored,1.75,2,2
disoriented,1.75,2,2
corrosively,1.75,2,2
ungallant,1.75,2,3
fraudster,1.75,2,2
apprehensiveness,1.75,2,2
liquidator,1.75,2,3
laceration,1.75,2,2
unsound,1.75,2,2
fretting,1.75,2,2
incontinent,1.75,2,2
conflagrate,1.75,2,2
gunmanship,1.75,2,2
lechery,1.75,2,2
blighted,1.75,2,2
cesarean,1.75,2,2
tirade,1.75,2,2
warlord,1.75,2,2
sexist,1.75,2,2
hydrophobic,1.75,2,2
shamefacedness,1.75,2,2
denigration,1.75,2,2
unkind,1.75,2,2
bogeyman,1.75,2,2
dizzy,1.75,2,2
bludgeoner,1.75,2,3
fisticuff,1.75,2,2
meanness,1.75,2,3
punished,1.75,2,1
animosity,1.75,2,2
deprave,1.75,2,2
melancholic,1.75,2,2
untamed,1.75,2,2
flammable,1.75,2,1
susceptible,1.75,2,2
stinking,1.75,2,2
abase,1.75,2,2
senility,1.75,2,2
mortification,1.75,2,3
irritability,1.75,2,2
polluter,1.75,2,2
colostomy,1.75,2,2
demented,1.75,2,2
hypersensitivity,1.75,2,2
spookiness,1.75,2,2
interrogate,1.75,2,2
injection,1.75,2,2
disreputable,1.75,2,2
baffle,1.75,2,3
bayonet,1.75,2,2
betrayer,1.75,2,2
demotion,1.75,2,2
rudely,1.75,2,2
lobotomize,1.75,2,3
loathe,1.75,2,1
unbalance,1.75,2,2
recurrent,1.75,2,3
intolerant,1.75,2,2
insincerity,1.75,2,2
cringe,1.75,2,2
squeezing,1.75,2,1
influenza,1.74,2,2
buoyancy,1.74,2,1
dastardly,1.73,2,2
pallbearer,1.73,2,2
wearisome,1.73,2,2
riskily,1.73,2,1
negativism,1.73,2,1
undersexed,1.73,2,3
ravish,1.73,2,2
crumbling,1.72,2,2
villain,1.72,2,1
dire,1.72,2,1
splatter,1.71,2,3
tremulously,1.71,2,2
misadventure,1.71,2,2
nervously,1.71,2,2
nauseous,1.71,2,2
nauseously,1.71,2,2
chemotherapeutic,1.71,2,2
gladiatorial,1.71,2,3
windstorm,1.71,2,2
urged,1.71,2,2
wheeze,1.71,2,2
bombshell,1.71,2,2
disinheritance,1.71,2,2
political,1.71,2,3
haste,1.71,2,2
allegiant,1.71,2,3
sodomite,1.71,2,3
wrathful,1.71,2,2
autointoxication,1.71,2,2
wreck,1.71,2,2
wanton,1.71,2,2
hogtie,1.71,2,2
friendlessness,1.71,2,2
machination,1.71,2,2
tyranny,1.71,2,1
flummox,1.71,2,2
ballistic,1.71,2,2
ejaculator,1.71,2,3
infector,1.71,2,2
scandal,1.71,2,2
untactful,1.71,2,2
mortality,1.71,2,2
gutless,1.71,2,2
onerously,1.71,2,2
fluster,1.71,2,2
avenge,1.71,2,2
growling,1.71,2,2
overload,1.71,2,2
turncoat,1.71,2,2
villainess,1.71,2,3
pupillary,1.71,2,3
scam,1.71,2,2
embolism,1.71,2,2
rancorous,1.71,2,2
flurried,1.71,2,2
dishearten,1.71,2,2
decomposition,1.71,2,3
jailhouse,1.71,2,2
befuddled,1.71,2,2
repressive,1.71,2,2
hangup,1.71,2,2
vindictiveness,1.71,2,2
scandalous,1.71,2,2
apprehensively,1.71,2,2
deflower,1.71,2,2
scabies,1.71,2,2
downheartedly,1.71,2,2
vacillator,1.71,2,2
supercilious,1.71,2,2
gunfight,1.71,2,2
deadlines,1.71,2,2
pouncer,1.71,2,3
shakily,1.71,2,2
insurrectionist,1.71,2,2
unglued,1.71,2,2
subjugate,1.71,2,2
eeriness,1.71,2,2
sweating,1.71,2,2
croup,1.71,2,2
scammer,1.71,2,2
minesweeping,1.71,2,2
hailstorm,1.71,2,2
munitions,1.71,2,2
inadvisability,1.71,2,2
hypothalamic,1.71,2,3
worrying,1.71,2,2
lice,1.71,2,2
fights,1.71,2,2
fumbler,1.71,2,2
dispirited,1.71,2,3
interrogational,1.71,2,2
burdensome,1.71,2,2
crucify,1.71,2,3
amuck,1.71,2,2
monster,1.71,2,1
dolor,1.71,2,2
unthinkably,1.71,2,2
defibrillator,1.71,2,2
hypercritical,1.71,2,2
racialist,1.71,2,2
provoke,1.71,2,2
deliriously,1.71,2,2
frustration,1.71,2,2
cryogenic,1.71,2,3
firetrap,1.71,2,2
wretch,1.71,2,3
bombers,1.71,2,3
chickenshit,1.71,2,2
asthma,1.71,2,2
intoxicative,1.71,2,2
predator,1.71,2,2
pugilistic,1.71,2,2
mangled,1.71,2,2
lacerate,1.71,2,3
bloodied,1.71,2,2
postoperative,1.71,2,1
prosecute,1.71,2,2
witter,1.71,2,3
stutterer,1.71,2,2
orthodontia,1.7,2,3
bane,1.7,2,2
cellulitis,1.7,2,2
bronchoscope,1.7,2,2
leeches,1.7,2,2
ulcer,1.7,2,2
aggressor,1.7,2,2
traitor,1.7,2,2
hepatitis,1.7,2,2
illicitness,1.7,2,2
stranded,1.7,2,2
blackout,1.7,2,2
abduct,1.7,2,2
inexorableness,1.7,2,2
hallucinogenic,1.7,2,2
casualty,1.7,2,3
riot,1.7,2,2
overextend,1.7,2,2
tragically,1.7,2,2
barbarism,1.7,2,2
eradicate,1.7,2,2
tampering,1.7,2,2
thunderbolt,1.7,2,2
tussle,1.7,2,2
curse,1.7,2,3
nullification,1.7,2,2
uproarious,1.7,2,2
rioter,1.7,2,2
diatribe,1.7,2,1
cruel,1.7,2,3
enthrallment,1.7,2,2
auditions,1.7,2,2
pornography,1.7,2,2
apostate,1.7,2,2
stigmatize,1.7,2,2
retaliate,1.7,2,2
grrrrr,1.7,2,2
beware,1.7,2,2
sweltering,1.7,2,2
bigot,1.7,2,2
jaws,1.7,2,3
fight,1.7,2,2
unfortunately,1.7,2,1
idiocy,1.7,2,1
muddleheaded,1.7,2,3
senseless,1.7,2,2
larcenist,1.7,2,1
preoperative,1.7,2,2
guts,1.7,2,3
fiendish,1.7,2,2
horseshit,1.7,2,3
bewildered,1.7,2,2
weeping,1.7,2,2
weaponry,1.7,2,3
pugnacity,1.7,2,2
alzheimers,1.7,2,2
battlefront,1.7,2,2
thunder,1.7,2,2
perpetration,1.7,2,1
coronary,1.7,2,2
vulnerability,1.7,2,2
frigid,1.69,2,2
reprehension,1.69,2,1
disconcertion,1.69,2,2
precipitance,1.69,2,3
snowmageddon,1.69,2,3
slaved,1.69,2,3
unfriendly,1.69,2,2
terminally,1.69,2,3
crossbones,1.69,2,2
tremble,1.69,2,2
fancies,1.67,2,3
powerlessly,1.67,2,2
inequity,1.67,2,2
battered,1.67,2,2
dissociation,1.67,2,2
electromotor,1.67,2,2
thunderhead,1.67,2,1
overweigh,1.67,2,2
detainment,1.67,2,3
disruptiveness,1.67,2,2
disabled,1.67,2,2
mercurial,1.67,2,1
euthanasia,1.67,2,2
unreliable,1.67,2,2
deterioration,1.67,2,2
sneezer,1.67,2,2
jumpy,1.67,2,2
overemotional,1.67,2,1
humpty,1.67,2,2
menopausal,1.67,2,2
hyperactive,1.67,2,2
restlessly,1.67,2,2
impishly,1.67,2,2
slam,1.67,2,2
infertility,1.67,2,2
morbid,1.67,2,2
conceptualist,1.67,2,2
exorcize,1.67,2,3
cytomegalovirus,1.67,2,1
bigotedly,1.67,2,2
fracture,1.67,2,2
unhelpful,1.67,2,2
displaced,1.67,2,2
trespasser,1.67,2,1
evacuative,1.67,2,3
giddily,1.67,2,2
housebreak,1.67,2,2
encumber,1.67,2,2
defamed,1.67,2,1
passenger,1.67,2,3
hiss,1.67,2,3
gunrunner,1.67,2,2
soangry,1.67,2,2
destructiveness,1.67,2,2
trump,1.67,2,3
volcanically,1.67,2,2
jetliner,1.67,2,2
incitement,1.67,2,2
skydiver,1.67,2,3
malpractitioner,1.67,2,2
footrace,1.67,2,3
culpability,1.67,2,2
hasty,1.67,2,2
transferee,1.67,2,2
shaky,1.67,2,2
blitz,1.67,2,2
battled,1.67,2,2
bedevilment,1.67,2,2
potboiler,1.67,2,3
excessive,1.67,2,2
counterstroke,1.67,2,2
tremulous,1.67,2,2
monstrous,1.67,2,2
overindulge,1.67,2,2
provocatively,1.67,2,2
pressing,1.67,2,2
teethe,1.67,2,2
titanic,1.67,2,2
sulfide,1.67,2,2
circumstantiate,1.67,2,2
disharmonize,1.67,2,3
gnarl,1.67,2,2
trepidation,1.67,2,2
shudder,1.67,2,2
eugenic,1.67,2,2
combust,1.67,2,2
rampant,1.67,2,2
relentlessly,1.67,2,2
gullibly,1.67,2,2
intolerantly,1.67,2,2
irritation,1.67,2,2
prudentially,1.67,2,2
dominator,1.67,2,2
fearing,1.67,2,2
redelivery,1.67,2,2
regurgitate,1.67,2,2
unfunded,1.67,2,3
crasher,1.67,2,2
faked,1.67,2,2
unhygienic,1.67,2,2
epileptically,1.67,2,3
deprival,1.67,2,3
lawlessness,1.67,2,2
fumigation,1.67,2,2
somad,1.67,2,3
dissertation,1.67,2,3
violation,1.67,2,2
tizzy,1.67,2,2
thrusters,1.67,2,3
untenable,1.67,2,2
guideless,1.67,2,2
swelter,1.67,2,2
wickless,1.67,2,2
dissonant,1.67,2,2
scolding,1.67,2,2
misogyny,1.67,2,2
flagrantly,1.67,2,3
despotic,1.67,2,2
shyness,1.67,2,2
atrophy,1.67,2,2
institutionalize,1.67,2,2
spiral,1.67,2,3
misdirection,1.67,2,2
aversive,1.67,2,2
tumor,1.67,2,2
spectrographically,1.67,2,3
mysteriousness,1.67,2,2
languish,1.67,2,2
backhouse,1.67,2,2
vortex,1.67,2,3
unrighteousness,1.67,2,3
repel,1.67,2,2
gushy,1.67,2,3
criminal,1.67,2,2
filth,1.67,2,2
atropine,1.67,2,3
purgatorial,1.67,2,2
neurodegenerative,1.67,2,2
pressboard,1.67,2,2
starved,1.67,2,2
fatuous,1.67,2,3
annoyer,1.67,2,3
repellently,1.67,2,2
impregnation,1.67,2,2
heartsickness,1.67,2,2
phoniness,1.67,2,1
downtrend,1.67,2,2
uncomforted,1.67,2,2
exacting,1.67,2,2
deadline,1.67,2,2
awkwardness,1.67,2,2
disputant,1.67,2,2
necromancer,1.67,2,2
quarantine,1.67,2,2
edginess,1.67,2,2
burned,1.67,2,2
chauvinistic,1.67,2,2
spineless,1.67,2,2
gruffness,1.67,2,2
tiresomely,1.67,2,2
exasperatedly,1.67,2,2
cheerlessness,1.67,2,2
flimsily,1.67,2,2
neuropathology,1.67,2,2
lockout,1.67,2,2
overhasty,1.67,2,2
grim,1.67,2,2
perjured,1.67,2,2
obstructionist,1.67,2,2
fanatical,1.67,2,2
dethronement,1.67,2,2
deteriorating,1.67,2,2
twitcher,1.67,2,3
volumetric,1.67,2,2
shackler,1.67,2,2
presumptuousness,1.67,2,2
transgress,1.67,2,2
arthritis,1.67,2,2
ingratitude,1.67,2,2
reunification,1.67,2,2
obnoxious,1.67,2,2
argumentatively,1.67,2,3
militant,1.67,2,2
cobra,1.67,2,2
sensationalistic,1.67,2,2
stew,1.67,2,3
limbless,1.67,2,2
unrelieved,1.67,2,2
overeagerly,1.67,2,2
leukemic,1.67,2,3
buckwheat,1.67,2,2
unhittable,1.67,2,2
underachiever,1.67,2,1
hardhearted,1.67,2,2
filcher,1.67,2,3
jobinterview,1.67,2,2
hypercompetitive,1.67,2,2
inflationary,1.67,2,2
gasmask,1.67,2,2
retighten,1.67,2,2
gunboat,1.67,2,3
paroxysm,1.67,2,2
fraught,1.67,2,2
fustrated,1.67,2,2
babbling,1.67,2,1
instigation,1.67,2,2
exam,1.67,2,1
uhoh,1.67,2,2
disorganized,1.67,2,2
deceitful,1.67,2,2
executed,1.67,2,1
beefcake,1.67,2,2
scandalously,1.67,2,1
disembody,1.67,2,2
adjoin,1.67,2,2
misdiagnosis,1.67,2,1
amorousness,1.67,2,2
raucous,1.67,2,2
archenemy,1.67,2,2
bewilderment,1.67,2,2
grr,1.67,2,3
usurpation,1.67,2,2
incommunicably,1.67,2,3
distorted,1.67,2,2
mri,1.67,2,2
insolvable,1.67,2,2
obscenity,1.67,2,2
defaulter,1.67,2,2
musketry,1.67,2,2
provoking,1.67,2,2
frostbitten,1.67,2,2
remorselessly,1.67,2,1
abductee,1.67,2,2
stigmatism,1.67,2,3
disembarkation,1.67,2,2
heterosexism,1.67,2,2
mournfulness,1.67,2,2
mugged,1.67,2,2
lovesick,1.67,2,3
ptsd,1.67,2,2
unhealthily,1.67,2,2
mortify,1.67,2,2
caged,1.67,2,2
contravention,1.67,2,2
ostracize,1.67,2,1
immunosuppression,1.67,2,2
hassle,1.67,2,2
injuriously,1.67,2,2
untrusting,1.67,2,1
dilly,1.67,2,2
spammer,1.67,2,2
risk,1.67,2,2
acrimony,1.67,2,2
morbidity,1.67,2,3
inebriation,1.67,2,2
startler,1.67,2,2
scorpion,1.65,2,1
sorrowful,1.65,2,3
syringe,1.65,2,2
eavesdropping,1.65,2,1
disappointment,1.64,2,2
segregation,1.64,2,2
nondemocratic,1.64,2,2
dissimulation,1.64,2,2
shyster,1.64,2,2
severer,1.64,2,2
decompensation,1.64,2,2
disenfranchise,1.64,2,2
slump,1.64,2,1
trounce,1.64,2,2
hardship,1.64,2,2
infighting,1.64,2,2
urgency,1.64,2,2
hyperthermia,1.64,2,2
disorientate,1.64,2,2
storming,1.63,2,1
incubus,1.62,2,2
bandit,1.62,2,1
flak,1.62,2,2
jostle,1.62,2,2
discourage,1.62,2,2
delinquent,1.62,2,2
sinning,1.62,2,2
disheartened,1.62,2,2
eradicative,1.62,2,2
berserk,1.62,2,2
hangover,1.62,2,2
inauspicious,1.62,2,2
blamed,1.62,2,2
deprivation,1.62,2,2
melee,1.62,2,2
feverous,1.62,2,2
ashamed,1.62,2,1
hashish,1.62,2,2
woeful,1.62,2,2
tinnitus,1.62,2,2
blackball,1.62,2,2
impulsiveness,1.62,2,1
ballooner,1.62,2,3
perspire,1.62,2,2
crapshoot,1.62,2,2
emasculatory,1.62,2,3
hurting,1.62,2,2
putridly,1.62,2,3
autocratic,1.62,2,2
fearfully,1.62,2,2
addictive,1.62,2,2
injurer,1.62,2,3
boozed,1.62,2,1
dominated,1.62,2,1
incineration,1.62,2,2
stifled,1.62,2,2
blusterer,1.62,2,2
jerkiness,1.62,2,2
annoys,1.62,2,2
contaminant,1.62,2,2
projectiles,1.62,2,2
typhus,1.62,2,3
intoxicator,1.62,2,2
gravedigger,1.62,2,3
defeated,1.62,2,2
daredevilry,1.62,2,2
bombast,1.62,2,2
impassable,1.62,2,2
assailable,1.62,2,2
dreariness,1.62,2,2
intrude,1.62,2,2
shank,1.62,2,3
exile,1.62,2,2
jackhammer,1.62,2,2
brothel,1.62,2,1
equivocator,1.62,2,2
slayer,1.62,2,1
foe,1.62,2,3
ransom,1.62,2,2
instable,1.62,2,2
blame,1.62,2,2
shipwreck,1.62,2,2
rowdy,1.62,2,2
hazardousness,1.62,2,2
ineptness,1.62,2,2
overheated,1.62,2,2
strep,1.62,2,2
dramaqueen,1.62,2,2
witchery,1.62,2,2
pyrotechnically,1.62,2,3
shite,1.62,2,3
cockhead,1.62,2,3
bedsore,1.61,2,2
defamatory,1.61,2,1
pitiful,1.6,2,2
trembler,1.6,2,2
druggy,1.6,2,2
overdraft,1.6,2,2
jumpiness,1.6,2,2
understaffed,1.6,2,2
ungratefulness,1.6,2,2
admonishment,1.6,2,2
repudiator,1.6,2,1
handcuff,1.6,2,2
orc,1.6,2,2
spirally,1.6,2,2
ashamedly,1.6,2,2
sarcoma,1.6,2,3
disquietedly,1.6,2,1
jeer,1.6,2,2
extrapolation,1.6,2,2
spectra,1.6,2,2
picketing,1.6,2,2
irresoluteness,1.6,2,2
bitterly,1.6,2,2
backfired,1.6,2,2
bogey,1.6,2,2
irritates,1.6,2,1
trifler,1.6,2,2
douche,1.6,2,2
aortic,1.6,2,2
gatecrash,1.6,2,2
complication,1.6,2,2
gahhh,1.6,2,2
coerce,1.6,2,2
vigilantism,1.6,2,2
subjection,1.6,2,2
henchman,1.6,2,2
inadequacy,1.6,2,1
parachutist,1.6,2,2
incoherency,1.6,2,2
shivering,1.6,2,2
ghoul,1.6,2,2
icky,1.6,2,2
unfaithful,1.6,2,1
unreason,1.6,2,2
incohesion,1.6,2,3
embroilment,1.6,2,2
twitchiness,1.6,2,2
collude,1.6,2,2
tatter,1.6,2,2
judgmental,1.6,2,2
headcheese,1.6,2,2
exploitive,1.6,2,2
catalyses,1.6,2,2
warring,1.6,2,2
corruptness,1.6,2,1
jailbait,1.6,2,2
grievance,1.6,2,3
seized,1.6,2,2
rockiness,1.6,2,2
dysfunctional,1.6,2,2
gnash,1.6,2,2
unfed,1.6,2,2
overexertion,1.6,2,2
unpractical,1.6,2,3
wrangle,1.6,2,2
radioactive,1.6,2,2
sponged,1.6,2,2
boor,1.6,2,2
daunt,1.6,2,2
fighting,1.6,2,2
infiltrate,1.6,2,2
freaky,1.6,2,2
worry,1.6,2,2
traitorously,1.6,2,2
broody,1.6,2,2
divisive,1.6,2,2
insatiability,1.6,2,1
injuring,1.6,2,2
extortionate,1.6,2,2
lecherous,1.6,2,2
starling,1.6,2,2
convictable,1.6,2,2
demeaning,1.6,2,2
misleader,1.6,2,2
enemies,1.6,2,2
overreaction,1.6,2,2
stammer,1.6,2,2
disruption,1.6,2,2
deceptive,1.6,2,2
writhed,1.6,2,2
fitful,1.6,2,2
conspire,1.6,2,2
picklock,1.6,2,2
untamable,1.6,2,2
bolshevism,1.6,2,3
betrothal,1.6,2,2
loser,1.6,2,2
squirminess,1.6,2,2
thunderous,1.6,2,2
barbarize,1.6,2,3
dojo,1.6,2,2
edge,1.6,2,3
perjurer,1.6,2,2
putridity,1.6,2,3
wrestle,1.6,2,3
escapism,1.6,2,2
evictor,1.6,2,2
overdramatic,1.6,2,2
dismay,1.6,2,2
glyph,1.6,2,2
undiplomatic,1.6,2,2
existential,1.6,2,3
injuries,1.6,2,2
rucksack,1.6,2,2
discourtesy,1.6,2,1
swam,1.6,2,2
vandalism,1.6,2,2
snide,1.6,2,2
blare,1.6,2,2
nerves,1.6,2,2
shunned,1.6,2,2
depersonalization,1.6,2,2
conflictive,1.6,2,2
waypoint,1.6,2,2
deteriorative,1.6,2,2
deprecator,1.6,2,3
dislocated,1.6,2,2
shoplift,1.6,2,2
pyrotechnics,1.6,2,2
dysmorphic,1.6,2,2
aversion,1.6,2,1
hotbox,1.6,2,2
infatuate,1.6,2,2
abnormality,1.6,2,2
interviewee,1.6,2,3
disrupting,1.6,2,2
extremist,1.6,2,2
syphilis,1.6,2,2
incursion,1.59,2,2
cowardice,1.59,2,1
conquerer,1.59,2,3
obtrusive,1.58,2,2
retrogression,1.58,2,2
exhaustion,1.58,2,2
sleepless,1.58,2,1
vehemence,1.58,2,2
inclemency,1.58,2,2
autopsy,1.58,2,2
inexorably,1.58,2,1
harsh,1.57,2,2
embattlement,1.57,2,2
overemphatic,1.57,2,2
besmirch,1.57,2,2
excessively,1.57,2,2
clampdown,1.57,2,2
chloroform,1.57,2,3
slamming,1.57,2,2
twitchily,1.57,2,2
fml,1.57,2,3
herniated,1.57,2,2
accusatory,1.57,2,1
substandard,1.57,2,2
mononucleosis,1.57,2,2
unsubtle,1.57,2,2
irrationally,1.57,2,2
burdened,1.57,2,2
reinitiate,1.57,2,2
wickedness,1.57,2,2
arrestee,1.57,2,2
graveside,1.57,2,2
berserker,1.57,2,2
eugenics,1.57,2,3
offensive,1.57,2,2
unforgivably,1.57,2,2
tightrope,1.57,2,2
unorganized,1.57,2,2
slitting,1.57,2,2
conspired,1.57,2,2
sketchiness,1.57,2,2
destructible,1.57,2,2
blameworthy,1.57,2,1
disappointer,1.57,2,3
stormily,1.57,2,2
distemper,1.57,2,2
bipolar,1.57,2,2
grabbing,1.57,2,3
thieving,1.57,2,2
overzealously,1.57,2,2
sciatica,1.57,2,2
reproach,1.57,2,2
retard,1.57,2,2
hectically,1.57,2,2
overdramatically,1.57,2,3
sickliness,1.57,2,2
screwyou,1.57,2,3
roust,1.57,2,2
compulsivity,1.57,2,2
pitiable,1.57,2,2
unpleasantly,1.57,2,1
exhibitionist,1.57,2,2
newsflash,1.57,2,2
shellacking,1.57,2,2
erratically,1.57,2,2
inaccessible,1.57,2,3
churlish,1.57,2,2
dialysis,1.57,2,2
revolt,1.57,2,2
dilemma,1.57,2,2
disagreeably,1.57,2,2
petulance,1.57,2,2
spookily,1.57,2,1
misled,1.57,2,2
taunt,1.57,2,2
sorely,1.57,2,2
measles,1.57,2,3
wartime,1.57,2,2
adhd,1.57,2,2
plaintively,1.57,2,3
icebound,1.57,2,2
compulsive,1.57,2,2
venereal,1.57,2,2
confiscate,1.57,2,2
brutalism,1.57,2,3
scribbled,1.57,2,2
repressively,1.57,2,2
guzzler,1.57,2,2
blares,1.57,2,2
freeload,1.57,2,2
brainwashed,1.57,2,2
safebreaker,1.57,2,3
scalpel,1.57,2,2
rebuke,1.57,2,2
feelingdown,1.57,2,1
inquisitional,1.57,2,2
undesirable,1.57,2,2
unpardonably,1.57,2,2
disturbed,1.57,2,2
forlornly,1.57,2,1
procrastinator,1.57,2,2
inhospitable,1.57,2,2
insult,1.57,2,2
spinout,1.57,2,2
inferiority,1.57,2,1
unrelenting,1.57,2,2
adversarial,1.57,2,2
immodestly,1.57,2,3
paramilitary,1.57,2,2
disorganization,1.56,2,2
fainthearted,1.56,2,2
mismanagement,1.56,2,2
avoidance,1.56,2,2
impatient,1.56,2,2
deplore,1.56,2,2
projectile,1.56,2,3
coward,1.56,2,2
unpleasantness,1.56,2,2
unworthiness,1.56,2,1
inciter,1.56,2,2
accident,1.56,2,2
squirm,1.56,2,2
energetic,1.56,2,2
purge,1.56,2,2
gout,1.56,2,2
trial,1.56,2,2
deceptiveness,1.56,2,2
ultimatum,1.56,2,2
expose,1.56,2,2
alienate,1.56,2,2
flying,1.56,2,2
obfuscation,1.56,2,2
rapaciousness,1.56,2,1
undesired,1.56,2,1
malabsorption,1.56,2,2
perpetrate,1.56,2,2
damageability,1.56,2,3
chaotically,1.56,2,2
evildoing,1.56,2,2
mistrust,1.56,2,2
dogsick,1.56,2,2
blast,1.56,2,2
annoying,1.56,2,1
guerilla,1.56,2,2
overexert,1.56,2,2
looter,1.56,2,2
sweatiness,1.56,2,2
surcharge,1.56,2,1
evasive,1.56,2,1
patricidal,1.56,2,1
discouragement,1.56,2,2
rattle,1.56,2,2
overcharged,1.56,2,2
cumbersome,1.56,2,2
criticized,1.56,2,2
destroyer,1.56,2,2
quagmire,1.56,2,2
litigation,1.56,2,2
vulture,1.56,2,1
contagious,1.56,2,2
odiousness,1.56,2,2
filthiness,1.56,2,2
onerous,1.56,2,2
unmanly,1.56,2,2
felon,1.56,2,2
precipitous,1.56,2,2
audacity,1.56,2,2
enfeebled,1.56,2,2
fecal,1.56,2,2
overanalyze,1.56,2,2
obtrusiveness,1.56,2,2
intolerance,1.56,2,2
squalor,1.56,2,2
wince,1.56,2,2
angrytweet,1.56,2,1
lying,1.56,2,2
prejudicial,1.56,2,2
disquieted,1.56,2,2
strenuous,1.56,2,2
ostracized,1.56,2,2
breakdown,1.56,2,2
pompous,1.56,2,2
daring,1.56,2,2
irritably,1.56,2,2
censor,1.56,2,2
try,1.56,2,3
gale,1.56,2,1
tonsillectomy,1.56,2,2
laryngoscopy,1.56,2,3
abortion,1.56,2,1
degrade,1.56,2,1
cunnilingus,1.56,2,3
clutches,1.56,2,3
instigate,1.56,2,2
unpreventable,1.56,2,2
bruiser,1.56,2,1
arouse,1.56,2,2
surge,1.56,2,2
cardiomyopathy,1.56,2,2
shoved,1.56,2,2
rejected,1.56,2,2
disparagement,1.56,2,2
faintheartedly,1.56,2,2
unrealistic,1.56,2,2
shiftiness,1.56,2,2
salaciously,1.56,2,3
rearmament,1.56,2,2
avaricious,1.56,2,2
captor,1.56,2,2
confuse,1.56,2,2
bastardize,1.56,2,2
haywire,1.56,2,2
juggernaut,1.56,2,2
ailment,1.56,2,2
bizarre,1.56,2,2
colonialism,1.56,2,2
dagger,1.55,2,1
confrontation,1.55,2,1
infringe,1.55,2,2
inflammably,1.54,2,2
formidability,1.54,2,2
roughhouse,1.54,2,2
sucking,1.54,2,1
damage,1.54,2,2
pretentious,1.54,2,2
hurry,1.54,2,2
jerky,1.54,2,1
crucial,1.54,2,1
faze,1.54,2,1
contortion,1.54,2,2
grotesque,1.54,2,2
overcapacity,1.54,2,2
parasitism,1.54,2,2
nervy,1.54,2,1
bizarreness,1.53,2,2
impiety,1.53,2,2
doldrums,1.52,2,1
armed,1.52,2,2
inflationism,1.5,2,2
confrontational,1.5,2,2
liquidate,1.5,2,2
distention,1.5,2,3
blacklist,1.5,2,2
discouraging,1.5,2,2
hypothyroid,1.5,2,2
offensively,1.5,2,2
culpable,1.5,2,2
overconcentration,1.5,2,2
misallocation,1.5,2,2
apparition,1.5,2,3
feebleness,1.5,2,2
preholiday,1.5,2,2
itchy,1.5,2,2
streetwalker,1.5,2,2
blubbery,1.5,2,2
conscription,1.5,2,2
slimy,1.5,2,2
chiseler,1.5,2,2
rogue,1.5,2,2
intrusion,1.5,2,2
sclerosis,1.5,2,2
unexpected,1.5,2,2
tighten,1.5,2,2
dogmatic,1.5,2,2
reoffend,1.5,2,2
whorishly,1.5,2,2
adulteration,1.5,2,2
unreasonable,1.5,2,2
yapping,1.5,2,2
crypt,1.5,2,2
lacerated,1.5,2,2
deport,1.5,2,2
memorization,1.5,2,2
conquest,1.5,2,2
disparager,1.5,2,2
incriminate,1.5,2,2
asthmatic,1.5,2,2
ignite,1.5,2,2
diarrhea,1.5,2,2
expectation,1.5,2,2
withering,1.5,2,2
cautioner,1.5,2,2
poignantly,1.5,2,2
minesweeper,1.5,2,2
perverse,1.5,2,2
furtively,1.5,2,2
restrictive,1.5,2,2
bigoted,1.5,2,2
stumbled,1.5,2,2
cheatable,1.5,2,1
parasail,1.5,2,2
disappointing,1.5,2,2
obsessed,1.5,2,2
buried,1.5,2,2
elective,1.5,2,2
spies,1.5,2,3
hellbender,1.5,2,2
snapped,1.5,2,2
exploitation,1.5,2,2
exhume,1.5,2,2
omen,1.5,2,1
bluebottle,1.5,2,2
wreckage,1.5,2,2
grotesqueness,1.5,2,2
defacement,1.5,2,2
plummet,1.5,2,2
warped,1.5,2,1
antipsychotic,1.5,2,3
wary,1.5,2,2
abolitionary,1.5,2,2
clowns,1.5,2,2
jerks,1.5,2,2
snafu,1.5,2,2
lupus,1.5,2,2
temptation,1.5,2,2
inflammation,1.5,2,2
shabby,1.5,2,2
madly,1.5,2,2
deluded,1.5,2,2
disturbance,1.5,2,2
hairstylist,1.5,2,2
temperamental,1.5,2,2
retrenchment,1.5,2,2
lambaste,1.5,2,2
fetid,1.5,2,2
manfully,1.5,2,2
shrill,1.5,2,2
hardboiled,1.5,2,2
mobster,1.5,2,2
destroy,1.5,2,2
irrationality,1.5,2,2
squeezed,1.5,2,2
climactic,1.5,2,2
misadvised,1.5,2,2
unstaunched,1.5,2,2
haggard,1.5,2,2
thrown,1.5,2,2
backboneless,1.5,2,2
unhealthiness,1.5,2,2
condemnatory,1.5,2,2
insubordinate,1.5,2,2
roadblock,1.5,2,2
gullible,1.5,2,2
gang,1.5,2,2
televangelism,1.5,2,2
inflexibility,1.5,2,2
contagiousness,1.5,2,2
spoilt,1.5,2,2
disparage,1.5,2,2
botch,1.5,2,2
furor,1.5,2,2
scalper,1.5,2,2
illiteracy,1.5,2,2
melodramatic,1.5,2,2
revilement,1.5,2,2
fiery,1.5,2,2
nuisance,1.5,2,2
misfortune,1.5,2,2
gaudiness,1.5,2,2
congestive,1.5,2,3
flood,1.5,2,3
unluckiness,1.5,2,1
configuration,1.5,2,3
contagion,1.5,2,2
haggardly,1.5,2,2
misreport,1.5,2,2
ballistics,1.5,2,3
breakup,1.5,2,2
suffer,1.5,2,2
embarrassing,1.5,2,2
trickily,1.5,2,2
berate,1.5,2,2
thorny,1.5,2,2
blusterous,1.5,2,3
draconian,1.5,2,2
abandonment,1.5,2,2
antivaxxer,1.5,2,2
contaminated,1.5,2,2
deaden,1.5,2,2
razorblade,1.5,2,2
acerbate,1.5,2,2
disintegrative,1.5,2,2
militarism,1.5,2,2
infirmity,1.5,2,2
retouch,1.5,2,2
flirt,1.5,2,2
debacle,1.5,2,2
cyborg,1.5,2,3
zealot,1.5,2,3
roadrage,1.5,2,2
malarial,1.5,2,2
bullheadedness,1.5,2,2
revengefully,1.5,2,3
irrepressibly,1.5,2,2
disagreeability,1.5,2,2
spammers,1.5,2,2
incessantness,1.5,2,2
sick,1.5,2,2
elope,1.5,2,2
tapeworm,1.5,2,2
unruly,1.5,2,2
respirator,1.5,2,2
hardheartedness,1.5,2,3
squander,1.5,2,2
pressurizer,1.5,2,2
aviate,1.5,2,3
voyeuristic,1.5,2,2
bullfight,1.5,2,2
formalization,1.5,2,3
unapproachable,1.5,2,1
futileness,1.5,2,2
dependency,1.5,2,1
unresponsive,1.5,2,2
batty,1.5,2,2
needy,1.5,2,1
frau,1.5,2,2
certifiable,1.5,2,2
faerie,1.5,2,2
watchfulness,1.5,2,2
contraband,1.5,2,2
incision,1.5,2,2
torrent,1.5,2,2
lewd,1.5,2,2
abduction,1.5,2,0
bellower,1.5,2,2
overcompensate,1.5,2,2
unwarily,1.5,2,2
boisterous,1.5,2,1
dissection,1.5,2,2
coercive,1.5,2,2
unbridled,1.5,2,2
unrest,1.5,2,2
reasonably,1.5,2,2
raucousness,1.5,2,2
spitter,1.5,2,2
inadvisable,1.5,2,2
lecherously,1.5,2,2
gunned,1.5,2,2
unsustainable,1.5,2,2
ramshackle,1.5,2,2
counterterrorist,1.5,2,2
hotheadedly,1.5,2,2
unrealizable,1.5,2,1
stalk,1.5,2,2
groupie,1.5,2,2
worries,1.5,2,2
grovel,1.5,2,2
febrile,1.5,2,2
transduction,1.5,2,2
bribe,1.5,2,2
debauch,1.5,2,2
apprehensibility,1.5,2,2
fitfulness,1.5,2,2
inhumanely,1.5,2,2
consumptive,1.5,2,2
sicko,1.5,2,2
overshoot,1.5,2,2
voodoo,1.5,2,1
unsecured,1.5,2,2
gargoyle,1.5,2,2
parasitical,1.5,2,2
bicker,1.5,2,2
overloud,1.5,2,2
impending,1.5,2,2
censorship,1.5,2,2
flinch,1.5,2,2
troubled,1.5,2,2
overzealousness,1.5,2,2
sniveling,1.5,2,2
interception,1.5,2,1
buzzed,1.5,2,2
abandoned,1.5,2,1
crusade,1.5,2,2
underproduction,1.5,2,2
queasiness,1.5,2,2
scrounge,1.5,2,2
rethink,1.5,2,2
spy,1.5,2,2
letdown,1.5,2,2
seduction,1.5,2,2
pissesmeoff,1.5,2,2
insurgent,1.5,2,2
overgrowth,1.5,2,3
mosquito,1.5,2,2
edema,1.5,2,2
drained,1.5,2,2
killable,1.5,2,2
punched,1.5,2,2
overrule,1.5,2,2
provocateur,1.5,2,2
puncture,1.5,2,3
disorderliness,1.5,2,2
lamenter,1.5,2,2
diabolic,1.5,2,2
gun,1.5,2,2
antagonize,1.5,2,2
guinea,1.5,2,3
persecutor,1.5,2,2
counterattack,1.5,2,2
witchlike,1.5,2,3
overprice,1.5,2,1
unethically,1.5,2,2
airframe,1.5,2,3
goggled,1.5,2,3
libelous,1.5,2,2
weepy,1.5,2,2
discomfort,1.5,2,2
galvanic,1.5,2,3
indefensibleness,1.5,2,2
penalize,1.5,2,2
mage,1.5,2,3
hyper,1.5,2,2
attach,1.5,2,2
debasement,1.5,2,2
yelling,1.5,2,2
sinful,1.5,2,2
undrinkable,1.5,2,2
mudslinging,1.5,2,2
unsympathetic,1.5,2,3
viper,1.5,2,3
overbought,1.5,2,2
dare,1.5,2,2
bloated,1.5,2,2
restrain,1.5,2,2
whistleblower,1.5,2,2
skimp,1.5,2,2
forcible,1.5,2,2
pitfall,1.5,2,2
staphylococcal,1.5,2,3
flagellated,1.5,2,2
compulsiveness,1.5,2,2
overprotective,1.5,2,2
congestion,1.5,2,2
bigamy,1.5,2,3
larceny,1.5,2,2
aggressiveness,1.5,2,2
shamed,1.5,2,2
derision,1.5,2,2
outrace,1.5,2,3
truancy,1.5,2,2
decrepit,1.5,2,2
abort,1.5,2,2
hemorrhoid,1.5,2,2
nasty,1.5,2,2
histrionic,1.5,2,1
punitively,1.5,2,2
burglarproof,1.5,2,2
mescaline,1.5,2,2
lose,1.5,2,2
worsen,1.5,2,2
bureaucracy,1.5,2,2
execute,1.49,1,1
commotion,1.47,1,1
swollen,1.47,1,1
speedball,1.46,1,2
heaviness,1.46,1,1
unfaithfulness,1.46,1,1
downcast,1.46,1,2
underhandedly,1.46,1,2
irresolution,1.46,1,1
screwy,1.46,1,1
innards,1.46,1,3
rupture,1.46,1,2
frankenstein,1.46,1,2
inaccuracy,1.46,1,1
emasculated,1.45,1,2
bondage,1.45,1,2
direly,1.45,1,2
alone,1.45,1,2
pesticide,1.45,1,1
zealotry,1.45,1,1
peevishly,1.45,1,1
imbecilic,1.45,1,2
tangled,1.44,1,1
unquiet,1.44,1,1
infernal,1.44,1,2
blockade,1.44,1,2
hysteric,1.44,1,2
truculent,1.44,1,2
heretic,1.44,1,2
charmer,1.44,1,2
battleground,1.44,1,1
hangry,1.44,1,1
indefensibility,1.44,1,2
roulette,1.44,1,2
astonishment,1.44,1,2
upset,1.44,1,1
accuser,1.44,1,2
muckraker,1.44,1,3
nationalistic,1.44,1,1
cyst,1.44,1,2
graceless,1.44,1,1
ultranationalist,1.44,1,2
unexpectedness,1.44,1,1
desecrater,1.44,1,0
goddamn,1.44,1,2
preventively,1.44,1,3
purposelessness,1.44,1,1
theatrics,1.44,1,1
oversensitive,1.44,1,1
detention,1.44,1,1
prelaunch,1.44,1,2
dishonestly,1.44,1,2
crime,1.44,1,2
desiccation,1.44,1,2
pox,1.44,1,2
jolt,1.44,1,1
infertile,1.44,1,3
newjob,1.44,1,3
sudden,1.44,1,2
vampire,1.44,1,2
doubtful,1.44,1,1
headlong,1.44,1,2
fib,1.44,1,2
anemia,1.44,1,2
extremely,1.44,1,3
quarrelsome,1.44,1,1
marginalize,1.44,1,2
unauthenticated,1.44,1,2
craziest,1.44,1,1
incompetency,1.44,1,1
firing,1.44,1,2
scorcher,1.44,1,2
whirlwind,1.44,1,2
boiling,1.44,1,2
intensify,1.44,1,1
exciting,1.44,1,1
retaliatory,1.44,1,2
infective,1.44,1,1
fluttery,1.44,1,2
unanticipated,1.44,1,1
costly,1.44,1,1
fiendishness,1.44,1,1
unacceptable,1.44,1,1
liquefaction,1.44,1,1
flighty,1.44,1,2
confined,1.44,1,2
contemptible,1.44,1,1
unresolved,1.44,1,1
deficiency,1.44,1,2
cursed,1.44,1,1
falsify,1.44,1,2
uptight,1.44,1,1
licentiousness,1.44,1,1
autocratically,1.44,1,2
sketchy,1.44,1,2
underfed,1.44,1,1
soldier,1.44,1,3
lightheadedness,1.44,1,2
smuggling,1.44,1,2
rant,1.44,1,2
shamefully,1.44,1,2
shiftlessness,1.44,1,1
afire,1.44,1,2
moneygrubber,1.44,1,2
controversially,1.44,1,2
pounced,1.44,1,1
reconciliation,1.44,1,2
plaintive,1.44,1,1
capitulate,1.44,1,2
venomousness,1.44,1,2
devilish,1.44,1,2
disgustingness,1.43,1,2
rebottle,1.43,1,2
consternate,1.43,1,2
slither,1.43,1,1
backyarder,1.43,1,2
marauder,1.43,1,2
uncharitably,1.43,1,1
suspiciously,1.43,1,1
hurryup,1.43,1,2
vacillation,1.43,1,2
typescript,1.43,1,2
cliff,1.43,1,2
sluttish,1.43,1,2
cuckoldry,1.43,1,2
controlling,1.43,1,1
greenhorn,1.43,1,2
pollute,1.43,1,2
unreliability,1.43,1,1
blunder,1.43,1,2
hesitated,1.43,1,1
homesickness,1.43,1,1
mumbo,1.43,1,2
cramped,1.43,1,1
happyheart,1.43,1,2
extraction,1.43,1,2
plagiarism,1.43,1,2
bony,1.43,1,2
fellate,1.43,1,2
shackle,1.43,1,2
viral,1.43,1,2
reeling,1.43,1,2
whereupon,1.43,1,2
irreconcilable,1.43,1,1
tearful,1.43,1,1
timewasters,1.43,1,2
hailer,1.43,1,2
pretentiousness,1.43,1,1
immunize,1.43,1,1
altercate,1.43,1,2
incompletion,1.43,1,2
cottonmouth,1.43,1,2
tightness,1.43,1,1
desexualize,1.43,1,2
featherhead,1.43,1,2
inflict,1.43,1,1
rigged,1.43,1,1
obstruction,1.43,1,2
beryllium,1.43,1,2
misclassify,1.43,1,2
parasite,1.43,1,2
overconfidence,1.43,1,2
lurch,1.43,1,1
floodway,1.43,1,2
improvidence,1.43,1,2
insurrectionary,1.43,1,2
rashly,1.43,1,1
unfeasibility,1.43,1,2
surmise,1.43,1,2
wigmaker,1.43,1,2
covetousness,1.43,1,1
expletive,1.43,1,2
adenoid,1.43,1,2
militancy,1.43,1,2
treasonable,1.43,1,2
heretical,1.43,1,1
immunodeficiency,1.43,1,2
overtiredness,1.43,1,2
retributive,1.43,1,1
misappropriation,1.43,1,2
uncorrectable,1.43,1,1
carries,1.43,1,2
extraditable,1.43,1,2
dour,1.43,1,2
incivility,1.43,1,1
pored,1.43,1,2
smash,1.43,1,2
aids,1.43,1,2
stinging,1.43,1,2
premature,1.43,1,1
parentless,1.43,1,1
unpeel,1.43,1,2
vilify,1.43,1,2
nutty,1.43,1,2
deface,1.43,1,2
lacerative,1.43,1,2
triggerman,1.43,1,2
intertribal,1.43,1,2
paratroop,1.43,1,2
transplantation,1.42,1,1
shirker,1.42,1,1
stayaway,1.42,1,1
unequipped,1.42,1,2
harlot,1.42,1,1
obsequious,1.42,1,1
topple,1.41,1,1
mishap,1.41,1,1
expel,1.4,1,2
tremendousness,1.4,1,2
heckle,1.4,1,2
criticize,1.4,1,2
upswing,1.4,1,2
vanquished,1.4,1,2
sadden,1.4,1,1
revoked,1.4,1,2
cliquishness,1.4,1,2
captivating,1.4,1,2
bawl,1.4,1,2
shout,1.4,1,1
drug,1.4,1,2
disorder,1.4,1,2
guardable,1.4,1,2
famished,1.4,1,2
spied,1.4,1,1
boisterously,1.4,1,2
spikiness,1.4,1,1
desecration,1.4,1,2
trouble,1.4,1,1
kremlin,1.4,1,0
adversely,1.4,1,1
formidable,1.4,1,2
depravedly,1.4,1,2
quicken,1.4,1,2
bleakly,1.4,1,1
unpurified,1.4,1,2
underhanded,1.4,1,1
fatalistic,1.4,1,1
ineffectuality,1.4,1,1
startling,1.4,1,1
snotty,1.4,1,2
hurriedly,1.4,1,2
insatiably,1.4,1,1
obtrusively,1.4,1,2
dehydrate,1.4,1,2
improvised,1.4,1,2
unpermitted,1.4,1,2
piracy,1.4,1,2
stricken,1.4,1,2
futility,1.4,1,2
cries,1.4,1,2
litigiousness,1.4,1,1
taskmistress,1.4,1,3
trafficking,1.4,1,2
embellisher,1.4,1,1
pinkeye,1.4,1,2
testy,1.4,1,2
misguided,1.4,1,1
bamboozlement,1.4,1,2
biopsy,1.4,1,1
hangman,1.4,1,1
chauvinism,1.4,1,1
capture,1.4,1,2
bloodshed,1.4,1,2
fretfulness,1.4,1,2
randy,1.4,1,3
impoliteness,1.4,1,1
scrappy,1.4,1,2
septic,1.4,1,2
crying,1.4,1,1
pester,1.4,1,1
micromanage,1.4,1,1
jitter,1.4,1,1
escalation,1.4,1,2
orthodontist,1.4,1,2
drencher,1.4,1,2
controvertibly,1.4,1,2
rockslide,1.4,1,2
gullibility,1.4,1,1
flammability,1.4,1,2
burlesque,1.4,1,1
confused,1.4,1,2
inject,1.4,1,1
accusatorial,1.4,1,2
enemy,1.4,1,2
hackle,1.4,1,2
caffeine,1.4,1,2
unhappiness,1.4,1,1
conspiratorial,1.4,1,2
troublemaker,1.4,1,1
falsified,1.4,1,2
elan,1.4,1,2
breadline,1.4,1,2
unwieldiness,1.4,1,3
grumpy,1.4,1,1
glumly,1.4,1,1
loudmouth,1.4,1,1
bastards,1.4,1,2
provocation,1.4,1,1
precariously,1.4,1,1
debriefing,1.4,1,2
lustful,1.4,1,1
squeamish,1.4,1,1
downhearted,1.4,1,1
criticality,1.4,1,1
entrap,1.4,1,2
unthankfully,1.4,1,2
bickerer,1.4,1,1
wrecked,1.4,1,2
battle,1.4,1,2
irritant,1.4,1,1
impulsive,1.4,1,2
deprived,1.4,1,2
unduly,1.4,1,1
untruthful,1.4,1,1
caries,1.4,1,1
nymphomaniac,1.4,1,2
welt,1.4,1,1
copperhead,1.4,1,2
missiles,1.4,1,2
caesarian,1.4,1,2
erroneousness,1.4,1,1
precautious,1.4,1,2
discourager,1.4,1,2
binge,1.4,1,2
ethnocentrism,1.4,1,1
cracked,1.4,1,1
instigator,1.4,1,2
drunken,1.4,1,1
dipshit,1.4,1,1
decayed,1.4,1,1
hoodlum,1.4,1,2
unsteadiness,1.4,1,1
overcritical,1.4,1,2
overthink,1.4,1,1
protester,1.4,1,1
damager,1.4,1,2
sensational,1.4,1,2
nincompoop,1.4,1,2
undependable,1.4,1,2
abortionist,1.4,1,2
shocker,1.4,1,2
flare,1.4,1,1
corrupting,1.4,1,2
fervor,1.4,1,1
dunghill,1.4,1,3
bewitched,1.4,1,2
turpitude,1.4,1,2
prohibit,1.4,1,1
callously,1.4,1,1
unsettledness,1.4,1,1
penetration,1.4,1,3
unrequited,1.4,1,1
misdeed,1.4,1,2
misgiving,1.4,1,1
inebriate,1.4,1,1
whammy,1.4,1,1
wrestling,1.4,1,3
bubonic,1.4,1,3
intensive,1.4,1,2
humvee,1.4,1,2
rashness,1.4,1,1
voracity,1.4,1,2
recriminate,1.4,1,1
momentousness,1.4,1,2
perplexity,1.4,1,1
loneliness,1.4,1,2
disentombment,1.4,1,2
confiner,1.4,1,2
inadaptable,1.4,1,3
betray,1.4,1,1
pyrotechnic,1.4,1,2
parolee,1.4,1,2
witch,1.39,1,1
coastal,1.39,1,1
hurried,1.38,1,1
uprising,1.38,1,2
swollenness,1.38,1,2
disjointedness,1.38,1,2
underhandedness,1.38,1,2
demeaned,1.38,1,1
lawless,1.38,1,2
bride,1.38,1,2
friendless,1.38,1,1
unproductive,1.38,1,1
dejection,1.38,1,2
corrupt,1.38,1,2
problem,1.38,1,1
outlandishness,1.38,1,2
heighten,1.38,1,2
shenanigan,1.38,1,2
unsocial,1.38,1,2
mutineer,1.38,1,2
swear,1.38,1,1
escaper,1.38,1,2
harmfully,1.38,1,2
unpleasant,1.38,1,1
disparaging,1.38,1,1
drugmaker,1.38,1,2
recalcitrant,1.38,1,2
ridicule,1.38,1,1
deviancy,1.38,1,2
impairment,1.38,1,2
fang,1.38,1,2
disunity,1.38,1,1
inexorability,1.38,1,2
besought,1.38,1,2
estranged,1.38,1,1
stockbroker,1.38,1,2
dubiousness,1.38,1,2
scold,1.38,1,1
repentant,1.38,1,2
gory,1.38,1,2
dishonorable,1.38,1,2
bonehead,1.38,1,2
undignified,1.38,1,1
bitch,1.38,1,2
crash,1.38,1,2
laxative,1.38,1,1
crowdedness,1.38,1,1
kerosene,1.38,1,2
obnoxiously,1.38,1,2
uncanny,1.38,1,2
heartbrokenly,1.38,1,2
blindfold,1.38,1,2
insolence,1.38,1,1
injudiciousness,1.38,1,2
contentious,1.38,1,2
confusion,1.38,1,2
thump,1.38,1,2
ticked,1.38,1,2
thudding,1.38,1,2
manslaughter,1.38,1,2
rush,1.38,1,1
disarrangement,1.38,1,1
prosperousness,1.38,1,2
bear,1.38,1,2
arduous,1.38,1,1
attempt,1.38,1,2
polluted,1.38,1,1
wonky,1.38,1,1
wounds,1.38,1,2
sunburn,1.38,1,2
pilferage,1.38,1,1
rickety,1.38,1,2
mesmeric,1.38,1,2
rigmarole,1.38,1,1
nag,1.38,1,2
internment,1.38,1,2
gambler,1.38,1,1
unguarded,1.38,1,2
kleptomaniac,1.38,1,2
forlorn,1.38,1,1
lastminute,1.38,1,2
strained,1.38,1,2
bizarrely,1.38,1,2
brawl,1.38,1,2
counterplot,1.38,1,2
conman,1.38,1,2
abolition,1.38,1,2
cockeye,1.38,1,2
repossess,1.38,1,2
misinform,1.38,1,1
disputative,1.38,1,2
blindside,1.38,1,2
lottery,1.38,1,2
scorned,1.38,1,2
virus,1.38,1,2
discrimination,1.38,1,1
vilification,1.38,1,1
jugular,1.38,1,2
peevishness,1.38,1,2
fled,1.38,1,1
spasticity,1.38,1,2
pained,1.38,1,2
messedup,1.38,1,2
shortage,1.38,1,2
legalist,1.38,1,2
smuggle,1.38,1,2
subversive,1.37,1,1
counterfeiter,1.36,1,0
rancidity,1.36,1,2
inharmonious,1.36,1,2
scram,1.36,1,2
expired,1.36,1,1
desperado,1.36,1,2
impossibility,1.36,1,2
teary,1.36,1,1
deceivable,1.36,1,2
unwieldy,1.36,1,2
stun,1.36,1,2
roughshod,1.36,1,2
cremated,1.36,1,2
unsociable,1.36,1,2
interminable,1.36,1,1
lethality,1.36,1,2
impudence,1.36,1,2
tearaway,1.36,1,2
fumigate,1.36,1,2
crowded,1.36,1,1
breakage,1.35,1,2
audit,1.35,1,2
argument,1.35,1,1
constraint,1.34,1,1
secluded,1.34,1,1
sludge,1.33,1,2
crustaceous,1.33,1,2
narcoleptic,1.33,1,2
remilitarize,1.33,1,2
trickiness,1.33,1,1
interruptive,1.33,1,2
faithlessness,1.33,1,2
undemocratic,1.33,1,2
malodorous,1.33,1,2
shifting,1.33,1,2
aggravate,1.33,1,1
troublesomeness,1.33,1,1
painfully,1.33,1,2
scurry,1.33,1,1
hypermetric,1.33,1,2
retrench,1.33,1,2
osteoporosis,1.33,1,1
besotted,1.33,1,2
gridlock,1.33,1,2
unwinnable,1.33,1,2
overeaten,1.33,1,2
dismissiveness,1.33,1,2
centaur,1.33,1,2
unscrupulously,1.33,1,1
intemperance,1.33,1,1
unpredicted,1.33,1,2
torrid,1.33,1,1
insolent,1.33,1,2
bigotry,1.33,1,1
irksomely,1.33,1,1
counterpropaganda,1.33,1,2
fretful,1.33,1,1
ghoulishly,1.33,1,2
scrambling,1.33,1,2
swerve,1.33,1,2
exuberance,1.33,1,2
serf,1.33,1,2
geostrategic,1.33,1,2
unsuccessfulness,1.33,1,1
intercommunicate,1.33,1,2
buzzing,1.33,1,1
sneakiness,1.33,1,1
sweaty,1.33,1,1
circumnavigator,1.33,1,2
epidemical,1.33,1,2
war,1.33,1,2
inept,1.33,1,1
stingray,1.33,1,2
thundershower,1.33,1,2
uncompassionate,1.33,1,2
sensitizer,1.33,1,2
inappropriate,1.33,1,2
lawsuit,1.33,1,2
rudderless,1.33,1,2
seducing,1.33,1,2
aflame,1.33,1,1
frowning,1.33,1,1
worrywart,1.33,1,2
cauterization,1.33,1,2
pessimistically,1.33,1,2
narrowing,1.33,1,1
prognostication,1.33,1,2
switchblade,1.33,1,1
flub,1.33,1,2
determinist,1.33,1,2
bully,1.33,1,2
slavish,1.33,1,2
ineffective,1.33,1,1
vexation,1.33,1,2
faultfinding,1.33,1,2
persistent,1.33,1,2
squirmy,1.33,1,2
insubordinately,1.33,1,2
obsess,1.33,1,2
loony,1.33,1,1
busted,1.33,1,1
flagellate,1.33,1,2
iniquitous,1.33,1,1
falsity,1.33,1,2
catalyst,1.33,1,2
coronet,1.33,1,2
fog,1.33,1,2
electroconvulsive,1.33,1,2
irreparably,1.33,1,2
hydrolytic,1.33,1,2
interchanger,1.33,1,2
implore,1.33,1,2
disappoint,1.33,1,2
misfire,1.33,1,2
herbicide,1.33,1,1
crabbing,1.33,1,2
smartcard,1.33,1,2
statist,1.33,1,2
wrangling,1.33,1,2
breakingnews,1.33,1,2
unconverted,1.33,1,2
pushiness,1.33,1,2
bunker,1.33,1,2
barricade,1.33,1,1
malnourishment,1.33,1,1
remix,1.33,1,2
maligned,1.33,1,2
slinkiness,1.33,1,2
incomprehension,1.33,1,1
dishonest,1.33,1,1
replicator,1.33,1,2
militarist,1.33,1,2
insistently,1.33,1,1
knockoff,1.33,1,2
combative,1.33,1,2
lsd,1.33,1,2
snog,1.33,1,2
crawly,1.33,1,1
angioplasty,1.33,1,2
trashiness,1.33,1,1
experimentally,1.33,1,2
semitism,1.33,1,2
directionally,1.33,1,2
constipate,1.33,1,1
demonology,1.33,1,2
litigant,1.33,1,2
urethritis,1.33,1,2
splintery,1.33,1,2
inpatient,1.33,1,2
overbill,1.33,1,2
automatically,1.33,1,2
encumbrance,1.33,1,1
throatily,1.33,1,2
cabaret,1.33,1,2
upbraid,1.33,1,2
ghetto,1.33,1,2
pitiless,1.33,1,1
debased,1.33,1,1
doodlebug,1.33,1,2
insincerely,1.33,1,2
nonsupport,1.33,1,1
housesit,1.33,1,2
hater,1.33,1,2
skulk,1.33,1,1
knobbiness,1.33,1,2
impropriety,1.33,1,1
centerboard,1.33,1,2
thumping,1.33,1,2
deteriorated,1.33,1,2
inconvincible,1.33,1,2
bumpily,1.33,1,2
propagandist,1.33,1,2
wasteful,1.33,1,2
inquisitor,1.33,1,2
inaccessibility,1.33,1,1
burn,1.33,1,2
beamer,1.33,1,2
detoxifier,1.33,1,2
shoplifting,1.33,1,2
thwart,1.33,1,1
seditiousness,1.33,1,2
awesome,1.33,1,1
wrongdoing,1.33,1,2
axe,1.33,1,2
filibuster,1.33,1,2
indecent,1.33,1,1
defiantly,1.33,1,2
flyweight,1.33,1,2
splutter,1.33,1,1
lovesickness,1.33,1,1
guiltiness,1.33,1,1
cantankerous,1.33,1,2
antisocial,1.33,1,1
fumin,1.33,1,2
resubmission,1.33,1,2
itinerate,1.33,1,2
delinquently,1.33,1,2
pressurization,1.33,1,1
bloodstain,1.33,1,1
prolapse,1.33,1,1
unchristian,1.33,1,1
bookroom,1.33,1,2
unachievable,1.33,1,2
silo,1.33,1,2
sciatic,1.33,1,2
indigestibly,1.33,1,2
communicable,1.33,1,2
compassionless,1.33,1,2
militaristic,1.33,1,1
floozy,1.33,1,1
arguable,1.33,1,2
toro,1.33,1,2
uncertainty,1.33,1,1
balaclava,1.33,1,2
indictable,1.33,1,2
mink,1.33,1,2
anticipatory,1.33,1,1
overgraze,1.33,1,2
remodeler,1.33,1,2
firework,1.33,1,1
grabby,1.33,1,1
obstructive,1.33,1,2
bono,1.33,1,2
horsewhip,1.33,1,2
ejection,1.33,1,2
fidget,1.33,1,1
challenged,1.33,1,2
underpaid,1.33,1,2
disrespectful,1.33,1,1
defiled,1.33,1,1
penniless,1.33,1,2
snitch,1.33,1,2
polycystic,1.33,1,2
inefficacy,1.33,1,2
annoyed,1.33,1,2
impotent,1.33,1,2
preconference,1.33,1,2
cancan,1.33,1,2
swarm,1.33,1,2
browbeater,1.33,1,2
prepositional,1.33,1,2
deceitfully,1.33,1,2
porn,1.33,1,1
abuzz,1.33,1,1
unethical,1.33,1,2
impossibly,1.33,1,2
muffled,1.33,1,2
scavenger,1.33,1,2
unsuccessful,1.33,1,1
reacceptance,1.33,1,2
protest,1.33,1,1
radarscope,1.33,1,2
tolerated,1.33,1,2
recompression,1.33,1,2
misread,1.33,1,2
disproportionateness,1.33,1,2
gall,1.33,1,2
notorious,1.33,1,1
exaggerated,1.33,1,1
manipulation,1.33,1,1
toilsome,1.33,1,1
disruptor,1.33,1,2
antsy,1.33,1,1
meddle,1.33,1,1
tollgate,1.33,1,2
buckaroo,1.33,1,2
seismically,1.33,1,2
consumerism,1.33,1,2
incurably,1.33,1,1
implicated,1.31,1,1
usury,1.31,1,1
goddamnit,1.31,1,1
racial,1.31,1,0
disagreeableness,1.31,1,2
austerity,1.31,1,1
strident,1.31,1,1
womanizer,1.31,1,2
antagonism,1.31,1,1
ketamine,1.31,1,2
manslayer,1.31,1,0
improperness,1.31,1,1
sectarianism,1.31,1,2
piteousness,1.31,1,2
doubtfulness,1.3,1,1
wail,1.3,1,2
bonkers,1.3,1,2
rob,1.3,1,2
subpoena,1.3,1,1
pimp,1.3,1,2
abortively,1.3,1,2
interdiction,1.3,1,1
pest,1.3,1,1
woefully,1.3,1,1
evict,1.3,1,1
indoctrination,1.3,1,2
underachievement,1.3,1,1
escalade,1.3,1,2
problematically,1.3,1,1
philanderer,1.3,1,1
conspirator,1.3,1,2
concern,1.3,1,1
bronchitis,1.3,1,1
manipulated,1.3,1,2
contempt,1.3,1,1
irrepressibility,1.3,1,2
irritableness,1.3,1,1
stridency,1.3,1,2
alienation,1.3,1,1
fluctuate,1.3,1,2
convict,1.3,1,2
misalignment,1.3,1,2
ferment,1.3,1,1
incident,1.3,1,2
notoriety,1.3,1,1
crabby,1.3,1,1
scramble,1.3,1,1
eatingdisorders,1.3,1,2
suspicions,1.3,1,1
premenstrual,1.3,1,1
loutish,1.3,1,2
difficultly,1.3,1,1
unwelcome,1.3,1,1
hullabaloo,1.29,1,2
codependent,1.29,1,2
unfairness,1.29,1,1
overinvestment,1.29,1,2
disappointed,1.29,1,1
shadowy,1.29,1,1
carelessness,1.29,1,1
blameful,1.29,1,2
infiltrator,1.29,1,2
raw,1.29,1,2
redbrick,1.29,1,2
depraved,1.29,1,2
ungodliness,1.29,1,2
snobbism,1.29,1,2
dehydration,1.29,1,1
brooding,1.29,1,2
sucks,1.29,1,1
untreated,1.29,1,2
fidgetiness,1.29,1,1
powerless,1.29,1,2
difficulties,1.29,1,1
gingery,1.29,1,2
polygraph,1.29,1,1
necropsy,1.29,1,2
doublespeak,1.29,1,2
stimulator,1.29,1,2
unattractive,1.29,1,1
illogically,1.29,1,2
overstaff,1.29,1,2
flawed,1.29,1,2
nowhere,1.29,1,2
disrespectable,1.29,1,2
cabal,1.29,1,2
cough,1.29,1,1
moonstruck,1.29,1,2
problematical,1.29,1,1
reviler,1.29,1,2
catcall,1.29,1,2
gusher,1.29,1,2
discord,1.29,1,1
feminize,1.29,1,1
aphasia,1.29,1,2
entangle,1.29,1,1
unenergetic,1.29,1,2
highwayman,1.29,1,2
unsaved,1.29,1,2
tight,1.29,1,2
quandary,1.29,1,1
futile,1.29,1,2
flitter,1.29,1,2
drastically,1.29,1,2
lookout,1.29,1,2
crazier,1.29,1,2
pitiably,1.29,1,1
irrational,1.29,1,2
trampled,1.29,1,1
befuddle,1.29,1,2
bewilder,1.29,1,2
strike,1.29,1,2
flexin,1.29,1,2
pornstar,1.29,1,2
whiny,1.29,1,1
unsheltered,1.29,1,2
inaccurate,1.29,1,2
underreporting,1.29,1,1
jaywalker,1.29,1,1
hoard,1.29,1,2
unworkable,1.29,1,1
smut,1.29,1,1
nuke,1.29,1,2
inexpediency,1.29,1,1
struggle,1.29,1,2
sacrilegious,1.29,1,2
fierceness,1.29,1,2
mischief,1.29,1,1
underfund,1.29,1,2
proclaim,1.29,1,1
indoctrinate,1.29,1,2
headwind,1.29,1,2
extemporaneous,1.29,1,2
concernedness,1.29,1,1
uncleanly,1.29,1,1
bureaucratization,1.29,1,2
gore,1.29,1,2
deride,1.29,1,1
slotmachine,1.29,1,1
ironfisted,1.29,1,2
stink,1.29,1,2
drearily,1.29,1,1
ailing,1.29,1,1
unhopeful,1.29,1,1
overdriven,1.29,1,1
paparazzo,1.29,1,2
galled,1.29,1,1
addled,1.29,1,1
slanderous,1.29,1,2
unconfident,1.29,1,1
vermin,1.29,1,2
flaming,1.29,1,2
egotist,1.27,1,1
decay,1.27,1,2
hopelessly,1.27,1,2
heedlessness,1.27,1,1
warning,1.27,1,1
rivalry,1.27,1,1
triumphal,1.27,1,2
hobble,1.27,1,1
quit,1.27,1,1
unrepentant,1.27,1,1
unloving,1.27,1,1
supporter,1.26,1,1
build,1.26,1,1
deviate,1.26,1,1
interview,1.26,1,1
lousy,1.25,1,1
squeamishness,1.25,1,1
goosebumps,1.25,1,1
neglecting,1.25,1,1
shove,1.25,1,2
ambusher,1.25,1,2
abjectness,1.25,1,1
unsoundness,1.25,1,1
snivel,1.25,1,1
combatant,1.25,1,2
incompliance,1.25,1,2
domination,1.25,1,1
faggot,1.25,1,2
pinion,1.25,1,2
aftermath,1.25,1,2
bewitch,1.25,1,1
deficient,1.25,1,1
fretfully,1.25,1,1
exorbitance,1.25,1,2
toocold,1.25,1,2
debase,1.25,1,2
ostentatious,1.25,1,1
freeze,1.25,1,1
disruptive,1.25,1,2
surrealistic,1.25,1,2
knuckleduster,1.25,1,2
wherewith,1.25,1,2
harrow,1.25,1,2
ail,1.25,1,2
spoil,1.25,1,1
jabbed,1.25,1,2
misstep,1.25,1,2
dissatisfaction,1.25,1,1
irrigational,1.25,1,2
spaz,1.25,1,1
chophouse,1.25,1,2
eyestrain,1.25,1,1
frigidness,1.25,1,1
misdemeanor,1.25,1,1
amino,1.25,1,2
forbiddance,1.25,1,2
turd,1.25,1,2
vigilant,1.25,1,1
interference,1.25,1,1
downturn,1.25,1,2
conspiracy,1.25,1,1
stagnation,1.25,1,1
hubris,1.25,1,1
smother,1.25,1,1
accused,1.25,1,1
grandiose,1.25,1,1
invoke,1.25,1,2
criminalize,1.25,1,2
duel,1.25,1,1
indomitability,1.25,1,2
smartass,1.25,1,1
deplorably,1.25,1,1
impasse,1.25,1,2
brusquely,1.25,1,1
disdainfulness,1.25,1,2
suppress,1.25,1,2
derive,1.25,1,2
beseech,1.25,1,1
degraded,1.25,1,1
adventurously,1.25,1,2
suddenness,1.25,1,2
refused,1.25,1,1
clamorous,1.25,1,2
unrewarding,1.25,1,1
tighter,1.25,1,1
exorbitant,1.25,1,2
incompliant,1.25,1,2
fishlike,1.25,1,2
inattention,1.25,1,1
emasculator,1.25,1,2
trapping,1.25,1,2
acne,1.25,1,1
murky,1.25,1,1
scrapped,1.25,1,1
sheesh,1.25,1,2
headaches,1.25,1,2
mortician,1.25,1,2
frequent,1.25,1,2
repressed,1.25,1,1
unaccepted,1.25,1,1
antinational,1.25,1,2
rude,1.25,1,1
obstruct,1.25,1,1
snarky,1.25,1,1
peevish,1.25,1,1
influencer,1.25,1,2
towering,1.25,1,1
strenuously,1.25,1,1
denouncer,1.25,1,2
ganja,1.25,1,1
incommutability,1.25,1,2
lonely,1.25,1,1
undiscernibly,1.25,1,2
hinder,1.25,1,2
predestination,1.25,1,2
disingenuousness,1.25,1,1
dowry,1.25,1,1
fiercely,1.25,1,1
intractable,1.25,1,2
oozy,1.25,1,2
auspicious,1.25,1,1
dislocation,1.25,1,2
grinding,1.25,1,1
christian,1.25,1,2
rapacious,1.25,1,2
jerk,1.25,1,2
onedge,1.25,1,1
spiderlike,1.25,1,1
freakingout,1.25,1,2
quadruplet,1.25,1,2
prying,1.25,1,1
wound,1.25,1,1
barbiturate,1.25,1,2
stocks,1.25,1,2
compel,1.25,1,1
inability,1.25,1,1
converser,1.25,1,2
unsubstantiated,1.25,1,1
teargas,1.25,1,2
avoiding,1.25,1,1
harebrained,1.25,1,2
demotivate,1.25,1,1
yelp,1.25,1,2
ugh,1.25,1,1
invigoration,1.25,1,2
quaky,1.25,1,2
uproar,1.25,1,2
unsteadied,1.25,1,2
inauspiciously,1.25,1,1
obesity,1.25,1,1
highhanded,1.25,1,1
eerily,1.25,1,1
stiffen,1.25,1,1
exorbitantly,1.25,1,2
moroseness,1.25,1,1
crossbow,1.25,1,2
hypercritically,1.25,1,2
manhandle,1.25,1,1
itch,1.25,1,1
befuddlement,1.25,1,2
lustfulness,1.25,1,1
anemic,1.25,1,2
mistook,1.25,1,1
sadist,1.25,1,1
arrogantly,1.25,1,2
bullshit,1.25,1,1
unrecoverable,1.25,1,2
outgain,1.25,1,2
fragile,1.25,1,1
revenge,1.25,1,1
insobriety,1.25,1,1
neglectfulness,1.25,1,1
shamelessness,1.25,1,1
overenthusiastic,1.25,1,1
mousetrap,1.25,1,1
hyperextension,1.25,1,2
puffball,1.25,1,2
resentful,1.25,1,1
vigilance,1.25,1,1
unfounded,1.23,1,1
noisiness,1.23,1,1
pitifully,1.23,1,2
amnesia,1.23,1,1
disagreement,1.23,1,1
tendonitis,1.23,1,2
inapproachability,1.23,1,2
dither,1.23,1,2
frigidity,1.23,1,1
rocket,1.22,1,2
inconsiderate,1.22,1,1
unsightliness,1.22,1,2
recruitment,1.22,1,2
larcenous,1.22,1,2
uninsured,1.22,1,1
guzzling,1.22,1,2
cultish,1.22,1,1
persuader,1.22,1,2
fugitive,1.22,1,1
swearing,1.22,1,1
blushing,1.22,1,1
flipper,1.22,1,2
grubbily,1.22,1,2
hypocrisy,1.22,1,2
inattentive,1.22,1,1
entrapper,1.22,1,2
spite,1.22,1,2
cannibalize,1.22,1,2
newscast,1.22,1,2
surprised,1.22,1,1
barbedwire,1.22,1,2
encroachment,1.22,1,1
heave,1.22,1,2
trickery,1.22,1,1
thundercloud,1.22,1,2
oncologic,1.22,1,2
anarchistic,1.22,1,2
flurry,1.22,1,1
scaffolding,1.22,1,2
unprincipled,1.22,1,2
carsick,1.22,1,1
needed,1.22,1,2
triage,1.22,1,2
abortive,1.22,1,1
objectionable,1.22,1,2
snootiness,1.22,1,1
disobedient,1.22,1,1
fumble,1.22,1,1
corrosive,1.22,1,2
rapid,1.22,1,1
quiver,1.22,1,2
tricky,1.22,1,1
overpopulate,1.22,1,1
backslide,1.22,1,1
oozing,1.22,1,2
incompatible,1.22,1,1
unravel,1.22,1,1
overfish,1.22,1,2
vitriolic,1.22,1,1
verbosely,1.22,1,2
badger,1.22,1,1
preoccupy,1.22,1,1
fussy,1.22,1,1
lurk,1.22,1,2
inoculation,1.22,1,2
quack,1.22,1,2
neediness,1.22,1,1
iconoclasm,1.22,1,1
mislead,1.22,1,1
dominative,1.22,1,2
inhuman,1.22,1,2
police,1.22,1,2
repent,1.22,1,1
siren,1.22,1,2
trigger,1.22,1,1
whirring,1.22,1,2
overpromise,1.22,1,1
heavily,1.22,1,1
blistering,1.22,1,1
rebuff,1.22,1,1
mischievous,1.22,1,1
chronic,1.22,1,1
syncope,1.22,1,2
housebound,1.22,1,1
heartburn,1.22,1,1
quaver,1.22,1,2
garbled,1.22,1,2
shrewish,1.22,1,2
bemoan,1.22,1,1
imprudently,1.22,1,2
susceptibility,1.22,1,1
dishevelment,1.22,1,1
inoperable,1.22,1,1
superstitious,1.22,1,1
flagging,1.22,1,2
jarring,1.22,1,1
immaturely,1.22,1,2
entanglement,1.22,1,1
wrongful,1.22,1,2
takeoff,1.22,1,2
gingivitis,1.22,1,1
anticipation,1.22,1,1
disgrace,1.22,1,1
sore,1.22,1,1
metric,1.22,1,2
mudslide,1.22,1,2
underpayment,1.22,1,1
subservient,1.22,1,1
obstetrician,1.22,1,2
atherosclerosis,1.22,1,2
refusal,1.22,1,1
mishandle,1.22,1,1
poaching,1.22,1,1
clamminess,1.22,1,1
pistol,1.22,1,2
glut,1.22,1,2
bollocks,1.22,1,2
disablement,1.22,1,2
perforation,1.22,1,1
psychiatry,1.22,1,2
ablaze,1.22,1,2
embroiled,1.22,1,1
drunk,1.21,1,1
demagogue,1.21,1,1
inefficiency,1.21,1,1
infamous,1.21,1,1
speculative,1.21,1,1
psychobabble,1.21,1,1
boorish,1.21,1,1
intenseness,1.21,1,2
indemnifier,1.2,1,2
overexposed,1.2,1,1
unmanliness,1.2,1,2
greed,1.2,1,1
upsurge,1.2,1,2
misbehave,1.2,1,1
scummy,1.2,1,2
gambling,1.2,1,1
irresolute,1.2,1,2
theocrat,1.2,1,2
dwindle,1.2,1,1
falsehearted,1.2,1,2
coercionist,1.2,1,2
impedimentary,1.2,1,1
postponement,1.2,1,2
slovenly,1.2,1,1
dragonish,1.2,1,2
incessant,1.2,1,2
stringent,1.2,1,1
interferer,1.2,1,2
woodworm,1.2,1,2
distastefulness,1.2,1,2
doorknocker,1.2,1,2
guesser,1.2,1,2
cornflake,1.2,1,2
roguishly,1.2,1,2
bitten,1.2,1,1
cornstalk,1.2,1,2
squeezer,1.2,1,2
incitation,1.2,1,1
snorer,1.2,1,2
convoluted,1.2,1,1
voyeurism,1.2,1,1
unappetizing,1.2,1,2
snatcher,1.2,1,2
compromised,1.2,1,1
uprise,1.2,1,2
bruise,1.2,1,1
obese,1.2,1,1
rend,1.2,1,2
indignity,1.2,1,2
caving,1.2,1,2
spoilage,1.2,1,1
egomaniac,1.2,1,1
dastardliness,1.2,1,2
gamble,1.2,1,1
backache,1.2,1,2
misconstrue,1.2,1,1
astounding,1.2,1,2
misfortunate,1.2,1,1
compulsion,1.2,1,1
stigmata,1.2,1,2
blotched,1.2,1,1
ironless,1.2,1,2
charlatan,1.2,1,1
vigorousness,1.2,1,2
defund,1.2,1,2
unquenched,1.2,1,2
excretive,1.2,1,2
sneaky,1.2,1,1
convulsively,1.2,1,2
repressiveness,1.2,1,2
overspend,1.2,1,2
slummy,1.2,1,1
outwit,1.2,1,2
remonstrative,1.2,1,1
ugly,1.2,1,2
uppercut,1.2,1,2
pilaf,1.2,1,1
recessionary,1.2,1,2
fears,1.2,1,2
ungallantly,1.2,1,2
downwind,1.2,1,2
sleeplessly,1.2,1,2
timidity,1.2,1,1
sapping,1.2,1,2
misrule,1.2,1,1
incompatibility,1.2,1,2
degradedly,1.2,1,2
throttle,1.2,1,2
unabatedly,1.2,1,2
objectionably,1.2,1,2
firepower,1.2,1,2
bribed,1.2,1,2
syphilitic,1.2,1,2
secessionism,1.2,1,1
belying,1.2,1,2
irk,1.2,1,1
deforestation,1.2,1,2
gravely,1.2,1,1
streaker,1.2,1,2
misapplication,1.2,1,1
fondling,1.2,1,1
exploit,1.2,1,1
hypersexual,1.2,1,2
agonistically,1.2,1,2
flaunty,1.2,1,2
psychopathological,1.2,1,2
impend,1.2,1,2
brutishly,1.2,1,2
ladder,1.2,1,2
paleness,1.2,1,1
suboptimum,1.2,1,2
denaturalization,1.2,1,2
tortuously,1.2,1,2
stupefaction,1.2,1,2
gloom,1.2,1,2
excommunication,1.2,1,2
aggrieve,1.2,1,2
snub,1.2,1,1
snowbound,1.2,1,2
pigheadedness,1.2,1,2
bedbound,1.2,1,2
mismanage,1.2,1,2
uneasy,1.2,1,1
imprudent,1.2,1,1
covertly,1.2,1,1
willies,1.2,1,2
straits,1.2,1,2
grappling,1.2,1,1
snakelike,1.2,1,2
insurrect,1.2,1,2
freshman,1.2,1,2
mistrustfully,1.2,1,2
crazy,1.2,1,2
impairer,1.2,1,2
crankily,1.2,1,1
wringer,1.2,1,1
pottage,1.2,1,2
autoworker,1.2,1,2
dominate,1.2,1,2
incapability,1.2,1,2
overheat,1.2,1,2
amputee,1.2,1,1
unsuitable,1.2,1,1
queasy,1.2,1,1
gearbox,1.2,1,2
ungentlemanly,1.2,1,1
cattleman,1.2,1,2
infamously,1.2,1,2
apnea,1.2,1,2
jealousness,1.2,1,1
uncool,1.2,1,1
privation,1.2,1,1
airtight,1.2,1,2
lividly,1.2,1,2
blanching,1.2,1,1
raptly,1.2,1,2
sopping,1.2,1,2
avoidant,1.2,1,2
superficiality,1.2,1,1
decontamination,1.2,1,2
repellent,1.2,1,1
glitzy,1.2,1,2
fondler,1.2,1,2
chancery,1.2,1,2
jockstrap,1.2,1,2
perversion,1.2,1,1
trapper,1.2,1,2
revengeful,1.2,1,2
jackknife,1.2,1,2
dilapidated,1.2,1,1
cope,1.2,1,1
roaring,1.2,1,1
controvert,1.2,1,2
tomcat,1.2,1,2
disconsolately,1.2,1,1
provocative,1.2,1,1
unreasonableness,1.2,1,2
posttraumatic,1.2,1,2
wiretap,1.2,1,2
rehab,1.2,1,1
bungle,1.2,1,2
condescend,1.2,1,1
badness,1.2,1,1
graveness,1.2,1,2
churchwarden,1.2,1,2
averseness,1.2,1,2
inhibit,1.2,1,1
cremate,1.2,1,1
bases,1.2,1,2
hype,1.2,1,2
dumbasses,1.2,1,2
consumed,1.2,1,2
defreeze,1.2,1,2
misunderstanding,1.2,1,1
regrettable,1.2,1,1
helpline,1.2,1,1
ungratified,1.2,1,2
hyperconscious,1.2,1,2
insecurely,1.2,1,1
uneasiness,1.2,1,1
plunged,1.2,1,1
closely,1.2,1,2
scabbed,1.2,1,1
interventionism,1.2,1,2
obstructer,1.2,1,2
combativeness,1.2,1,2
impulsivity,1.2,1,1
annoyance,1.2,1,1
flight,1.2,1,2
lasciviousness,1.2,1,2
scald,1.2,1,2
shook,1.2,1,2
vindictively,1.2,1,2
tokenism,1.2,1,1
commiserate,1.2,1,1
unwarned,1.2,1,2
headstrong,1.2,1,1
storm,1.2,1,2
unforgiving,1.2,1,1
vaccination,1.19,1,1
hobgoblin,1.18,1,2
galvanize,1.18,1,2
crowd,1.18,1,1
deceiver,1.18,1,1
mournfully,1.18,1,2
faint,1.18,1,1
slutty,1.18,1,1
abashment,1.18,1,1
bleakish,1.17,1,2
dolefulness,1.17,1,1
tribalism,1.17,1,1
chutzpah,1.17,1,1
depopulation,1.17,1,1
cringer,1.17,1,2
fanatic,1.17,1,1
beastlike,1.17,1,2
frisker,1.17,1,1
teething,1.17,1,1
distractive,1.17,1,1
indebtedness,1.17,1,2
lousiness,1.17,1,1
nosebleed,1.17,1,1
mystify,1.17,1,2
bitchy,1.17,1,1
bluebeard,1.17,1,2
flyaway,1.17,1,1
fruitlessly,1.17,1,1
undermanned,1.17,1,1
emotion,1.17,1,1
blatantly,1.17,1,1
premeditative,1.17,1,2
expellable,1.17,1,1
reproachful,1.17,1,1
wobbly,1.17,1,1
sexism,1.17,1,2
infiltrated,1.17,1,1
wigging,1.17,1,1
diminishment,1.17,1,1
envy,1.17,1,1
coldhearted,1.17,1,2
hyped,1.17,1,1
jeerer,1.17,1,2
putrid,1.17,1,2
harrower,1.17,1,2
reportable,1.17,1,2
embroil,1.17,1,1
findable,1.17,1,2
strenuousness,1.17,1,2
pissedoff,1.17,1,1
unsociably,1.17,1,1
disorient,1.17,1,1
pretension,1.17,1,1
nothappy,1.17,1,1
unchaste,1.17,1,1
unaccommodating,1.17,1,2
aggrievedly,1.17,1,1
fraudulence,1.17,1,1
qualm,1.17,1,1
outlaw,1.17,1,1
slanderously,1.17,1,1
pulverization,1.17,1,1
indomitable,1.17,1,2
miscue,1.17,1,1
downsize,1.17,1,1
passionate,1.17,1,1
oversaturation,1.17,1,1
portent,1.17,1,2
abductor,1.17,1,2
ritalin,1.17,1,1
proselytize,1.17,1,1
cripple,1.17,1,1
unmannerly,1.17,1,1
catchiness,1.17,1,2
caginess,1.17,1,1
squelchy,1.17,1,2
homophobe,1.17,1,1
garishness,1.17,1,2
hawkish,1.17,1,1
misjudgment,1.17,1,1
maul,1.17,1,2
sadder,1.17,1,1
unlovable,1.17,1,1
skimpy,1.17,1,1
badday,1.17,1,1
germs,1.17,1,1
pushy,1.17,1,1
alertly,1.17,1,1
blameworthiness,1.17,1,1
bouncer,1.17,1,2
mammogram,1.17,1,1
cacophonously,1.17,1,1
nonrenewal,1.17,1,2
aggressively,1.17,1,1
consumerist,1.17,1,2
scandalmonger,1.17,1,1
stumped,1.17,1,1
addicted,1.17,1,1
exceptionality,1.17,1,2
recriminatory,1.17,1,2
ruthlessly,1.17,1,2
brut,1.17,1,2
roguery,1.17,1,2
epidemically,1.17,1,2
demerit,1.17,1,1
gluttonize,1.17,1,1
sweatbox,1.17,1,2
shakedown,1.17,1,1
vermicide,1.17,1,2
discomposure,1.17,1,2
puritanical,1.17,1,1
mocked,1.17,1,1
hapless,1.17,1,1
disownment,1.17,1,1
yodeler,1.17,1,2
mysteries,1.17,1,2
malediction,1.17,1,1
attentionseekers,1.17,1,1
damaged,1.17,1,2
shortfall,1.17,1,1
mirthlessly,1.17,1,1
disconsolation,1.17,1,1
expectorate,1.17,1,1
gasp,1.17,1,1
unventilated,1.17,1,1
unhearing,1.17,1,1
degenerative,1.17,1,1
devilishness,1.17,1,1
giddy,1.17,1,1
manipulator,1.17,1,2
scolder,1.17,1,1
devaluate,1.17,1,1
overambitious,1.17,1,1
grabber,1.17,1,2
abruptness,1.17,1,1
hesitate,1.17,1,1
pilferer,1.17,1,1
fishiness,1.17,1,1
fallacy,1.17,1,1
blockage,1.17,1,1
brittle,1.17,1,1
underbelly,1.17,1,1
disfranchisement,1.17,1,2
cyberpunk,1.17,1,1
preoccupant,1.17,1,1
fractured,1.17,1,1
unruliness,1.17,1,2
churlishness,1.17,1,1
intervene,1.17,1,1
guileful,1.17,1,2
scatterbrain,1.17,1,1
hypnosis,1.17,1,1
inflexibly,1.17,1,2
immodest,1.17,1,1
bloody,1.17,1,1
hilariousness,1.17,1,1
competition,1.16,1,1
indiscreet,1.15,1,1
derogatory,1.15,1,1
distractedness,1.15,1,1
watchout,1.15,1,2
misguidedly,1.15,1,1
defensiveness,1.15,1,1
bruised,1.15,1,1
authoritarian,1.15,1,1
malformed,1.15,1,2
misrecognition,1.14,1,1
seduce,1.14,1,2
impugnation,1.14,1,1
blowout,1.14,1,1
knottiness,1.14,1,1
temptress,1.14,1,1
unbundle,1.14,1,2
cheerless,1.14,1,1
deserve,1.14,1,2
languishing,1.14,1,1
recapitalization,1.14,1,2
gain,1.14,1,2
cavity,1.14,1,2
inordinate,1.14,1,1
successiveness,1.14,1,2
lightyear,1.14,1,2
undercapitalization,1.14,1,1
sluggardly,1.14,1,1
tearjerker,1.14,1,2
flightiness,1.14,1,2
furtive,1.14,1,1
defoliate,1.14,1,2
propaganda,1.14,1,2
brakeman,1.14,1,2
flamer,1.14,1,2
snottily,1.14,1,1
classism,1.14,1,2
skidder,1.14,1,2
canker,1.14,1,2
irresponsible,1.14,1,1
obfuscate,1.14,1,2
rumour,1.14,1,1
indiscreetness,1.14,1,1
fucking,1.14,1,2
reverser,1.14,1,2
distracter,1.14,1,1
harlotry,1.14,1,1
dollhouse,1.14,1,2
thanklessness,1.14,1,1
misrepresentative,1.14,1,2
craniological,1.14,1,2
pinot,1.14,1,2
shadiness,1.14,1,1
procrastinate,1.14,1,1
hauler,1.14,1,2
unseen,1.14,1,1
officious,1.14,1,2
declarative,1.14,1,2
ejaculation,1.14,1,2
hearthstone,1.14,1,2
deviant,1.14,1,1
nitpicker,1.14,1,1
crosscurrent,1.14,1,2
disadvantageously,1.14,1,2
pokey,1.14,1,2
stockade,1.14,1,2
unpunctual,1.14,1,1
adventurism,1.14,1,2
aflutter,1.14,1,2
plasterer,1.14,1,2
typhoid,1.14,1,1
bleed,1.14,1,1
reviser,1.14,1,2
unmitigated,1.14,1,2
firebug,1.14,1,2
monographic,1.14,1,2
troll,1.14,1,2
detox,1.14,1,2
flagrancy,1.14,1,1
convolute,1.14,1,2
tentativeness,1.14,1,1
compulsory,1.14,1,1
downfall,1.14,1,1
pawnshop,1.14,1,2
eccentric,1.14,1,2
gallop,1.14,1,1
sinusitis,1.14,1,1
potentially,1.14,1,2
broken,1.14,1,1
staggering,1.14,1,2
overthinker,1.14,1,2
bile,1.14,1,2
prenatally,1.14,1,2
poker,1.14,1,2
badmouth,1.14,1,1
smfh,1.14,1,2
blemished,1.14,1,1
unfeeling,1.14,1,1
addressable,1.14,1,2
disenfranchised,1.14,1,1
disruptively,1.14,1,1
imaging,1.14,1,2
graveyard,1.14,1,2
extrication,1.14,1,2
gastrointestinal,1.14,1,1
limp,1.14,1,1
discouraged,1.14,1,1
inexpressibly,1.14,1,2
labyrinthine,1.14,1,1
slipup,1.14,1,2
underestimated,1.14,1,1
filibusterer,1.14,1,2
mandrake,1.14,1,2
mortgage,1.14,1,1
enhanced,1.14,1,1
infatuated,1.14,1,1
cards,1.14,1,2
atheistically,1.14,1,2
osteoarthritis,1.14,1,2
bridled,1.14,1,2
overinflated,1.14,1,1
inscrutably,1.14,1,2
bad,1.14,1,1
tempting,1.14,1,1
timidly,1.14,1,1
disembodiment,1.14,1,2
stealth,1.14,1,2
stomped,1.14,1,1
unpatriotic,1.14,1,1
defenseman,1.14,1,2
boorishness,1.14,1,1
cocksureness,1.14,1,1
injurious,1.14,1,2
spermicidal,1.14,1,2
concordantly,1.14,1,2
limbo,1.14,1,1
mold,1.14,1,2
semitropical,1.14,1,2
perfectionist,1.14,1,1
fever,1.14,1,2
bamboozle,1.14,1,2
worriedly,1.14,1,1
possessiveness,1.14,1,1
fermentable,1.14,1,2
exhaustive,1.14,1,1
miscommunication,1.14,1,1
incurableness,1.14,1,2
primitivism,1.14,1,2
excommunicate,1.14,1,2
knitwork,1.14,1,2
pathetic,1.14,1,1
unrepaired,1.14,1,1
unpreparedness,1.14,1,1
skidding,1.14,1,1
debauchedness,1.14,1,1
isolationist,1.14,1,2
recharger,1.14,1,2
hooligans,1.14,1,1
furlough,1.14,1,2
dinnerless,1.14,1,1
cultist,1.14,1,1
scabby,1.14,1,1
haitian,1.14,1,2
disequilibrium,1.14,1,1
implosive,1.14,1,2
submission,1.14,1,1
slum,1.14,1,1
snip,1.14,1,2
gargantuan,1.14,1,2
militaristically,1.14,1,1
sorrowfulness,1.14,1,2
fricking,1.14,1,2
shrapnel,1.14,1,2
antipathetic,1.14,1,1
gloomy,1.13,1,1
discontinue,1.13,1,1
atrophied,1.13,1,2
rapidity,1.13,1,2
illegitimate,1.13,1,1
gag,1.13,1,1
highfaluting,1.12,1,2
stimulant,1.12,1,2
insufficient,1.12,1,1
aboriginal,1.12,1,2
undue,1.12,1,2
disjointed,1.12,1,2
overdose,1.12,1,2
sissy,1.12,1,1
impolite,1.12,1,1
distasteful,1.12,1,1
hurdle,1.12,1,2
fancy,1.12,1,2
impracticable,1.12,1,2
whitewasher,1.12,1,2
affronted,1.12,1,1
leer,1.12,1,2
procrastination,1.12,1,1
weapon,1.12,1,2
pique,1.12,1,1
sequestration,1.12,1,2
valiant,1.12,1,2
regretted,1.12,1,1
outcast,1.12,1,1
ritualism,1.12,1,2
throes,1.12,1,2
offended,1.12,1,1
unwilling,1.12,1,1
overrun,1.12,1,1
overdramatize,1.12,1,2
stymie,1.12,1,1
shame,1.12,1,1
comfortlessness,1.12,1,1
whiner,1.12,1,2
puzzled,1.12,1,1
hospitalization,1.12,1,2
conceitedness,1.12,1,2
checkpoint,1.12,1,2
warn,1.12,1,1
ruffle,1.12,1,1
misbehavior,1.12,1,1
expensiveness,1.12,1,1
hindering,1.12,1,2
brouhaha,1.12,1,1
breathalyzer,1.12,1,2
toady,1.12,1,2
incapable,1.12,1,2
ashamedness,1.12,1,1
accusatorially,1.12,1,2
damnit,1.12,1,1
sorrowfully,1.12,1,1
prickly,1.12,1,1
accursedly,1.12,1,2
preoccupation,1.12,1,1
moronic,1.12,1,2
stickman,1.12,1,2
scorn,1.12,1,1
con,1.12,1,2
daze,1.12,1,2
sluggish,1.12,1,1
delinquency,1.12,1,1
perplexed,1.12,1,1
captive,1.12,1,1
interrogator,1.12,1,2
tantalization,1.12,1,1
immorality,1.12,1,2
nana,1.12,1,2
stole,1.12,1,1
asylum,1.12,1,2
catharsis,1.12,1,1
melodrama,1.12,1,1
narcissistic,1.12,1,2
untruth,1.12,1,1
stuckup,1.12,1,1
overzealous,1.12,1,2
faulty,1.12,1,2
clandestinely,1.12,1,1
snippiness,1.12,1,1
mutism,1.12,1,2
psychosomatic,1.12,1,1
bustling,1.12,1,1
coup,1.12,1,2
criticism,1.12,1,1
breakable,1.12,1,1
laborious,1.12,1,2
overextension,1.12,1,2
congratulate,1.12,1,2
revocation,1.12,1,2
misbegotten,1.12,1,2
inextricableness,1.12,1,2
indigence,1.12,1,1
constipation,1.12,1,2
bisection,1.12,1,2
imprudence,1.12,1,1
overstretch,1.12,1,1
evacuee,1.12,1,1
remonstration,1.12,1,1
drop,1.12,1,2
disadvantaged,1.12,1,1
exaggerator,1.12,1,2
tactless,1.12,1,1
immature,1.12,1,2
tactlessly,1.12,1,2
ragweed,1.12,1,2
crippled,1.12,1,2
unfitting,1.12,1,1
mire,1.12,1,2
suboptimal,1.12,1,1
sinner,1.12,1,1
expensive,1.12,1,1
powwow,1.12,1,2
heedlessly,1.12,1,2
hypercritic,1.12,1,1
snarly,1.12,1,1
unwise,1.12,1,1
rousing,1.12,1,2
shanghai,1.12,1,1
custody,1.12,1,1
waver,1.12,1,2
unsuited,1.12,1,2
overshadow,1.12,1,2
blaring,1.12,1,1
swoon,1.12,1,2
emasculate,1.12,1,2
wither,1.12,1,1
enshroud,1.12,1,2
indict,1.12,1,2
forsake,1.12,1,1
loath,1.12,1,2
workaholic,1.11,1,1
unhappy,1.11,1,1
caution,1.11,1,1
unable,1.11,1,1
rota,1.11,1,2
taxed,1.11,1,1
blowback,1.11,1,1
fakery,1.11,1,1
insufficiency,1.11,1,1
infomania,1.11,1,1
unprofessionalism,1.11,1,2
adventure,1.11,1,1
bombardier,1.11,1,2
unsightly,1.11,1,1
pedantic,1.11,1,2
disorderly,1.11,1,1
lithographical,1.11,1,2
abrogate,1.11,1,2
morbidness,1.11,1,1
detainee,1.11,1,1
phoney,1.11,1,1
hammerhead,1.11,1,2
despicability,1.11,1,2
windy,1.11,1,1
lorry,1.11,1,2
begging,1.11,1,1
renegade,1.11,1,1
litigator,1.11,1,2
overassertive,1.11,1,1
adolescence,1.11,1,1
gassing,1.11,1,2
screwball,1.11,1,1
weakness,1.11,1,1
vanquishing,1.11,1,2
whiney,1.11,1,2
mesa,1.11,1,2
itching,1.11,1,1
zealously,1.11,1,2
pierce,1.11,1,1
cram,1.11,1,1
clandestineness,1.11,1,2
perspiration,1.11,1,1
unreality,1.11,1,1
skidded,1.11,1,2
sawtooth,1.11,1,2
lancet,1.11,1,2
superstition,1.11,1,1
hallucinate,1.11,1,2
unpopularity,1.11,1,1
pseudonymously,1.11,1,2
narcissism,1.11,1,1
arraignment,1.11,1,2
drainage,1.11,1,2
xanax,1.11,1,2
hacker,1.11,1,1
meanest,1.11,1,2
hipshot,1.11,1,2
unpromising,1.11,1,1
cockfight,1.11,1,1
metrical,1.11,1,2
oppositionist,1.11,1,2
bewilderedly,1.11,1,1
firearm,1.11,1,1
presumptuous,1.11,1,1
autoimmunity,1.11,1,2
constrained,1.11,1,1
stigmatically,1.11,1,2
tooter,1.11,1,2
stagger,1.11,1,1
flywheel,1.11,1,2
spurred,1.11,1,1
overdraw,1.11,1,2
unhallowed,1.11,1,2
incongruously,1.11,1,1
sordid,1.11,1,2
compulsively,1.11,1,2
egregious,1.11,1,2
frigging,1.11,1,1
thunderously,1.11,1,2
salaciousness,1.11,1,1
shoddily,1.11,1,1
trespass,1.11,1,1
illogical,1.11,1,1
pomade,1.11,1,2
usurped,1.11,1,1
insensitivity,1.11,1,2
groundlessness,1.11,1,1
grope,1.11,1,2
implacably,1.11,1,1
airdrop,1.11,1,2
laminate,1.11,1,2
tempt,1.11,1,1
relegation,1.11,1,1
enormity,1.11,1,1
interminability,1.11,1,2
overpriced,1.11,1,1
jangle,1.11,1,1
inauguration,1.11,1,2
incrimination,1.11,1,2
revoke,1.11,1,1
prosecutor,1.11,1,1
lurking,1.11,1,1
steeplechase,1.11,1,2
unsuitability,1.11,1,1
spoilable,1.11,1,2
hasten,1.11,1,2
film,1.11,1,2
briquette,1.11,1,2
irreversible,1.11,1,2
overdevelopment,1.11,1,1
argumentative,1.11,1,1
hypoglycemic,1.11,1,1
bronchially,1.11,1,2
reject,1.11,1,1
buckled,1.11,1,1
gent,1.11,1,2
remorse,1.11,1,1
turgidly,1.11,1,2
inordinately,1.11,1,2
tethered,1.11,1,1
zillionth,1.11,1,2
housemother,1.11,1,2
dumfounder,1.11,1,1
masturbate,1.11,1,1
gong,1.11,1,2
logjam,1.11,1,2
turgid,1.11,1,2
unhealed,1.11,1,1
impetuous,1.11,1,1
cramp,1.11,1,1
indecisiveness,1.11,1,1
foolish,1.11,1,1
arduousness,1.11,1,1
wavering,1.11,1,1
confusing,1.11,1,1
sorter,1.11,1,2
slash,1.11,1,2
grabbed,1.11,1,1
grouchy,1.11,1,1
tiresomeness,1.11,1,1
conquer,1.11,1,2
thankless,1.11,1,1
mutinously,1.11,1,2
duplicity,1.11,1,2
unremorsefully,1.11,1,1
identification,1.11,1,2
brisk,1.11,1,1
racket,1.11,1,2
brokenly,1.11,1,1
melancholy,1.11,1,2
immigration,1.11,1,1
insulter,1.11,1,1
jeering,1.11,1,1
anticommunism,1.11,1,1
unreadily,1.11,1,1
controversial,1.11,1,1
gnaw,1.11,1,1
leery,1.11,1,1
smog,1.11,1,1
voyeur,1.11,1,2
thingy,1.11,1,2
hardhat,1.11,1,2
defacer,1.1,1,1
unfamiliarity,1.1,1,1
draconic,1.1,1,1
expectant,1.1,1,1
hindrance,1.1,1,1
uphill,1.1,1,1
arrhythmic,1.1,1,1
lividness,1.1,1,1
illegally,1.1,1,2
inequitably,1.1,1,2
amass,1.1,1,2
clouded,1.1,1,1
irregularity,1.1,1,1
drama,1.1,1,2
alerts,1.1,1,1
chipping,1.1,1,2
floodwater,1.1,1,1
menopause,1.1,1,1
skirmish,1.1,1,1
liabilities,1.1,1,2
unsettled,1.1,1,1
offend,1.1,1,1
wins,1.1,1,2
defection,1.1,1,2
afoul,1.1,1,1
disputer,1.1,1,2
swipe,1.1,1,2
railway,1.1,1,2
waitlist,1.1,1,1
anarchically,1.1,1,2
escort,1.1,1,2
impetuousness,1.1,1,1
misrepresentation,1.1,1,1
confinement,1.1,1,2
fleeced,1.1,1,2
rearm,1.1,1,1
dirge,1.1,1,2
apprehend,1.1,1,1
adultery,1.1,1,1
ulterior,1.1,1,1
ramp,1.1,1,2
keg,1.1,1,2
wrongdoer,1.1,1,2
misarrangement,1.1,1,1
huff,1.1,1,1
conjunctive,1.1,1,2
unsuitableness,1.1,1,1
examination,1.1,1,1
audition,1.1,1,1
harder,1.1,1,1
mishear,1.1,1,2
imperfection,1.1,1,1
overreach,1.1,1,2
uncertainly,1.1,1,1
bleakness,1.1,1,1
bestialize,1.1,1,2
exposed,1.1,1,1
impalpably,1.1,1,2
atonal,1.1,1,2
flame,1.1,1,2
squabble,1.1,1,1
detrimentally,1.1,1,1
taxman,1.1,1,2
separatist,1.1,1,1
grades,1.1,1,1
nuttiness,1.1,1,2
haplessness,1.1,1,1
anarchical,1.1,1,2
unsanctioned,1.1,1,2
jumbled,1.1,1,1
opportunism,1.1,1,2
infatuation,1.1,1,1
visitation,1.1,1,1
poultice,1.1,1,2
parkinsons,1.1,1,2
contemptuous,1.1,1,1
inconstancy,1.1,1,1
screwed,1.1,1,2
enviously,1.1,1,1
counterdemonstration,1.09,1,2
scapegoat,1.09,1,2
fatherlessness,1.09,1,1
pompously,1.09,1,1
wildest,1.09,1,2
foxhole,1.09,1,2
rot,1.09,1,2
tryouts,1.09,1,2
pyrotechnical,1.09,1,2
profiteer,1.08,1,2
fought,1.08,1,2
piss,1.08,1,1
pumped,1.08,1,1
steamroll,1.08,1,2
extinction,1.08,1,2
needled,1.08,1,1
boastfully,1.08,1,2
energy,1.08,1,2
leakiness,1.08,1,1
pummel,1.08,1,2
shamefulness,1.08,1,1
devaluation,1.08,1,1
preposterously,1.08,1,1
wanker,1.08,1,2
unproductively,1.08,1,1
mumps,1.08,1,2
roach,1.08,1,2
displease,1.08,1,1
overtire,1.08,1,1
coldheartedly,1.08,1,2
headlock,1.08,1,1
trickster,1.08,1,2
ravenously,1.08,1,2
clingy,1.07,1,1
reinvigoration,1.07,1,2
nudity,1.07,1,1
mange,1.07,1,2
armament,1.07,1,2
dyslexia,1.07,1,1
booming,1.07,1,2
ugliness,1.07,1,1
pregnant,1.07,1,1
disproval,1.07,1,1
prescriptive,1.06,1,1
ungrateful,1.06,1,1
racy,1.06,1,1
brotherhood,1.04,1,1
gracelessly,1.0,1,1
unsolved,1.0,1,1
detribalization,1.0,1,2
arguments,1.0,1,1
nymphomania,1.0,1,2
papist,1.0,1,2
unease,1.0,1,1
meddler,1.0,1,1
besot,1.0,1,2
weak,1.0,1,1
defoliation,1.0,1,1
unadvisable,1.0,1,1
perverted,1.0,1,2
misanthropic,1.0,1,1
wildebeest,1.0,1,2
achiness,1.0,1,1
heartbreaker,1.0,1,1
formativeness,1.0,1,1
undersupply,1.0,1,1
trample,1.0,1,2
disqualified,1.0,1,1
mundanely,1.0,1,1
rips,1.0,1,2
skid,1.0,1,2
comfortless,1.0,1,1
scarce,1.0,1,1
torte,1.0,1,2
suppressive,1.0,1,1
peckish,1.0,1,1
zealous,1.0,1,1
ill,1.0,1,1
condescendence,1.0,1,2
gravel,1.0,1,2
overprotection,1.0,1,1
reacclimatize,1.0,1,2
headstand,1.0,1,1
overprotect,1.0,1,1
thorniness,1.0,1,1
fixate,1.0,1,1
irks,1.0,1,1
tipsy,1.0,1,1
playsuit,1.0,1,1
rosacea,1.0,1,1
reprobation,1.0,1,2
lockless,1.0,1,1
oversimplification,1.0,1,1
sulking,1.0,1,1
edged,1.0,1,2
regretting,1.0,1,2
dishonesty,1.0,1,2
lonesomeness,1.0,1,1
accordionist,1.0,1,2
flaunt,1.0,1,2
outrageously,1.0,1,2
dependence,1.0,1,1
unfavorable,1.0,1,2
anticlericalism,1.0,1,1
masquerade,1.0,1,1
takeover,1.0,1,1
disconsolate,1.0,1,1
fieldsman,1.0,1,2
creaking,1.0,1,1
glazed,1.0,1,1
dubiously,1.0,1,1
manipulative,1.0,1,1
licensable,1.0,1,2
guarded,1.0,1,1
bullhead,1.0,1,2
outdate,1.0,1,1
discourteous,1.0,1,1
reprobate,1.0,1,1
hardline,1.0,1,1
drenched,1.0,1,2
belt,1.0,1,2
fission,1.0,1,2
egotistical,1.0,1,1
footsore,1.0,1,1
bandsman,1.0,1,2
shy,1.0,1,1
impurity,1.0,1,1
wuss,1.0,1,1
evangelistically,1.0,1,2
phish,1.0,1,1
herder,1.0,1,2
gossipmonger,1.0,1,1
anticipate,1.0,1,1
prenup,1.0,1,2
bafflement,1.0,1,1
diffident,1.0,1,1
waggle,1.0,1,2
belligerency,1.0,1,1
tattooer,1.0,1,2
pigheaded,1.0,1,1
lecher,1.0,1,2
unglue,1.0,1,2
itchiness,1.0,1,1
tripped,1.0,1,1
separation,1.0,1,1
covet,1.0,1,1
mildew,1.0,1,1
crowning,1.0,1,2
wryly,1.0,1,1
exuberant,1.0,1,1
sidedness,1.0,1,1
hesitance,1.0,1,1
replicate,1.0,1,2
apologies,1.0,1,1
condemn,1.0,1,1
mucked,1.0,1,1
fugitively,1.0,1,1
supernatant,1.0,1,2
alternation,1.0,1,1
roguish,1.0,1,2
arachnid,1.0,1,1
admonisher,1.0,1,1
manipulate,1.0,1,2
uncouple,1.0,1,2
deflator,1.0,1,2
mystified,1.0,1,1
stinger,1.0,1,2
dislikable,1.0,1,1
defrauder,1.0,1,2
extremeness,1.0,1,2
autotoxin,1.0,1,2
strangest,1.0,1,1
titillate,1.0,1,2
dystopia,1.0,1,2
reproachable,1.0,1,1
liverless,1.0,1,2
libel,1.0,1,2
notamorningperson,1.0,1,2
unscholarly,1.0,1,2
disrupter,1.0,1,2
profession,1.0,1,2
incoherent,1.0,1,2
sideswipe,1.0,1,1
creed,1.0,1,2
escapist,1.0,1,1
splinter,1.0,1,1
exuberantly,1.0,1,2
frailness,1.0,1,2
sewage,1.0,1,2
dubious,1.0,1,1
lamentation,1.0,1,1
overtax,1.0,1,2
incessantly,1.0,1,1
stringently,1.0,1,1
depletion,1.0,1,1
sacrificial,1.0,1,2
swapper,1.0,1,2
anteroom,1.0,1,2
mapmaking,1.0,1,1
grubby,1.0,1,1
complicity,1.0,1,1
unlawful,1.0,1,2
undercharge,1.0,1,2
perversely,1.0,1,1
subserviently,1.0,1,2
shod,1.0,1,2
capitulation,1.0,1,1
dumbfound,1.0,1,1
pseudoscience,1.0,1,1
hemophilia,1.0,1,2
lawlessly,1.0,1,1
unfulfilled,1.0,1,1
poacher,1.0,1,1
companionless,1.0,1,1
alacrity,1.0,1,2
expropriate,1.0,1,2
contemptuously,1.0,1,2
commandeer,1.0,1,1
precipitated,1.0,1,2
lash,1.0,1,2
indignation,1.0,1,2
forgotten,1.0,1,1
rumored,1.0,1,2
plagiarize,1.0,1,2
precipitant,1.0,1,1
stinginess,1.0,1,1
smite,1.0,1,1
leechlike,1.0,1,1
forgettable,1.0,1,1
unbidden,1.0,1,1
contracting,1.0,1,1
psychoanalysis,1.0,1,1
untidiness,1.0,1,1
suspected,1.0,1,1
curmudgeonly,1.0,1,2
unkempt,1.0,1,1
disobedience,1.0,1,1
canny,1.0,1,1
bibliomaniacal,1.0,1,2
bugled,1.0,1,2
complainant,1.0,1,1
deadbeat,1.0,1,1
coca,1.0,1,1
overprovision,1.0,1,2
exigent,1.0,1,1
indignantly,1.0,1,2
profoundness,1.0,1,1
provoker,1.0,1,1
pinching,1.0,1,1
quibble,1.0,1,1
inconceivableness,1.0,1,2
brainwork,1.0,1,1
sycophantic,1.0,1,1
musket,1.0,1,2
featherbedding,1.0,1,1
alert,1.0,1,1
neoliberalism,1.0,1,2
feral,1.0,1,1
hydrocephalic,1.0,1,1
overbook,1.0,1,1
uncertainness,1.0,1,1
thrombotic,1.0,1,2
bulky,1.0,1,1
farfetched,1.0,1,1
springy,1.0,1,1
beset,1.0,1,1
woundable,1.0,1,1
redeliver,1.0,1,2
transfixed,1.0,1,1
flasher,1.0,1,1
insensitive,1.0,1,2
unauthorized,1.0,1,1
reelection,1.0,1,1
lowliness,1.0,1,1
masochist,1.0,1,1
oversold,1.0,1,2
unremorseful,1.0,1,2
soaring,1.0,1,1
nosey,1.0,1,1
circlet,1.0,1,2
expectantly,1.0,1,1
detestably,1.0,1,2
discontentment,1.0,1,1
implacableness,1.0,1,2
dishonor,1.0,1,1
fumigator,1.0,1,2
impressionable,1.0,1,1
shroud,1.0,1,1
testiness,1.0,1,1
bummer,1.0,1,1
monkeylike,1.0,1,1
hotter,1.0,1,1
polygon,1.0,1,2
choker,1.0,1,2
downfallen,1.0,1,2
circumspection,1.0,1,1
poached,1.0,1,2
insidiously,1.0,1,1
ungainliness,1.0,1,1
workload,1.0,1,1
unremitting,1.0,1,1
regeneration,1.0,1,1
hotspot,1.0,1,1
unviable,1.0,1,1
inhospitality,1.0,1,1
hotline,1.0,1,1
clatterer,1.0,1,2
curveball,1.0,1,1
stubbornly,1.0,1,2
miscalculation,1.0,1,1
drawstring,1.0,1,2
germicide,1.0,1,2
undervalue,1.0,1,1
vociferous,1.0,1,1
inadequateness,1.0,1,1
eradication,1.0,1,2
complicated,1.0,1,1
subclass,1.0,1,1
salvable,1.0,1,2
dinginess,1.0,1,1
propagandistic,1.0,1,1
shrillness,1.0,1,1
inmate,1.0,1,2
showery,1.0,1,1
skywalk,1.0,1,2
spendthrift,1.0,1,2
spectacles,1.0,1,2
burden,1.0,1,1
baffled,1.0,1,1
stiff,1.0,1,1
capriciousness,1.0,1,1
perversity,1.0,1,1
insistent,1.0,1,1
dolefully,1.0,1,1
forbearer,1.0,1,2
plagiarist,1.0,1,1
downgrade,1.0,1,2
eunuch,1.0,1,1
convictional,1.0,1,1
collisional,1.0,1,2
hungry,1.0,1,2
amateurish,1.0,1,1
struck,1.0,1,2
pettily,1.0,1,1
transversely,1.0,1,2
peremptory,1.0,1,2
disputability,1.0,1,2
lure,1.0,1,2
smoke,1.0,1,2
dissent,1.0,1,1
copyrighter,1.0,1,1
delusive,1.0,1,1
nitro,1.0,1,2
stingy,1.0,1,1
brashness,1.0,1,1
stepwise,1.0,1,1
horsetrading,1.0,1,2
warlock,1.0,1,2
brute,1.0,1,1
menthol,1.0,1,1
severable,1.0,1,2
rap,1.0,1,2
involve,1.0,1,1
blamefulness,1.0,1,1
damnable,1.0,1,2
voyager,1.0,1,1
misdirect,1.0,1,2
sufferable,1.0,1,1
alkaline,1.0,1,2
ungenerous,1.0,1,1
bullheaded,1.0,1,1
rebelliously,1.0,1,2
quitting,1.0,1,1
endoscopy,1.0,1,2
putrefaction,1.0,1,2
cheeky,1.0,1,1
perplexedly,1.0,1,1
ulcerative,1.0,1,2
fencepost,1.0,1,2
tenacity,1.0,1,1
confiscator,1.0,1,1
tiring,1.0,1,1
wait,1.0,1,1
yearning,1.0,1,1
eldercare,1.0,1,1
wordily,1.0,1,2
misapprehension,1.0,1,1
messy,1.0,1,2
waterlogged,1.0,1,1
indetermination,1.0,1,2
dominating,1.0,1,1
cellblock,1.0,1,2
misspoken,1.0,1,1
forge,1.0,1,2
offender,1.0,1,1
impoverished,1.0,1,2
inquest,1.0,1,1
cliquey,1.0,1,1
downslide,1.0,1,1
hitchhike,1.0,1,1
disenchant,1.0,1,1
knucklehead,1.0,1,1
leapfrog,1.0,1,2
blotchy,1.0,1,1
rheumatism,1.0,1,2
inexplicableness,1.0,1,1
negligence,1.0,1,1
plumaged,1.0,1,2
fortissimo,1.0,1,1
growls,1.0,1,2
nipping,1.0,1,1
unreciprocated,1.0,1,1
scorch,1.0,1,2
nonrefundable,1.0,1,1
snake,1.0,1,1
inflexible,1.0,1,1
hardcore,1.0,1,1
capricious,1.0,1,1
laparoscopy,1.0,1,2
smuggled,1.0,1,2
fogginess,1.0,1,1
resistance,1.0,1,2
acute,1.0,1,2
negligent,1.0,1,1
unallowable,1.0,1,1
backtalk,1.0,1,2
imbecility,1.0,1,2
unforeseen,1.0,1,1
inadequate,1.0,1,1
overachiever,1.0,1,1
meetinghouse,1.0,1,2
preoccupancy,1.0,1,1
foreshadow,1.0,1,1
touchy,1.0,1,1
mongol,1.0,1,2
reassert,1.0,1,2
dissipation,1.0,1,1
officiously,1.0,1,2
destructionist,1.0,1,2
blessedness,1.0,1,1
punching,1.0,1,1
mercantilism,1.0,1,2
drudger,1.0,1,1
ineptly,1.0,1,1
dehydrated,1.0,1,1
vileness,1.0,1,1
befoul,1.0,1,2
hives,1.0,1,1
mistakenly,1.0,1,2
dilapidate,1.0,1,1
leakage,1.0,1,1
transgressor,1.0,1,1
depravedness,1.0,1,2
scarcely,1.0,1,1
indecision,1.0,1,1
guardedness,1.0,1,1
adverseness,1.0,1,1
tearstain,1.0,1,1
exhibitionistic,1.0,1,1
biter,1.0,1,2
unloved,1.0,1,1
flyswatter,1.0,1,1
untoward,1.0,1,1
overcautiously,1.0,1,1
complicatedness,1.0,1,1
bothersome,1.0,1,1
concernedly,1.0,1,1
cantankerously,1.0,1,2
adulterer,1.0,1,1
unintuitive,1.0,1,1
seepage,1.0,1,2
unacknowledged,1.0,1,1
retardation,1.0,1,2
grimy,1.0,1,1
turbid,1.0,1,1
beseecher,1.0,1,1
restriction,1.0,1,1
fractious,1.0,1,1
impertinency,1.0,1,1
foulness,1.0,1,2
inflictor,1.0,1,2
nagger,1.0,1,1
hypodermically,1.0,1,2
mangle,1.0,1,1
buggery,1.0,1,2
precipitously,1.0,1,1
transfixion,1.0,1,2
delay,1.0,1,1
godliness,1.0,1,2
snooper,1.0,1,1
insatiate,1.0,1,1
nationalism,1.0,1,1
constrainer,1.0,1,2
lateralize,1.0,1,2
pounce,1.0,1,2
promiscuousness,1.0,1,1
floodwall,1.0,1,1
snigger,1.0,1,1
skimpily,1.0,1,1
irreconcilably,1.0,1,2
mercilessness,1.0,1,2
supercharged,1.0,1,2
wedged,1.0,1,1
transgression,1.0,1,1
erotic,1.0,1,1
tortuous,1.0,1,1
conundrum,1.0,1,1
malnutrition,1.0,1,1
hungover,1.0,1,1
rawness,1.0,1,1
scrupulousness,1.0,1,1
remorseful,1.0,1,1
swifty,1.0,1,2
wily,1.0,1,1
bridesmaid,1.0,1,2
detester,1.0,1,1
disloyally,1.0,1,2
asinine,1.0,1,1
chastise,1.0,1,1
unprecedented,1.0,1,1
stickball,1.0,1,2
cycloid,1.0,1,2
scrubby,1.0,1,1
crabbiness,1.0,1,1
disloyal,1.0,1,1
sufferance,1.0,1,2
separability,1.0,1,2
disharmonic,1.0,1,1
antidemocrat,1.0,1,1
anticipator,1.0,1,1
dumbest,1.0,1,2
dejectedness,1.0,1,1
morale,1.0,1,2
penetrative,1.0,1,1
backtrack,1.0,1,1
attackable,1.0,1,1
defector,1.0,1,2
wolfishly,1.0,1,2
quickset,1.0,1,2
goriness,1.0,1,2
balk,1.0,1,1
gauntlet,1.0,1,1
unnourished,1.0,1,2
jilt,1.0,1,1
analyses,1.0,1,1
prof,1.0,1,2
attentionseeker,1.0,1,1
silenced,1.0,1,1
instigative,1.0,1,1
forged,1.0,1,1
tangential,1.0,1,1
luckless,1.0,1,1
clutter,1.0,1,1
misinformed,1.0,1,1
lucklessly,1.0,1,1
insists,1.0,1,1
request,1.0,1,1
incriminator,1.0,1,2
improper,1.0,1,1
adversary,1.0,1,1
uncivilized,1.0,1,2
single,1.0,1,2
rapture,1.0,1,1
hypnoses,1.0,1,1
harpy,1.0,1,2
regretful,1.0,1,1
umbrage,1.0,1,1
unlovely,1.0,1,1
gouge,1.0,1,1
impair,1.0,1,1
thieves,1.0,1,1
prowl,1.0,1,1
greedily,1.0,1,1
polyp,1.0,1,2
geopolitics,1.0,1,1
sparred,1.0,1,2
promiscuity,1.0,1,1
camouflage,1.0,1,2
collectivization,1.0,1,2
schemer,1.0,1,2
pesky,1.0,1,1
frumpy,1.0,1,1
unverified,1.0,1,1
doubting,1.0,1,1
nonplussed,1.0,1,2
marksman,1.0,1,2
groupthink,1.0,1,1
unauthentic,1.0,1,1
devourer,1.0,1,2
pileup,1.0,1,2
insensibility,1.0,1,2
withered,1.0,1,1
cystitis,1.0,1,1
mondays,1.0,1,2
snapping,1.0,1,1
bloodline,1.0,1,2
sellout,1.0,1,2
territorialism,1.0,1,1
wasted,1.0,1,2
gallantry,1.0,1,2
useless,1.0,1,1
naggy,1.0,1,1
needtoknow,1.0,1,1
obscured,1.0,1,1
embarrass,1.0,1,1
preapprehension,1.0,1,1
decisiveness,1.0,1,2
slink,1.0,1,1
unclear,1.0,1,1
indisposition,1.0,1,1
tediousness,1.0,1,1
hoax,1.0,1,1
denial,1.0,1,1
taint,1.0,1,1
solicitousness,1.0,1,1
leaker,1.0,1,1
lustiness,1.0,1,1
lesions,1.0,1,2
absorbing,1.0,1,2
ungrounded,1.0,1,2
overturn,1.0,1,1
homoeopath,1.0,1,2
antipathy,1.0,1,1
radiograph,1.0,1,2
crosshair,1.0,1,1
antimonarchist,1.0,1,1
atopic,1.0,1,2
bloodiness,1.0,1,2
ripping,1.0,1,1
preclusion,1.0,1,1
antichrist,1.0,1,2
uncleanness,1.0,1,1
wager,1.0,1,1
extradite,1.0,1,1
dolt,1.0,1,2
undercurrent,1.0,1,1
conjuring,1.0,1,1
unreachable,1.0,1,1
disrepute,1.0,1,1
sin,1.0,1,1
backbiter,1.0,1,1
dodge,1.0,1,2
targeted,1.0,1,2
bloodlessness,1.0,1,2
biological,1.0,1,2
serrate,1.0,1,1
postseason,1.0,1,2
formula,1.0,1,2
cubistic,1.0,1,2
occlude,1.0,1,2
boyishly,1.0,1,1
hesitant,1.0,1,1
simpler,1.0,1,1
rigidity,1.0,1,2
gamekeeper,1.0,1,2
uncertain,1.0,1,1
bristled,1.0,1,1
groundless,1.0,1,1
leak,1.0,1,1
martyrdom,1.0,1,2
courtship,1.0,1,1
ungoverned,1.0,1,2
allergenic,1.0,1,2
enlivenment,1.0,1,1
supplication,1.0,1,1
hawk,1.0,1,1
innumerability,1.0,1,1
jetlag,1.0,1,2
dazed,1.0,1,1
inaptitude,1.0,1,1
cattiness,1.0,1,1
sexting,1.0,1,1
implorer,1.0,1,1
monstrousness,1.0,1,1
deteriorate,1.0,1,2
attemptable,1.0,1,2
exceptionable,1.0,1,1
expostulation,1.0,1,1
overexpose,1.0,1,1
dialer,1.0,1,2
susceptibly,1.0,1,1
acceptably,1.0,1,2
overdue,1.0,1,1
roughneck,1.0,1,1
piteously,1.0,1,1
psychiatric,1.0,1,1
increased,1.0,1,2
giddiness,1.0,1,1
chambers,1.0,1,2
electrify,1.0,1,1
gawky,1.0,1,1
misidentify,1.0,1,1
redeye,1.0,1,2
onomatopoeic,1.0,1,1
withdrawals,1.0,1,2
moonshine,1.0,1,2
armature,1.0,1,2
fogged,1.0,1,2
spider,1.0,1,1
uselessly,1.0,1,1
ludicrousness,1.0,1,1
charmless,1.0,1,1
disperser,1.0,1,2
butthead,1.0,1,2
hotfoot,1.0,1,2
delusionary,1.0,1,2
haunter,1.0,1,1
mortal,1.0,1,2
expectedly,1.0,1,1
difficulty,1.0,1,1
unjustified,1.0,1,1
pollinate,1.0,1,2
huggable,1.0,1,1
tanginess,1.0,1,1
biogeographically,1.0,1,2
uncultured,1.0,1,1
braced,1.0,1,1
patriarchy,1.0,1,1
arguer,1.0,1,2
unreturned,1.0,1,1
recidivism,1.0,1,1
irresolutely,1.0,1,1
repulse,1.0,1,2
doorway,1.0,1,2
misanthropy,1.0,1,1
militantly,1.0,1,2
virulently,1.0,1,2
gynecological,1.0,1,1
cursedness,1.0,1,1
stagnant,1.0,1,1
enviousness,1.0,1,1
unanswered,1.0,1,1
trepid,1.0,1,1
millennialism,1.0,1,2
tougher,1.0,1,1
jinx,1.0,1,1
doubts,1.0,1,1
hemlock,1.0,1,1
truer,1.0,1,2
revaccination,1.0,1,1
knavish,1.0,1,2
variance,1.0,1,2
gangplank,1.0,1,2
delamination,1.0,1,2
poorer,1.0,1,2
plexus,1.0,1,2
conflict,1.0,1,1
ingloriousness,1.0,1,2
varying,1.0,1,2
suggestible,1.0,1,2
doubt,1.0,1,1
inconsistency,1.0,1,1
lagging,1.0,1,2
dogmatize,1.0,1,1
condescending,1.0,1,2
mischance,1.0,1,1
cockiness,1.0,1,1
isolator,1.0,1,2
invalidate,1.0,1,1
derogative,1.0,1,1
dismantlement,1.0,1,1
flakiness,1.0,1,1
idiots,1.0,1,1
censurer,1.0,1,2
miff,1.0,1,1
flashgun,1.0,1,1
stunk,1.0,1,1
spiny,1.0,1,1
capital,1.0,1,2
abrasive,1.0,1,1
ineradicable,1.0,1,1
pricey,1.0,1,1
drunkenness,1.0,1,2
unfishable,1.0,1,2
tripe,1.0,1,2
demise,1.0,1,1
shrew,1.0,1,2
unintelligibility,1.0,1,2
exertion,1.0,1,1
hotly,1.0,1,1
collusion,1.0,1,2
mucky,1.0,1,1
fishtail,1.0,1,1
malcontent,1.0,1,1
earliness,1.0,1,1
resentfully,1.0,1,1
ruminator,1.0,1,1
rheumatic,1.0,1,2
obstinacy,1.0,1,2
envious,1.0,1,1
defriend,1.0,1,1
goddam,1.0,1,1
inspector,1.0,1,2
prohibitory,1.0,1,2
mockery,1.0,1,1
addlebrained,1.0,1,2
braggart,1.0,1,1
summon,1.0,1,1
eventful,1.0,1,1
approximate,1.0,1,2
unhappily,1.0,1,1
snowpack,1.0,1,1
conflicting,1.0,1,1
exclusion,1.0,1,1
insufficiently,1.0,1,1
pulsate,1.0,1,2
ligation,1.0,1,2
unknowledgeable,1.0,1,1
sleaziness,1.0,1,1
heady,1.0,1,1
meddling,1.0,1,1
curdle,1.0,1,1
unconstitutional,1.0,1,1
jamming,1.0,1,2
elfishly,1.0,1,2
delude,1.0,1,1
rout,1.0,1,2
untenably,1.0,1,1
defensively,1.0,1,1
awkwardly,1.0,1,1
depopulate,1.0,1,1
partially,1.0,1,2
wimpy,1.0,1,1
finicky,1.0,1,2
clapperboard,1.0,1,2
distension,1.0,1,2
impureness,1.0,1,1
impermissible,1.0,1,2
gangster,1.0,1,2
flares,1.0,1,2
blowhard,1.0,1,1
forbid,1.0,1,1
rep,1.0,1,1
detriment,1.0,1,2
spiritedly,1.0,1,1
institutionalization,1.0,1,2
gauntly,1.0,1,1
overconfident,1.0,1,1
trap,1.0,1,2
recondition,1.0,1,1
keynote,1.0,1,2
fiendishly,1.0,1,2
allegation,1.0,1,1
autotransformer,1.0,1,2
pallor,1.0,1,1
litigious,1.0,1,2
cyclonal,1.0,1,1
incorrigibleness,1.0,1,1
blab,1.0,1,2
recurrently,1.0,1,2
flatulency,1.0,1,2
haughtiness,1.0,1,1
juggling,1.0,1,1
flabbiness,1.0,1,1
herniate,1.0,1,2
cannibalization,1.0,1,2
crikey,1.0,1,2
wariness,1.0,1,1
columbine,1.0,1,2
flagellant,1.0,1,2
sacrificially,1.0,1,2
roman,1.0,1,2
accelerated,1.0,1,2
speechless,1.0,1,2
halloween,1.0,1,2
posteriority,1.0,1,1
forsworn,1.0,1,2
adulteress,1.0,1,1
fretted,1.0,1,1
flab,1.0,1,2
imposing,1.0,1,2
scrounger,1.0,1,2
struggler,1.0,1,1
soaked,1.0,1,1
brunt,1.0,1,1
snappish,1.0,1,1
tantalize,1.0,1,1
missing,1.0,1,1
downdraft,1.0,1,1
bulldoze,1.0,1,1
busy,1.0,1,1
domineer,1.0,1,1
obstinate,1.0,1,1
moneylender,1.0,1,1
whaling,1.0,1,2
uninsurable,1.0,1,2
copout,1.0,1,1
menagerie,1.0,1,2
disadvantage,1.0,1,1
oversubscription,1.0,1,1
snagged,1.0,1,1
pilfer,1.0,1,1
angled,1.0,1,2
exposit,1.0,1,2
wondering,1.0,1,1
disqualification,1.0,1,1
uncomely,1.0,1,1
smutty,1.0,1,1
dissatisfactory,1.0,1,1
hodgepodge,1.0,1,2
eyelike,1.0,1,2
jealously,1.0,1,1
salacious,1.0,1,1
censurable,1.0,1,1
jibe,1.0,1,2
inquisitorial,1.0,1,1
projecting,1.0,1,2
complicate,1.0,1,1
shutup,1.0,1,1
fragility,1.0,1,1
chickenpox,1.0,1,2
killjoy,1.0,1,1
undecided,1.0,1,1
obstinately,1.0,1,2
egregiousness,1.0,1,1
indecisive,1.0,1,1
interruption,1.0,1,1
underestimate,1.0,1,1
sensitization,1.0,1,2
accelerant,1.0,1,2
opposition,1.0,1,2
astonishingly,1.0,1,2
psychopathologic,1.0,1,2
shogun,1.0,1,2
wordmonger,1.0,1,2
pluckily,1.0,1,1
unrestraint,1.0,1,2
gritless,1.0,1,2
miscalculate,1.0,1,2
arachnoid,1.0,1,2
italic,1.0,1,2
deprivable,1.0,1,1
impracticability,1.0,1,1
guilefully,1.0,1,1
confounded,1.0,1,1
inconsiderateness,1.0,1,1
callous,1.0,1,1
personnel,1.0,1,2
roadside,1.0,1,1
unemployable,1.0,1,1
irresponsibility,1.0,1,1
goblin,1.0,1,2
pintail,1.0,1,2
countrymusic,1.0,1,2
frisk,1.0,1,1
mister,1.0,1,2
estrangement,1.0,1,2
covetous,1.0,1,2
cutting,1.0,1,1
reluctant,1.0,1,1
unappealing,1.0,1,1
raucously,1.0,1,2
foundationless,1.0,1,1
overflowing,1.0,1,1
antimissile,1.0,1,2
rumormonger,1.0,1,1
lamentable,1.0,1,2
quirky,1.0,1,1
missy,1.0,1,1
discontentedness,1.0,1,1
exterminable,1.0,1,1
unemployed,1.0,1,1
pheromones,1.0,1,2
amateurishly,1.0,1,2
regrettably,1.0,1,1
alarmclock,1.0,1,1
troubleshoot,1.0,1,1
plead,1.0,1,2
choy,1.0,1,2
misinterpretation,1.0,1,2
cheapish,1.0,1,1
rifle,1.0,1,2
deplorability,1.0,1,1
infirmly,1.0,1,1
miscreant,1.0,1,1
iffy,1.0,1,1
catapult,1.0,1,2
inflated,1.0,1,2
unenviable,1.0,1,1
windowless,1.0,1,2
testily,1.0,1,1
unpleased,1.0,1,1
flashing,1.0,1,1
hydrocephalus,1.0,1,2
knell,1.0,1,1
faultfinder,1.0,1,1
overreliance,1.0,1,1
snobbery,1.0,1,1
curfew,1.0,1,1
suspect,1.0,1,1
stupid,1.0,1,1
seducer,1.0,1,1
biased,1.0,1,1
unreasonably,1.0,1,2
egotistic,1.0,1,1
uncharitable,1.0,1,1
incomprehensively,1.0,1,1
extorter,1.0,1,2
intransigent,1.0,1,1
differently,1.0,1,2
weirdness,1.0,1,1
snubbed,1.0,1,1
unsterilized,1.0,1,2
secretly,1.0,1,1
unlikable,1.0,1,1
heading,1.0,1,2
selectivity,1.0,1,2
incorrigibly,1.0,1,1
arrears,1.0,1,1
trancelike,1.0,1,1
fray,1.0,1,1
fryingpan,1.0,1,2
devilishly,1.0,1,1
whatif,1.0,1,1
stuffily,1.0,1,1
cavern,1.0,1,2
negotiation,0.97,1,1
occupation,0.95,1,1
inoperative,0.95,1,1
artillery,0.94,1,0
indecently,0.94,1,1
ammo,0.93,1,1
tosser,0.93,1,1
hulk,0.93,1,1
undeserving,0.93,1,1
determinedness,0.93,1,1
disaffect,0.93,1,1
boil,0.93,1,2
loathsomely,0.93,1,2
sputter,0.93,1,1
knockdown,0.93,1,1
knavishly,0.93,1,1
eliminate,0.93,1,1
achieved,0.92,1,2
blurriness,0.92,1,1
ungrammatically,0.92,1,0
needtorelax,0.92,1,1
resuscitator,0.92,1,0
ambitiously,0.92,1,1
wolves,0.92,1,0
wrongfulness,0.92,1,1
excessiveness,0.92,1,1
gluttonous,0.92,1,1
needlelike,0.92,1,1
seclusion,0.92,1,2
polarize,0.92,1,1
retrogressive,0.92,1,1
conceitedly,0.92,1,2
impenetrably,0.92,1,0
fiddly,0.91,1,1
galvanized,0.91,1,0
finality,0.91,1,1
gradient,0.91,1,1
vanish,0.91,1,0
patronising,0.91,1,1
divisively,0.91,1,1
malfeasant,0.91,1,1
luxuriousness,0.91,1,2
portend,0.91,1,1
pervasive,0.91,1,1
misadjust,0.91,1,1
sequestered,0.9,1,1
challengeable,0.9,1,1
precaution,0.9,1,1
indignant,0.9,1,0
surgeon,0.9,1,1
pledged,0.9,1,0
disconnected,0.9,1,1
floodgate,0.9,1,1
untrue,0.9,1,1
restrictedness,0.9,1,1
truncheon,0.9,1,0
baboonish,0.9,1,0
tenderheartedness,0.9,1,1
probe,0.9,1,1
ensnarl,0.9,1,0
undo,0.9,1,0
infeasible,0.9,1,1
stodge,0.9,1,1
innovation,0.9,1,0
strict,0.9,1,1
disjuncture,0.9,1,1
misattribution,0.9,1,1
heightener,0.9,1,1
sue,0.9,1,1
lateness,0.9,1,0
argue,0.9,1,1
radon,0.9,1,0
chapped,0.9,1,1
disliked,0.9,1,1
hack,0.9,1,0
growl,0.9,1,1
irreversibleness,0.9,1,0
deplete,0.9,1,1
boom,0.9,1,0
blinded,0.9,1,1
heat,0.9,1,0
indispose,0.9,1,1
step,0.9,1,0
tawdry,0.9,1,1
incongruous,0.9,1,1
bother,0.9,1,1
supernatural,0.9,1,0
aspire,0.9,1,1
cranky,0.9,1,1
machismo,0.9,1,0
oncology,0.9,1,0
moist,0.9,1,1
scrappily,0.9,1,1
hypercorrectness,0.9,1,1
bankrupt,0.9,1,0
stumble,0.9,1,1
questionable,0.9,1,1
mindblower,0.9,1,0
abstentious,0.9,1,0
repeat,0.9,1,0
overseer,0.9,1,1
dissenting,0.9,1,1
demonstrator,0.9,1,0
laboring,0.9,1,1
precautionary,0.9,1,1
interlaced,0.9,1,0
creakiness,0.9,1,1
whispered,0.9,1,0
informer,0.9,1,1
barrier,0.9,1,1
reluctance,0.9,1,1
seatbelt,0.9,1,1
bareback,0.9,1,0
verge,0.9,1,0
clamor,0.9,1,1
clodhopper,0.9,1,0
countdown,0.9,1,1
relocate,0.9,1,1
deadlock,0.9,1,1
secretary,0.9,1,0
deterrence,0.9,1,1
miscompute,0.9,1,1
unguaranteed,0.9,1,1
tattoo,0.89,1,1
crave,0.89,1,1
grimace,0.89,1,1
horniness,0.89,1,1
erode,0.89,1,1
deficit,0.89,1,1
shooter,0.89,1,1
bruising,0.89,1,0
metastatic,0.89,1,0
eighth,0.89,1,0
courthouse,0.89,1,1
marijuana,0.89,1,0
mulberry,0.89,1,0
docket,0.89,1,0
implementation,0.89,1,0
immunosuppressant,0.89,1,0
unregulated,0.89,1,1
crummy,0.89,1,1
embroiler,0.89,1,0
hoarder,0.89,1,1
circumcision,0.89,1,1
solder,0.89,1,0
mirage,0.89,1,1
mismatched,0.89,1,1
snatch,0.89,1,0
incomprehensible,0.89,1,1
congresswoman,0.89,1,0
deaconship,0.89,1,0
apprehender,0.89,1,1
semiliterate,0.89,1,1
autoradiography,0.89,1,0
unsubtly,0.89,1,0
convenience,0.89,1,1
redeployment,0.89,1,0
removal,0.89,1,1
bookseller,0.89,1,0
skitter,0.89,1,1
undertrained,0.89,1,1
breach,0.89,1,0
exemplify,0.89,1,0
chine,0.89,1,0
pissant,0.89,1,0
forewarn,0.89,1,1
ringworm,0.89,1,1
wick,0.89,1,0
document,0.89,1,0
disciplinary,0.89,1,1
atomize,0.89,1,0
fingerer,0.89,1,0
backlog,0.89,1,1
complexity,0.89,1,1
twinge,0.89,1,1
legalistically,0.89,1,0
tuition,0.89,1,1
recrimination,0.89,1,1
showdown,0.89,1,0
moderately,0.89,1,0
sultry,0.89,1,1
microsurgery,0.89,1,0
blurred,0.89,1,1
unlikeable,0.89,1,0
seminally,0.89,1,0
detractive,0.89,1,1
pretensions,0.89,1,1
inclemently,0.89,1,1
goldstone,0.89,1,0
gunk,0.89,1,1
nitrous,0.89,1,1
alopecia,0.89,1,1
isolationism,0.89,1,0
thug,0.89,1,0
irrevocable,0.89,1,1
exploiter,0.89,1,0
compensative,0.89,1,0
searchlight,0.89,1,0
pry,0.89,1,1
encompass,0.89,1,0
harangue,0.89,1,1
corruptibility,0.89,1,1
fickle,0.89,1,1
springwood,0.89,1,0
snare,0.89,1,1
loudness,0.89,1,0
misleading,0.89,1,1
uninviting,0.89,1,1
intriguing,0.89,1,1
dike,0.89,1,0
ridiculousness,0.89,1,1
shoddy,0.89,1,1
hardest,0.89,1,0
recant,0.89,1,1
transfusion,0.89,1,0
indoctrinator,0.89,1,1
damnability,0.89,1,1
vent,0.89,1,1
underhand,0.89,1,0
antichristian,0.89,1,0
sternness,0.89,1,1
uncourageous,0.89,1,1
slay,0.89,1,2
childrearing,0.89,1,1
flutterer,0.89,1,1
denounce,0.89,1,1
incompleteness,0.89,1,1
unyielding,0.89,1,0
inspection,0.89,1,1
fifteenth,0.89,1,0
riveted,0.89,1,0
humanrights,0.89,1,0
dander,0.89,1,1
thrash,0.89,1,1
spitfire,0.89,1,0
necessitate,0.89,1,1
hesitancy,0.89,1,1
forfeited,0.89,1,0
extinguisher,0.89,1,0
prudishness,0.89,1,1
superstitiously,0.89,1,1
scorching,0.89,1,0
newday,0.89,1,1
actuarial,0.89,1,0
chafe,0.89,1,1
nephew,0.89,1,0
blackguard,0.89,1,1
isolated,0.89,1,1
afterburner,0.89,1,1
cocky,0.89,1,1
strain,0.89,1,1
bale,0.89,1,0
reel,0.89,1,0
seize,0.89,1,1
indentation,0.89,1,0
frock,0.89,1,0
jawbreaker,0.89,1,0
totter,0.89,1,1
haphazardness,0.89,1,1
antecedence,0.89,1,0
fallaciously,0.89,1,0
soc,0.89,1,0
discrepancy,0.89,1,1
crappy,0.89,1,1
anglicism,0.89,1,0
advisable,0.89,1,1
modifiable,0.89,1,0
lobbyist,0.89,1,0
surprise,0.89,1,2
classist,0.89,1,1
buzz,0.89,1,1
blusterously,0.89,1,0
blusher,0.89,1,0
lancer,0.89,1,0
whirlpool,0.89,1,0
prematurely,0.89,1,1
martial,0.89,1,1
glare,0.89,1,1
jabbing,0.89,1,1
flake,0.89,1,0
deny,0.89,1,1
ambiguousness,0.89,1,1
ineloquently,0.89,1,1
aerostatic,0.89,1,0
slur,0.89,1,1
craver,0.89,1,1
childbearing,0.89,1,0
illegitimatize,0.89,1,0
deformity,0.89,1,1
nonviable,0.89,1,2
revels,0.89,1,0
squanderer,0.89,1,1
amiss,0.89,1,1
however,0.89,1,0
clogged,0.89,1,1
joyless,0.89,1,1
nonsensicality,0.89,1,1
overcharge,0.89,1,1
unelectable,0.89,1,1
scoundrel,0.89,1,1
sector,0.89,1,0
fabrication,0.89,1,1
prosecution,0.89,1,1
pourer,0.89,1,0
striven,0.89,1,0
friction,0.89,1,1
visionless,0.89,1,1
unsure,0.89,1,1
whimper,0.89,1,1
scattering,0.89,1,1
dishevel,0.89,1,0
complain,0.88,1,1
cheapen,0.88,1,1
entreat,0.88,1,1
jabber,0.88,1,1
newsbreak,0.88,1,0
fulsome,0.88,1,0
unfavorably,0.88,1,1
arsenic,0.88,1,0
tot,0.88,1,0
heaving,0.88,1,1
moodiness,0.88,1,1
impertinently,0.88,1,1
petulantly,0.88,1,1
stinkpot,0.88,1,1
poodle,0.88,1,2
griever,0.88,1,1
helplessly,0.88,1,2
cancellation,0.88,1,1
phantom,0.88,1,1
prepping,0.88,1,1
interment,0.88,1,0
ineptitude,0.88,1,1
crosspatch,0.88,1,1
slipper,0.88,1,0
autoimmune,0.88,1,0
brawler,0.88,1,1
ungraspable,0.88,1,0
burst,0.88,1,1
blatant,0.88,1,1
occlusion,0.88,1,1
crack,0.88,1,1
thievishly,0.88,1,1
fallible,0.88,1,1
mistake,0.88,1,1
goiter,0.88,1,1
mangy,0.88,1,1
heroics,0.88,1,1
huffiness,0.88,1,1
insertion,0.88,1,0
lawman,0.88,1,0
derogatorily,0.88,1,0
tedium,0.88,1,1
iniquity,0.88,1,1
retardant,0.88,1,0
malice,0.88,1,1
patronize,0.88,1,1
noncompliance,0.88,1,1
displeasure,0.88,1,1
serpent,0.88,1,1
disenchanter,0.88,1,1
mar,0.88,1,0
exclude,0.88,1,1
hag,0.88,1,1
creep,0.88,1,1
revolutionary,0.88,1,1
gremlin,0.88,1,1
judgment,0.88,1,1
approaching,0.88,1,1
chattering,0.88,1,1
clatter,0.88,1,1
intervention,0.88,1,1
leaky,0.88,1,1
regressive,0.88,1,1
forfeiture,0.88,1,0
yearn,0.88,1,1
bombastic,0.88,1,1
ohno,0.88,1,1
challenge,0.88,1,1
mandatory,0.88,1,1
muddled,0.88,1,1
rubberneck,0.88,1,1
sadly,0.88,1,2
telemarketing,0.88,1,0
loutishness,0.88,1,1
impedimental,0.88,1,1
interloper,0.88,1,1
scratch,0.88,1,1
aberration,0.88,1,1
masklike,0.88,1,1
excommunicable,0.88,1,0
fragileness,0.88,1,1
madame,0.88,1,0
mourner,0.88,1,1
contentiousness,0.88,1,1
bridgeless,0.88,1,0
faithless,0.88,1,1
casino,0.88,1,1
greedy,0.88,1,1
interrupted,0.88,1,1
makeshift,0.88,1,1
cad,0.88,1,0
unavailability,0.88,1,1
cryosurgery,0.88,1,0
push,0.88,1,2
inflictive,0.88,1,0
shrunken,0.88,1,1
witless,0.88,1,1
restraining,0.88,1,1
waster,0.88,1,1
clumsy,0.88,1,1
antagonist,0.88,1,1
strung,0.88,1,1
intrigue,0.88,1,1
bong,0.88,1,0
inane,0.88,1,1
bleachers,0.88,1,2
excitableness,0.88,1,1
commercialism,0.88,1,1
hotbed,0.88,1,1
unjustness,0.88,1,1
overemphasize,0.88,1,1
pursued,0.88,1,1
high,0.88,1,0
idiot,0.88,1,1
scattered,0.88,1,1
politics,0.88,1,1
salvage,0.88,1,1
deportee,0.88,1,1
branded,0.88,1,1
washwoman,0.88,1,0
butterfly,0.88,1,1
pregnancy,0.88,1,1
misdiagnose,0.88,1,1
impure,0.88,1,1
ungracious,0.88,1,1
burka,0.88,1,1
forgery,0.88,1,1
conceited,0.88,1,1
undecidedly,0.88,1,1
flusher,0.88,1,0
pathology,0.88,1,1
regurgitation,0.88,1,1
tanned,0.88,1,1
affront,0.88,1,1
achy,0.88,1,1
cumbersomely,0.88,1,1
shamming,0.88,1,1
repeal,0.88,1,1
stonewall,0.88,1,0
snippy,0.88,1,1
surfaced,0.88,1,0
discontinuity,0.88,1,1
belittler,0.88,1,1
unavoidable,0.88,1,1
harshness,0.88,1,1
polio,0.88,1,0
slipperiness,0.88,1,1
pipedream,0.88,1,1
stubbornness,0.87,1,1
amnesiac,0.87,1,0
opponent,0.87,1,1
spellbind,0.87,1,0
pointlessly,0.87,1,1
bearishness,0.86,1,0
mentalhealth,0.86,1,0
shortsightedness,0.86,1,1
remonstrate,0.86,1,1
zit,0.86,1,1
outing,0.86,1,1
allegoristic,0.86,1,0
impeder,0.86,1,0
bootlick,0.86,1,0
icu,0.86,1,0
immorally,0.86,1,1
edible,0.86,1,0
thundering,0.86,1,0
overweight,0.86,1,1
traumatic,0.86,1,0
probing,0.86,1,1
christmassy,0.86,1,1
annoyin,0.86,1,1
reeks,0.86,1,1
illusive,0.86,1,1
mischaracterization,0.86,1,0
fanfare,0.86,1,0
overfill,0.86,1,1
overshot,0.86,1,0
knavery,0.86,1,0
unlawfully,0.86,1,0
warrior,0.86,1,0
dogmatism,0.86,1,1
contestable,0.86,1,0
dashing,0.86,1,1
ammunition,0.86,1,0
drunkard,0.86,1,0
bawler,0.86,1,1
shagging,0.86,1,1
contort,0.86,1,0
gashouse,0.86,1,1
committal,0.86,1,1
perjure,0.86,1,0
unrecovered,0.86,1,1
shipboard,0.86,1,0
slavishness,0.86,1,0
excursion,0.86,1,1
immensely,0.86,1,0
arsehole,0.86,1,0
unskillful,0.86,1,1
diagnosed,0.86,1,1
disillusionment,0.86,1,1
resisting,0.86,1,1
fro,0.86,1,1
hangglider,0.86,1,0
disarticulation,0.86,1,0
chink,0.86,1,0
tackling,0.86,1,1
thoughtlessness,0.86,1,1
stunted,0.86,1,1
intersexual,0.86,1,1
skijump,0.86,1,0
emerge,0.86,1,0
dingy,0.86,1,1
overvaluation,0.86,1,1
extreme,0.86,1,1
steamroller,0.86,1,0
spelunk,0.86,1,0
conversing,0.86,1,0
brownnose,0.86,1,1
unanchored,0.86,1,1
repentance,0.86,1,1
painstaking,0.86,1,1
firewater,0.86,1,0
doubtfully,0.86,1,1
overbear,0.86,1,0
lasciviously,0.86,1,1
skeptical,0.86,1,1
causative,0.86,1,0
gouger,0.86,1,0
chlorination,0.86,1,1
jaggedness,0.86,1,0
mischievously,0.86,1,1
sufferer,0.86,1,0
disaffection,0.86,1,1
gaping,0.86,1,1
unseemly,0.86,1,1
wanting,0.86,1,1
rampantly,0.86,1,0
autocracy,0.86,1,0
overcutting,0.86,1,1
shiftless,0.86,1,0
suffrage,0.86,1,0
unprofessional,0.86,1,1
incalculability,0.86,1,0
reactionary,0.86,1,1
scatty,0.86,1,1
foresight,0.86,1,1
strangeness,0.86,1,1
stiletto,0.86,1,1
parental,0.86,1,0
dissoluteness,0.86,1,1
brokenness,0.86,1,0
whir,0.86,1,0
hellcat,0.86,1,0
icy,0.86,1,1
pooh,0.86,1,1
snuffbox,0.86,1,0
uncommunicative,0.86,1,1
inconsistence,0.86,1,1
unpitying,0.86,1,0
fruitiness,0.86,1,1
tautly,0.86,1,0
adventurous,0.86,1,0
workhouse,0.86,1,0
job,0.86,1,1
entrant,0.86,1,0
reauthorization,0.86,1,0
craze,0.86,1,1
fatefully,0.86,1,1
beans,0.86,1,0
ravenousness,0.86,1,1
inarticulate,0.86,1,1
skepticism,0.86,1,1
fatalistically,0.86,1,1
overstatement,0.86,1,1
ruminatively,0.86,1,1
stomper,0.86,1,1
nonsystematic,0.86,1,1
reach,0.86,1,1
estrange,0.86,1,0
crybaby,0.86,1,1
legendary,0.86,1,0
creaky,0.86,1,1
dizziness,0.86,1,0
telethon,0.86,1,1
devalue,0.86,1,1
miscount,0.86,1,1
gimp,0.86,1,2
terminated,0.86,1,1
cartel,0.86,1,0
hugger,0.86,1,1
alertness,0.86,1,0
periphery,0.86,1,0
mortally,0.86,1,0
penetrate,0.86,1,0
incommunicable,0.86,1,1
wrecker,0.86,1,1
bimodal,0.86,1,0
escape,0.86,1,1
factionalism,0.86,1,0
glamor,0.86,1,1
purport,0.86,1,0
capitalize,0.86,1,0
rationalization,0.86,1,1
muslims,0.86,1,1
discourteousness,0.86,1,1
weakling,0.86,1,1
idiomorphic,0.86,1,0
paparazzi,0.86,1,0
fetus,0.86,1,0
disinvite,0.86,1,1
ghostliness,0.86,1,1
refloat,0.86,1,0
sneak,0.86,1,1
dysplasia,0.86,1,0
parenthesize,0.86,1,0
devitalize,0.86,1,1
skunkweed,0.86,1,0
misunderstand,0.86,1,1
unmethodically,0.86,1,1
transsexual,0.86,1,1
extraneously,0.86,1,0
stripping,0.86,1,1
usurper,0.86,1,1
sarcophagi,0.86,1,0
hyperplasia,0.86,1,0
fetter,0.86,1,1
platitude,0.86,1,1
detainable,0.86,1,0
kilo,0.86,1,0
earthman,0.86,1,0
impresario,0.86,1,0
zeal,0.85,1,1
fervency,0.85,1,1
uncouthly,0.85,1,1
stupidly,0.85,1,2
antiheroic,0.85,1,0
counterfeit,0.85,1,0
hyperglycemia,0.85,1,1
coast,0.85,1,1
hesitative,0.85,1,1
incommunicativeness,0.85,1,2
undertow,0.85,1,1
monopolization,0.83,1,1
contaminable,0.83,1,1
ironhanded,0.83,1,1
confronter,0.83,1,1
spotting,0.83,1,0
illiterate,0.83,1,1
flaunter,0.83,1,1
miserliness,0.83,1,1
deconsecrate,0.83,1,0
irked,0.83,1,1
crevasse,0.83,1,1
stirred,0.83,1,1
survivor,0.83,1,1
inattentiveness,0.83,1,1
petulancy,0.83,1,0
starchiness,0.83,1,1
chimera,0.83,1,1
unascertained,0.83,1,1
merger,0.83,1,0
impassably,0.83,1,1
moldiness,0.83,1,1
effortful,0.83,1,1
jalapeno,0.83,1,2
sacrilegiously,0.83,1,1
misconstruction,0.83,1,1
tiredness,0.83,1,1
elevation,0.83,1,0
trimetric,0.83,1,1
tearfulness,0.83,1,1
surprises,0.83,1,1
deviousness,0.83,1,0
daresay,0.83,1,1
lovinlife,0.83,1,0
racketeer,0.83,1,0
snappy,0.83,1,1
reprove,0.83,1,1
rainy,0.83,1,1
baffler,0.83,1,1
meddlesomeness,0.83,1,0
overdevelop,0.83,1,1
undependably,0.83,1,0
cautious,0.83,1,1
monomaniac,0.83,1,0
relevance,0.83,1,1
audacious,0.83,1,1
squealer,0.83,1,1
bedridden,0.83,1,0
caseload,0.83,1,1
horseradish,0.83,1,1
salvo,0.83,1,0
premarital,0.83,1,1
treasonously,0.83,1,1
subparagraph,0.83,1,1
pranker,0.83,1,0
inordinateness,0.83,1,1
distractor,0.83,1,1
blotch,0.83,1,1
unchastely,0.83,1,0
windfall,0.83,1,0
popeyed,0.83,1,0
wobbliness,0.83,1,1
ouija,0.83,1,1
indelicacy,0.83,1,1
brandisher,0.83,1,1
immoderation,0.83,1,1
popping,0.83,1,1
brownout,0.83,1,1
inconsequence,0.83,1,1
autohypnosis,0.83,1,1
gradschool,0.83,1,1
prejudicially,0.83,1,1
engrossment,0.83,1,1
responsibilities,0.83,1,1
yayyy,0.83,1,1
hobbyhorse,0.83,1,1
wrongly,0.83,1,1
heathenish,0.83,1,1
lust,0.83,1,1
bang,0.83,1,0
nonidentity,0.83,1,1
antagonistic,0.83,1,1
angriness,0.83,1,0
disbar,0.83,1,1
hothouse,0.83,1,1
schnitzel,0.83,1,1
craterlike,0.83,1,0
blister,0.83,1,1
fickleness,0.83,1,1
sourball,0.83,1,1
rottenly,0.83,1,1
disobey,0.83,1,1
imperious,0.83,1,0
downpour,0.83,1,0
oversell,0.83,1,1
distractibility,0.83,1,1
bragger,0.83,1,1
spillage,0.83,1,1
disdainful,0.83,1,1
deflationist,0.83,1,0
nemesis,0.83,1,1
repudiate,0.83,1,1
velcro,0.83,1,0
unconformable,0.83,1,1
evasively,0.83,1,1
hubbub,0.83,1,1
underrated,0.83,1,1
doleful,0.83,1,1
minicomputer,0.83,1,1
misidentification,0.83,1,1
ought,0.83,1,0
minuet,0.83,1,1
lightweight,0.83,1,1
cocksure,0.83,1,1
cuss,0.83,1,1
anticipant,0.83,1,1
typewrite,0.83,1,1
circumscribe,0.83,1,1
disorganizer,0.83,1,1
mush,0.83,1,1
kinetically,0.83,1,1
paternalist,0.83,1,1
unfeasible,0.83,1,1
uninhabitable,0.83,1,1
impertinence,0.83,1,1
fusser,0.83,1,1
upturn,0.83,1,1
fogger,0.83,1,1
firewall,0.83,1,1
unkindness,0.83,1,1
basil,0.83,1,1
glutton,0.83,1,1
dogmatically,0.83,1,1
bamboozler,0.83,1,1
dunce,0.83,1,1
hottest,0.83,1,1
unachieved,0.83,1,1
acceleratory,0.83,1,1
unmetered,0.83,1,1
secretiveness,0.83,1,1
wiggly,0.83,1,1
maceration,0.83,1,1
depreciatory,0.83,1,1
whipping,0.83,1,0
descant,0.83,1,1
kinsfolk,0.83,1,1
luridly,0.83,1,0
misguide,0.83,1,1
outrageous,0.83,1,1
slapdash,0.83,1,1
deafen,0.83,1,1
impulsion,0.83,1,0
fatherless,0.83,1,1
notready,0.83,1,1
uncorroborated,0.83,1,1
scrimp,0.83,1,1
bedwetting,0.83,1,1
wearisomely,0.83,1,1
outstare,0.83,1,1
shamefaced,0.83,1,1
prosthetic,0.83,1,0
dilapidation,0.83,1,1
disingenuously,0.83,1,0
revalidation,0.83,1,0
forlornness,0.83,1,1
buffoon,0.83,1,0
forger,0.83,1,1
fag,0.83,1,0
preoccupied,0.83,1,1
disunion,0.83,1,1
tequila,0.83,1,1
bellyache,0.83,1,1
gnawer,0.83,1,1
excluded,0.83,1,2
rash,0.83,1,1
favoriteholiday,0.83,1,1
peek,0.83,1,1
unconstitutionality,0.83,1,1
kerfuffle,0.83,1,1
cultivator,0.83,1,1
ridden,0.83,1,1
crud,0.83,1,1
dissuasive,0.83,1,1
entrenchment,0.83,1,1
fragmentation,0.83,1,1
negligibility,0.83,1,1
noncircular,0.83,1,1
crackpot,0.83,1,1
amorphousness,0.83,1,1
elm,0.83,1,1
masses,0.83,1,0
vagrancy,0.83,1,0
intensively,0.83,1,1
hardheadedly,0.83,1,0
plumbing,0.83,1,1
fuddle,0.83,1,1
tattletale,0.83,1,1
aberrational,0.83,1,1
entrancement,0.83,1,1
counterespionage,0.83,1,0
stenosis,0.83,1,0
revisionism,0.83,1,0
unrespectable,0.83,1,1
inebriant,0.83,1,0
corruptor,0.83,1,0
latticework,0.83,1,1
untried,0.83,1,1
landside,0.83,1,1
stoker,0.83,1,1
extravagant,0.83,1,1
leveler,0.83,1,1
paternalism,0.83,1,1
hulky,0.83,1,1
microwavable,0.83,1,1
stretcher,0.83,1,0
defensive,0.83,1,2
schematically,0.83,1,1
combustion,0.83,1,1
budgetary,0.83,1,1
stubbly,0.83,1,1
avariciousness,0.83,1,0
fingerscrossed,0.83,1,1
immigrate,0.83,1,1
critical,0.83,1,1
antirevolutionary,0.83,1,1
fatalism,0.83,1,1
sneaking,0.83,1,1
envied,0.83,1,1
rolodex,0.83,1,1
rascally,0.83,1,1
rebellion,0.83,1,1
turnoff,0.83,1,1
crotchetiness,0.83,1,1
bowstring,0.83,1,1
cloudburst,0.83,1,1
vibrancy,0.82,1,2
dontlikeyou,0.82,1,0
unfocused,0.82,1,1
centerstage,0.82,1,1
colossally,0.82,1,0
thriftless,0.82,1,1
varmint,0.82,1,1
miffed,0.82,1,1
basilisk,0.82,1,0
indiscriminate,0.82,1,0
brassy,0.82,1,1
tumble,0.81,1,1
dazzling,0.81,1,1
dramatize,0.8,1,1
confusability,0.8,1,1
sorcerer,0.8,1,1
undercover,0.8,1,0
steroidal,0.8,1,0
acidification,0.8,1,1
oxidizer,0.8,1,0
sunroom,0.8,1,1
steeply,0.8,1,1
steamily,0.8,1,1
condescension,0.8,1,0
contraception,0.8,1,1
feeble,0.8,1,1
dirtiness,0.8,1,1
blasphemously,0.8,1,1
conspicuousness,0.8,1,1
gawkily,0.8,1,1
weird,0.8,1,1
gumshoe,0.8,1,1
muddle,0.8,1,1
protestor,0.8,1,1
predispose,0.8,1,0
discordance,0.8,1,1
hyena,0.8,1,1
yaaaay,0.8,1,1
waistcloth,0.8,1,1
syndrome,0.8,1,1
synoptic,0.8,1,0
cynical,0.8,1,1
presumed,0.8,1,0
gasman,0.8,1,0
carmaker,0.8,1,0
shedder,0.8,1,1
invigorative,0.8,1,1
incredulously,0.8,1,1
vaporously,0.8,1,1
disrepair,0.8,1,1
shredding,0.8,1,1
unluckily,0.8,1,1
pardoner,0.8,1,1
birthmark,0.8,1,0
intergeneration,0.8,1,0
gruffly,0.8,1,1
moistener,0.8,1,1
blurredness,0.8,1,1
liquefy,0.8,1,1
unmold,0.8,1,1
baroness,0.8,1,0
wrench,0.8,1,2
bedazzle,0.8,1,1
tenuousness,0.8,1,1
craving,0.8,1,1
unready,0.8,1,1
angermanagement,0.8,1,1
intravenously,0.8,1,1
hemophilic,0.8,1,0
cragged,0.8,1,1
spun,0.8,1,1
penitential,0.8,1,1
ticklish,0.8,1,1
advent,0.8,1,1
stimuli,0.8,1,1
corporately,0.8,1,0
rack,0.8,1,1
wifi,0.8,1,1
brutish,0.8,1,1
stonyhearted,0.8,1,1
dreadnaught,0.8,1,0
distractible,0.8,1,1
ejector,0.8,1,0
unnatural,0.8,1,1
punch,0.8,1,1
bogie,0.8,1,0
agh,0.8,1,1
carcinogenicity,0.8,1,0
inexperience,0.8,1,2
undersurface,0.8,1,2
miniseries,0.8,1,0
salmonellae,0.8,1,1
concerned,0.8,1,1
traces,0.8,1,0
flashy,0.8,1,1
snarl,0.8,1,0
dissonance,0.8,1,0
snatchy,0.8,1,1
emotionalize,0.8,1,1
counterblast,0.8,1,1
pauperism,0.8,1,1
exodus,0.8,1,1
reconstruction,0.8,1,1
suppressible,0.8,1,1
unionize,0.8,1,0
injunction,0.8,1,1
rustle,0.8,1,1
bandicoot,0.8,1,1
aftertime,0.8,1,0
doubter,0.8,1,1
lovably,0.8,1,1
ambivalence,0.8,1,1
wickedly,0.8,1,1
vigilante,0.8,1,1
shunt,0.8,1,0
filch,0.8,1,0
prognosticate,0.8,1,1
uncalled,0.8,1,1
haggish,0.8,1,1
mistress,0.8,1,1
guff,0.8,1,1
suppression,0.8,1,2
smote,0.8,1,0
guesswork,0.8,1,1
heartstring,0.8,1,1
bastardization,0.8,1,1
arteriosclerosis,0.8,1,1
gulp,0.8,1,1
deviating,0.8,1,1
insecticide,0.8,1,0
disbeliever,0.8,1,1
fetishism,0.8,1,1
afghanistan,0.8,1,1
patella,0.8,1,0
overlarge,0.8,1,1
fussiness,0.8,1,1
spunkiness,0.8,1,1
inseminate,0.8,1,0
corollary,0.8,1,0
plaintiveness,0.8,1,1
cunning,0.8,1,1
satirically,0.8,1,1
factiously,0.8,1,1
dawned,0.8,1,1
answerably,0.8,1,0
wetted,0.8,1,1
cumbersomeness,0.8,1,1
nonmalleable,0.8,1,0
slavishly,0.8,1,1
discloser,0.8,1,1
desirability,0.8,1,0
boston,0.8,1,0
portentous,0.8,1,1
stepped,0.8,1,1
defectively,0.8,1,0
miscomputation,0.8,1,0
plug,0.8,1,0
revolver,0.8,1,0
loot,0.8,1,2
prickled,0.8,1,1
coitus,0.8,1,1
demographer,0.8,1,1
dissembler,0.8,1,1
unvested,0.8,1,1
lured,0.8,1,1
interrelatedness,0.8,1,1
censorial,0.8,1,0
participle,0.8,1,0
smokescreen,0.8,1,1
tailfin,0.8,1,1
indiscretion,0.8,1,1
expropriator,0.8,1,0
hypotension,0.8,1,1
radicalism,0.8,1,1
resent,0.8,1,1
pubes,0.8,1,1
splashy,0.8,1,1
smugness,0.8,1,1
changeable,0.8,1,1
tyrannosaur,0.8,1,0
kneed,0.8,1,1
unfitness,0.8,1,1
wickerwork,0.8,1,0
recantation,0.8,1,1
bubble,0.8,1,0
goggles,0.8,1,0
illegibly,0.8,1,1
mini,0.8,1,1
secret,0.8,1,1
compressive,0.8,1,1
emigrate,0.8,1,1
unsociability,0.8,1,1
dermatitis,0.8,1,1
inexplicable,0.8,1,1
quitter,0.8,1,1
qualification,0.8,1,1
grotesquely,0.8,1,0
tiresome,0.8,1,1
peeve,0.8,1,1
intramural,0.8,1,0
petunia,0.8,1,1
lovelorn,0.8,1,1
disjointedly,0.8,1,1
fused,0.8,1,0
wriggly,0.8,1,2
offered,0.8,1,0
percussively,0.8,1,0
lowbrow,0.8,1,1
moneyless,0.8,1,1
awhirl,0.8,1,1
groggily,0.8,1,1
unavailable,0.8,1,1
pilotless,0.8,1,1
complaint,0.8,1,1
pertain,0.8,1,0
semiofficial,0.8,1,0
miter,0.8,1,0
sandbagger,0.8,1,0
expansive,0.8,1,1
fateful,0.8,1,1
probably,0.8,1,1
rattler,0.8,1,0
perambulatory,0.8,1,1
superciliousness,0.8,1,1
beastly,0.8,1,1
unforgiven,0.8,1,1
priming,0.8,1,0
preposterousness,0.8,1,1
anticipated,0.8,1,1
sprint,0.8,1,2
unexcused,0.8,1,1
misspend,0.8,1,0
catty,0.8,1,1
aversely,0.8,1,1
dribble,0.8,1,2
crassness,0.8,1,1
recheck,0.8,1,0
stringency,0.8,1,1
falterer,0.8,1,0
presumptively,0.8,1,1
ungainly,0.8,1,1
stodgy,0.8,1,1
blindly,0.8,1,1
indiscreetly,0.8,1,0
looseness,0.8,1,1
misclassification,0.8,1,1
husker,0.8,1,1
openheartedly,0.8,1,1
frontless,0.8,1,1
chastisement,0.8,1,2
wooer,0.8,1,1
ignorant,0.8,1,1
credulousness,0.8,1,1
eggroll,0.8,1,0
unschooled,0.8,1,1
spidery,0.8,1,1
kidding,0.8,1,2
gladiator,0.8,1,1
childishly,0.8,1,1
unpresumptuous,0.8,1,1
miscomprehension,0.8,1,1
grogginess,0.8,1,1
implosively,0.8,1,1
narcism,0.8,1,1
trodden,0.8,1,2
whet,0.8,1,0
dressmaker,0.8,1,0
dumfound,0.8,1,0
digressive,0.8,1,1
uncloak,0.8,1,0
interlay,0.8,1,0
phonetician,0.8,1,1
fatefulness,0.8,1,1
insolvability,0.8,1,0
latchkey,0.8,1,1
unmentionably,0.8,1,0
enforced,0.8,1,1
onus,0.8,1,0
coquettish,0.8,1,1
piquant,0.8,1,1
uneconomically,0.8,1,0
stipulator,0.8,1,1
averse,0.8,1,1
misperception,0.8,1,1
shareowner,0.8,1,1
pouter,0.8,1,1
wrongness,0.8,1,1
cortisol,0.8,1,1
rewoven,0.8,1,0
serpentine,0.8,1,0
feces,0.8,1,1
horsefly,0.8,1,0
teen,0.8,1,0
postmillennial,0.8,1,1
dissociative,0.8,1,1
lingerie,0.8,1,1
fossils,0.8,1,0
exclusionism,0.8,1,0
myalgia,0.8,1,1
freakiness,0.8,1,1
encirclement,0.8,1,1
flirty,0.8,1,1
tentative,0.8,1,1
stem,0.8,1,0
slighter,0.8,1,1
bugle,0.8,1,0
disreputability,0.8,1,1
entomologist,0.8,1,1
sentimentality,0.8,1,1
unheard,0.8,1,1
drinker,0.8,1,0
ingredient,0.8,1,0
expectable,0.8,1,1
defect,0.8,1,1
chinned,0.8,1,0
blowhole,0.8,1,1
neglect,0.8,1,2
pipsqueak,0.8,1,1
circumcise,0.8,1,1
mightily,0.8,1,1
crankiness,0.8,1,1
proctor,0.8,1,0
perp,0.8,1,1
anomaly,0.8,1,1
partaker,0.8,1,0
chauffeur,0.8,1,0
resuscitate,0.8,1,2
maidenhead,0.8,1,1
railhead,0.8,1,1
habit,0.8,1,0
drugs,0.8,1,1
attuned,0.8,1,1
infidel,0.8,1,0
gunnery,0.8,1,0
gloves,0.8,1,0
citron,0.8,1,1
irreconcilability,0.8,1,1
chapping,0.8,1,1
brooder,0.8,1,1
bootlegging,0.8,1,2
batwing,0.8,1,1
inefficiently,0.79,1,2
anticipative,0.79,1,1
unflagging,0.79,1,2
purposeless,0.79,1,1
draftee,0.79,1,0
torrentially,0.79,1,1
alleyway,0.79,1,1
impulsively,0.79,1,2
thickskulled,0.79,1,1
shat,0.79,1,0
distorter,0.78,1,0
plight,0.78,1,1
newswire,0.78,1,0
fire,0.78,1,0
combustible,0.78,1,1
custodian,0.78,1,2
wimp,0.78,1,1
reprehend,0.78,1,1
unmask,0.78,1,1
petulant,0.78,1,1
adverse,0.78,1,0
show,0.78,1,0
parole,0.78,1,1
folded,0.78,1,0
tarnish,0.78,1,1
disembodied,0.78,1,0
liquidation,0.78,1,0
break,0.78,1,0
dimwitted,0.78,1,1
condensable,0.78,1,0
moody,0.78,1,1
corpulence,0.78,1,1
feud,0.78,1,0
pecuniary,0.78,1,1
baccalaureate,0.78,1,0
haphazard,0.78,1,1
impenetrability,0.78,1,0
dentistry,0.78,1,0
puny,0.78,1,1
disapprove,0.78,1,1
ludicrous,0.78,1,1
thrush,0.78,1,1
compelled,0.78,1,1
abash,0.78,1,1
elude,0.78,1,0
headway,0.78,1,0
military,0.78,1,1
divergence,0.78,1,1
patronizing,0.78,1,1
factories,0.78,1,0
insulting,0.78,1,2
suppresser,0.78,1,1
wilderness,0.78,1,1
breakout,0.78,1,1
admitted,0.78,1,1
millstone,0.78,1,0
malformation,0.78,1,0
foul,0.78,1,1
scar,0.78,1,0
flatulently,0.78,1,0
waste,0.78,1,1
undemocratically,0.78,1,0
irrepressible,0.78,1,2
chess,0.78,1,1
haunt,0.78,1,1
creeping,0.78,1,1
litterer,0.78,1,0
polemic,0.78,1,0
irresistible,0.78,1,1
syndicate,0.78,1,0
unorthodox,0.78,1,1
overinvest,0.78,1,0
tough,0.78,1,1
remortgage,0.78,1,1
dandruff,0.78,1,0
flirting,0.78,1,2
insularity,0.78,1,1
arrogance,0.78,1,0
ache,0.78,1,1
throbbing,0.78,1,2
ridiculous,0.78,1,1
exhortation,0.78,1,1
loud,0.78,1,0
undoable,0.78,1,0
listeria,0.78,1,0
titter,0.78,1,1
inoculate,0.78,1,1
deadweight,0.78,1,0
bailout,0.78,1,0
masturbatory,0.78,1,1
reminder,0.78,1,1
shameless,0.78,1,1
sogginess,0.78,1,1
nitpick,0.78,1,2
sulfurous,0.78,1,0
fiddler,0.78,1,0
indefiniteness,0.78,1,1
mocking,0.78,1,1
labyrinth,0.78,1,0
utopianism,0.78,1,1
annulment,0.78,1,0
imperialistic,0.78,1,0
uncoordinated,0.78,1,1
perk,0.78,1,0
stronghold,0.78,1,1
admonition,0.78,1,1
crapshooter,0.78,1,1
enmity,0.78,1,0
stammerer,0.78,1,1
test,0.78,1,1
fantastical,0.78,1,2
seediness,0.78,1,1
inseparableness,0.78,1,0
lowball,0.78,1,1
undiagnosed,0.78,1,1
gunpowder,0.78,1,0
scientology,0.78,1,0
scraping,0.78,1,1
rubella,0.78,1,1
bam,0.78,1,2
tangle,0.78,1,1
cling,0.78,1,0
cruddy,0.78,1,1
booking,0.78,1,2
angiography,0.78,1,0
yuck,0.78,1,1
calcified,0.78,1,1
coercively,0.78,1,0
pomp,0.78,1,1
inedible,0.78,1,2
halting,0.78,1,1
hesitantly,0.78,1,1
dodging,0.78,1,0
bustle,0.78,1,1
pang,0.78,1,1
perplex,0.78,1,1
clumsily,0.78,1,1
policeman,0.78,1,1
misplay,0.78,1,1
clap,0.78,1,0
rumble,0.78,1,0
lag,0.78,1,1
inexplicability,0.78,1,0
exhort,0.78,1,1
electorate,0.78,1,0
coconspirator,0.78,1,0
nonpayment,0.78,1,1
undecipherable,0.78,1,0
chide,0.78,1,2
incise,0.78,1,0
insemination,0.78,1,0
fluctuating,0.78,1,1
forgetfulness,0.78,1,1
illogicality,0.78,1,0
shortsighted,0.78,1,1
alienated,0.78,1,1
homework,0.78,1,1
bead,0.78,1,2
remiss,0.78,1,1
gossipy,0.78,1,1
winless,0.78,1,1
underdressed,0.78,1,1
unassimilated,0.78,1,0
crafty,0.78,1,1
fashion,0.78,1,0
detritus,0.78,1,1
presents,0.78,1,1
cryptic,0.78,1,1
canthandleit,0.78,1,0
slippage,0.78,1,1
obscenely,0.78,1,0
disbelieve,0.78,1,0
protracted,0.78,1,1
shirtless,0.78,1,2
arrest,0.78,1,0
absurdness,0.78,1,0
fuckedoff,0.78,1,0
tedious,0.78,1,2
accusing,0.78,1,0
negative,0.78,1,0
blur,0.78,1,1
surreptitious,0.78,1,2
speculation,0.78,1,1
broodiness,0.78,1,1
deify,0.78,1,2
wordiness,0.78,1,0
whimsy,0.78,1,1
involuntary,0.78,1,1
undisciplined,0.78,1,1
huffily,0.78,1,1
diagnosis,0.78,1,0
lunge,0.78,1,0
canvass,0.78,1,1
reconfirmation,0.78,1,0
leftout,0.78,1,1
antipatriotic,0.77,1,1
buffoonish,0.77,1,0
bung,0.77,1,1
chagrined,0.77,1,1
kook,0.77,1,1
draftiness,0.77,1,1
grittily,0.77,1,0
sterilize,0.77,1,0
prudish,0.77,1,1
misarrange,0.77,1,1
sulk,0.77,1,1
underway,0.77,1,0
cardiology,0.77,1,0
unpardonable,0.75,1,0
fallacious,0.75,1,1
telegrapher,0.75,1,0
tightfisted,0.75,1,1
scurrilous,0.75,1,1
legal,0.75,1,0
proviso,0.75,1,0
lava,0.75,1,0
rotten,0.75,1,1
disaffected,0.75,1,1
surprising,0.75,1,1
answerless,0.75,1,1
dispossess,0.75,1,1
pacing,0.75,1,1
draughty,0.75,1,1
pharmacist,0.75,1,0
usurp,0.75,1,0
inimitability,0.75,1,0
splotchy,0.75,1,1
dogmatization,0.75,1,0
sniveler,0.75,1,0
eagerly,0.75,1,0
gangbuster,0.75,1,1
recast,0.75,1,0
scythe,0.75,1,1
ectopic,0.75,1,0
promontory,0.75,1,0
mistiness,0.75,1,1
kneader,0.75,1,0
aversation,0.75,1,1
vehemently,0.75,1,0
squatter,0.75,1,0
blunderer,0.75,1,1
performer,0.75,1,0
dirty,0.75,1,1
unconscious,0.75,1,0
thickening,0.75,1,0
undulant,0.75,1,1
pharmacology,0.75,1,0
dissolute,0.75,1,2
shake,0.75,1,1
vanquisher,0.75,1,0
photolithographic,0.75,1,0
commies,0.75,1,0
lame,0.75,1,1
poignant,0.75,1,1
distort,0.75,1,1
intermitting,0.75,1,1
bootless,0.75,1,1
bash,0.75,1,1
obscurely,0.75,1,1
uncongenially,0.75,1,0
cornerback,0.75,1,1
reopen,0.75,1,1
freefall,0.75,1,2
fecklessness,0.75,1,1
expansiveness,0.75,1,1
oomf,0.75,1,0
guile,0.75,1,1
snuck,0.75,1,2
boltless,0.75,1,1
proctologist,0.75,1,0
retool,0.75,1,0
spike,0.75,1,0
brazen,0.75,1,1
supermom,0.75,1,1
struggled,0.75,1,1
distain,0.75,1,1
unstring,0.75,1,1
interfered,0.75,1,1
infer,0.75,1,1
unmethodical,0.75,1,0
insinuative,0.75,1,1
desiccate,0.75,1,1
squawk,0.75,1,1
enticer,0.75,1,0
imperative,0.75,1,0
confessable,0.75,1,1
mandible,0.75,1,0
wrongheaded,0.75,1,1
dispossessed,0.75,1,1
wincer,0.75,1,0
exclaim,0.75,1,1
succulence,0.75,1,1
pushing,0.75,1,1
vanishing,0.75,1,0
defecation,0.75,1,1
premedication,0.75,1,1
transitional,0.75,1,0
strapped,0.75,1,1
obligated,0.75,1,1
sickish,0.75,1,1
snowflake,0.75,1,1
premeditate,0.75,1,1
excommunicatory,0.75,1,0
quarreler,0.75,1,1
hesitation,0.75,1,1
nastily,0.75,1,1
lens,0.75,1,0
penitence,0.75,1,1
pan,0.75,1,0
ratchet,0.75,1,0
dragging,0.75,1,1
clutch,0.75,1,1
badhabit,0.75,1,2
whorishness,0.75,1,1
blamable,0.75,1,1
unquenchable,0.75,1,1
mouthy,0.75,1,0
tinder,0.75,1,1
thornily,0.75,1,1
bombastically,0.75,1,0
collar,0.75,1,0
rife,0.75,1,1
vigil,0.75,1,1
shantytown,0.75,1,1
conceivably,0.75,1,1
unwarranted,0.75,1,1
simpleton,0.75,1,0
interdict,0.75,1,0
crush,0.75,1,0
banzai,0.75,1,2
falsifier,0.75,1,0
traffic,0.75,1,1
murkiness,0.75,1,1
cooperating,0.75,1,2
sib,0.75,1,0
spatter,0.75,1,1
indicatory,0.75,1,0
clubfeet,0.75,1,1
demonetization,0.75,1,0
implanter,0.75,1,0
tempter,0.75,1,1
insignificancy,0.75,1,1
unearthliness,0.75,1,1
lamentably,0.75,1,1
pothead,0.75,1,1
neurogenic,0.75,1,0
bottleneck,0.75,1,1
influentially,0.75,1,0
unsatisfied,0.75,1,1
wishful,0.75,1,1
ripsaw,0.75,1,0
unassertiveness,0.75,1,1
histrionically,0.75,1,0
deploy,0.75,1,2
cut,0.75,1,1
transmissible,0.75,1,1
demonical,0.75,1,0
yayy,0.75,1,0
arduously,0.75,1,1
behappy,0.75,1,1
insurmountably,0.75,1,0
laughingstock,0.75,1,1
overfed,0.75,1,1
goon,0.75,1,1
insuppressibly,0.75,1,0
slap,0.75,1,1
trendsetting,0.75,1,1
tracheotomy,0.75,1,0
purer,0.75,1,1
jag,0.75,1,1
covetable,0.75,1,1
paging,0.75,1,1
starchy,0.75,1,2
icefall,0.75,1,0
divided,0.75,1,0
alive,0.75,1,1
noisily,0.75,1,0
batching,0.75,1,0
rekindle,0.75,1,1
mew,0.75,1,1
undigested,0.75,1,1
strutting,0.75,1,1
recognizant,0.75,1,0
whine,0.75,1,1
tenpin,0.75,1,0
disappear,0.75,1,1
voyage,0.75,1,1
mamba,0.75,1,0
incredibility,0.75,1,1
intensity,0.75,1,0
ban,0.75,1,1
haplessly,0.75,1,1
stare,0.75,1,1
hitcher,0.75,1,1
pentagon,0.75,1,0
nosiness,0.75,1,1
enchanted,0.75,1,1
fabricated,0.75,1,1
demur,0.75,1,1
load,0.75,1,1
innovationist,0.75,1,0
whacky,0.75,1,1
freeloader,0.75,1,1
botulism,0.75,1,0
derivational,0.75,1,0
swampy,0.75,1,1
deafness,0.75,1,0
coverless,0.75,1,0
blabber,0.75,1,1
captured,0.75,1,0
portentously,0.75,1,0
ropey,0.75,1,1
heathen,0.75,1,0
whacker,0.75,1,1
widowhood,0.75,1,0
reek,0.75,1,2
sullen,0.75,1,1
proctology,0.75,1,0
dumpy,0.75,1,1
uranium,0.75,1,0
takedown,0.75,1,0
stagnate,0.75,1,1
objection,0.75,1,1
pursuer,0.75,1,0
impersonate,0.75,1,0
survival,0.75,1,1
collaborationist,0.75,1,0
flue,0.75,1,1
winnings,0.75,1,1
misuse,0.75,1,0
tautness,0.75,1,1
unnaturalness,0.75,1,1
cult,0.75,1,1
stretchable,0.75,1,0
unfamiliar,0.75,1,1
klutzy,0.75,1,1
sinfulness,0.75,1,1
subarctic,0.75,1,1
dystrophy,0.75,1,0
hunger,0.75,1,2
cancelation,0.75,1,1
postelection,0.75,1,1
mutter,0.75,1,1
crookedly,0.75,1,1
islamist,0.75,1,0
goo,0.75,1,1
unclean,0.75,1,1
visor,0.75,1,0
unbelief,0.75,1,1
scatological,0.75,1,1
eject,0.75,1,1
broker,0.75,1,0
lair,0.75,1,1
gaffe,0.75,1,1
conformity,0.75,1,1
boo,0.75,1,2
sheepishness,0.75,1,1
thalidomide,0.75,1,0
prankishness,0.75,1,1
exhaust,0.75,1,2
perfect,0.75,1,0
stuck,0.75,1,1
unwariness,0.75,1,1
trail,0.75,1,1
comfortlessly,0.75,1,1
stewardess,0.75,1,0
propagandize,0.75,1,0
undiscovered,0.75,1,1
viva,0.75,1,1
breaker,0.75,1,1
engrossed,0.75,1,0
chase,0.75,1,1
christener,0.75,1,0
blind,0.75,1,1
oversubscribe,0.75,1,0
depilatory,0.73,1,0
expecting,0.73,1,1
pushover,0.73,1,1
munition,0.73,1,0
bullish,0.73,1,1
prostrate,0.73,1,0
slob,0.73,1,1
disgorgement,0.73,1,0
hypnotization,0.73,1,2
paramedics,0.73,1,0
allurement,0.73,1,1
ostentation,0.73,1,1
mausoleum,0.73,1,1
covetously,0.73,1,1
chronicity,0.73,1,0
impromptu,0.71,1,1
grump,0.71,1,1
photosensitization,0.71,1,0
deflationary,0.71,1,1
idiotic,0.71,1,1
ageism,0.71,1,1
panty,0.71,1,1
obscurity,0.71,1,1
nobodycares,0.71,1,1
undercharged,0.71,1,2
segregate,0.71,1,0
incorrigible,0.71,1,1
upsize,0.71,1,1
bedpost,0.71,1,1
dropping,0.71,1,2
fibber,0.71,1,1
postimpressionistic,0.71,1,1
indigestive,0.71,1,1
overrunning,0.71,1,1
unalterably,0.71,1,1
fatalist,0.71,1,1
fleabag,0.71,1,1
avoidable,0.71,1,1
rhinovirus,0.71,1,0
blackly,0.71,1,1
gotcha,0.71,1,1
fixation,0.71,1,1
recede,0.71,1,1
acutely,0.71,1,1
overstate,0.71,1,1
stepmother,0.71,1,1
miracle,0.71,1,1
indeterminately,0.71,1,0
deciduously,0.71,1,1
leveraged,0.71,1,1
detect,0.71,1,1
autoinoculation,0.71,1,1
misfit,0.71,1,1
isolate,0.71,1,1
somehow,0.71,1,1
genuflection,0.71,1,1
distend,0.71,1,0
bookable,0.71,1,1
pronouncedly,0.71,1,1
titillation,0.71,1,1
plea,0.71,1,0
sexiness,0.71,1,1
unfruitfulness,0.71,1,0
moneymaking,0.71,1,1
eyesore,0.71,1,1
gustily,0.71,1,0
worthless,0.71,1,0
catholicize,0.71,1,2
floodplain,0.71,1,0
nippiness,0.71,1,1
unbelieving,0.71,1,1
allergy,0.71,1,1
clobber,0.71,1,1
noooo,0.71,1,0
messiness,0.71,1,1
cobwebby,0.71,1,2
apostasy,0.71,1,0
menstruation,0.71,1,1
inexpedient,0.71,1,0
stockpot,0.71,1,1
misanthropist,0.71,1,0
obliquely,0.71,1,1
coeducation,0.71,1,1
pubescence,0.71,1,1
bite,0.71,1,1
selfishly,0.71,1,1
drawn,0.71,1,1
novelize,0.71,1,1
firstworldprobs,0.71,1,1
indirectness,0.71,1,1
fervent,0.71,1,1
shady,0.71,1,1
profane,0.71,1,1
slenderize,0.71,1,1
seductiveness,0.71,1,1
incursive,0.71,1,1
gimpy,0.71,1,1
unrequitedly,0.71,1,1
otter,0.71,1,2
queerness,0.71,1,1
yammer,0.71,1,1
unwholesomely,0.71,1,0
jagged,0.71,1,1
imperativeness,0.71,1,1
forbidder,0.71,1,1
exploitable,0.71,1,1
apprehensible,0.71,1,1
swept,0.71,1,1
clunker,0.71,1,1
slosh,0.71,1,1
experientialism,0.71,1,1
talky,0.71,1,1
glob,0.71,1,2
criticizer,0.71,1,2
jailor,0.71,1,1
saleroom,0.71,1,1
unclosed,0.71,1,1
smuttiness,0.71,1,0
offence,0.71,1,1
encryption,0.71,1,0
illusionistic,0.71,1,1
dropkick,0.71,1,1
metallurgical,0.71,1,1
grating,0.71,1,1
hunchback,0.71,1,1
intermediacy,0.71,1,1
nasal,0.71,1,1
unhandled,0.71,1,1
imp,0.71,1,1
wormy,0.71,1,2
molehill,0.71,1,1
dragger,0.71,1,0
fits,0.71,1,2
menstruate,0.71,1,1
reoccurrence,0.71,1,1
limitless,0.71,1,1
bemuse,0.71,1,1
defiant,0.71,1,1
perfectionism,0.71,1,1
rumor,0.71,1,1
unannounced,0.71,1,1
nightwalker,0.71,1,1
menstrual,0.71,1,1
needle,0.71,1,0
freebase,0.71,1,0
bubbling,0.71,1,1
pierced,0.71,1,1
sardonically,0.71,1,1
penalization,0.71,1,1
conspirer,0.71,1,1
coroner,0.71,1,1
circumspectly,0.71,1,1
prankish,0.71,1,1
formidably,0.71,1,2
flickering,0.71,1,1
unparallel,0.71,1,1
postnasal,0.71,1,1
emergence,0.71,1,1
chaperone,0.71,1,1
complicatedly,0.71,1,1
chopstick,0.71,1,1
underachieve,0.71,1,1
nontraditional,0.71,1,1
slew,0.71,1,1
snob,0.71,1,1
bashfully,0.71,1,1
leech,0.71,1,1
cannonball,0.71,1,1
disillusion,0.71,1,1
contravene,0.71,1,1
boyishness,0.71,1,1
putdown,0.71,1,2
purpose,0.71,1,1
desirous,0.71,1,1
undoing,0.71,1,1
wallop,0.71,1,1
staphylococcus,0.71,1,0
punisher,0.71,1,1
aforehand,0.71,1,1
headstrongness,0.71,1,1
netball,0.71,1,1
watchfully,0.71,1,1
tediously,0.71,1,1
pompousness,0.71,1,1
imprecision,0.71,1,1
inexcusably,0.71,1,1
swat,0.71,1,1
impediment,0.71,1,1
woolly,0.71,1,1
knotting,0.71,1,1
ironbound,0.71,1,0
investigative,0.71,1,1
rancid,0.71,1,2
discriminatory,0.71,1,0
shun,0.71,1,1
lightheaded,0.71,1,1
foppishness,0.71,1,1
clipboard,0.71,1,1
moan,0.71,1,1
hot,0.71,1,0
abnormity,0.71,1,1
punishable,0.71,1,0
flout,0.71,1,0
flan,0.71,1,1
acerbic,0.71,1,1
delayed,0.71,1,1
blacken,0.71,1,0
carryover,0.71,1,1
rueful,0.71,1,1
pessimist,0.7,1,1
preaching,0.7,1,0
impracticality,0.7,1,1
sterilization,0.7,1,0
streaked,0.7,1,0
insinuator,0.7,1,1
fink,0.7,1,1
catechism,0.7,1,0
disagree,0.7,1,2
citrine,0.7,1,1
sniffy,0.7,1,1
trashy,0.7,1,1
acridness,0.7,1,0
tiff,0.7,1,1
kickboxing,0.7,1,0
methanol,0.7,1,1
hadenough,0.7,1,0
bronco,0.7,1,0
conservativeness,0.7,1,1
lance,0.7,1,0
chimer,0.7,1,0
doubtable,0.7,1,1
smoldering,0.7,1,1
sexier,0.7,1,0
indeterminate,0.7,1,0
tiger,0.7,1,0
kinless,0.7,1,0
vagueness,0.7,1,1
severance,0.7,1,0
promiscuous,0.7,1,0
contusions,0.7,1,0
spurn,0.7,1,1
sticky,0.7,1,1
dissonantly,0.7,1,1
blurry,0.7,1,1
qualifying,0.7,1,0
brazenly,0.7,1,1
tendencies,0.7,1,1
dangle,0.7,1,1
irrationalism,0.7,1,0
cursing,0.7,1,1
decried,0.7,1,1
disagreeing,0.7,1,0
crescendo,0.7,1,1
timecard,0.7,1,1
committing,0.7,1,1
disclose,0.7,1,1
spank,0.7,1,0
fenced,0.7,1,0
unusually,0.7,1,1
volatilization,0.7,1,0
pseudoephedrine,0.7,1,0
duskiness,0.7,1,1
tattler,0.7,1,1
hiccup,0.7,1,1
entry,0.7,1,0
evade,0.7,1,1
junk,0.7,1,1
quarrel,0.7,1,1
overcast,0.7,1,1
breakers,0.7,1,1
mesmerism,0.7,1,1
bashfulness,0.7,1,1
bail,0.7,1,1
hustler,0.7,1,1
pulp,0.7,1,0
implausible,0.7,1,1
seduced,0.7,1,1
redundancy,0.7,1,0
streakiness,0.7,1,1
chafing,0.7,1,0
expense,0.7,1,1
disapproved,0.7,1,1
wheelwork,0.7,1,0
flutter,0.7,1,1
arthroscopic,0.7,1,1
theatric,0.7,1,1
syntactic,0.7,1,0
publicist,0.7,1,1
flimsy,0.7,1,1
intermittent,0.7,1,0
courts,0.7,1,0
daringness,0.7,1,0
unexplained,0.7,1,1
admission,0.7,1,1
solicitous,0.7,1,1
impinge,0.7,1,0
pedigree,0.7,1,0
ethnocentric,0.7,1,1
tripping,0.7,1,1
psychopathologist,0.7,1,0
transplant,0.7,1,1
diviner,0.7,1,0
hissing,0.7,1,2
overstay,0.7,1,1
contradictory,0.7,1,0
passport,0.7,1,1
detain,0.7,1,2
peepshow,0.7,1,1
conjecture,0.7,1,1
picket,0.7,1,1
dispossession,0.7,1,0
pagination,0.7,1,0
anarchism,0.7,1,1
crablike,0.7,1,1
taps,0.7,1,0
irradiation,0.7,1,1
glaring,0.7,1,1
prudishly,0.7,1,1
disoblige,0.7,1,1
irresponsive,0.7,1,1
underclass,0.7,1,0
brainless,0.7,1,1
rumple,0.7,1,1
frayed,0.7,1,1
deaf,0.7,1,1
fenceless,0.7,1,1
vaccine,0.7,1,0
guillotine,0.7,1,2
stifle,0.7,1,1
boastfulness,0.69,1,1
masturbator,0.69,1,0
swashbuckling,0.69,1,0
bearishly,0.69,1,0
carouser,0.69,1,0
deconstructive,0.69,1,0
windedness,0.69,1,1
glumness,0.69,1,1
subterraneous,0.69,1,0
misconceive,0.69,1,1
toxoplasmosis,0.67,1,1
parting,0.67,1,1
grandstander,0.67,1,1
slippery,0.67,1,0
harry,0.67,1,1
cyclonically,0.67,1,0
garishly,0.67,1,0
waywardness,0.67,1,1
breed,0.67,1,0
submitting,0.67,1,0
sombrero,0.67,1,1
griper,0.67,1,1
authoritativeness,0.67,1,1
dizzily,0.67,1,1
fuzziness,0.67,1,1
highflier,0.67,1,0
psst,0.67,1,1
moldy,0.67,1,1
supersensible,0.67,1,1
popularizer,0.67,1,0
counterattraction,0.67,1,0
wrest,0.67,1,0
salinization,0.67,1,1
lowborn,0.67,1,1
suddenly,0.67,1,0
sponginess,0.67,1,1
indeterminism,0.67,1,0
bouncy,0.67,1,1
smasher,0.67,1,0
irritator,0.67,1,0
aspirational,0.67,1,1
tuneless,0.67,1,1
hypoplasia,0.67,1,0
reprehensively,0.67,1,0
hedonist,0.67,1,1
attritional,0.67,1,0
heresy,0.67,1,1
shopworn,0.67,1,1
disavow,0.67,1,1
fanciful,0.67,1,0
possessed,0.67,1,1
fallout,0.67,1,0
foreclosable,0.67,1,1
huntress,0.67,1,0
sandbank,0.67,1,1
implantation,0.67,1,1
steerer,0.67,1,0
farfetchedness,0.67,1,1
workless,0.67,1,1
trivialize,0.67,1,1
enthuse,0.67,1,1
resurgent,0.67,1,0
frown,0.67,1,1
pucker,0.67,1,1
exobiology,0.67,1,0
inwardly,0.67,1,1
unmannered,0.67,1,1
dilute,0.67,1,1
kamikaze,0.67,1,0
inconsiderately,0.67,1,1
unpardoned,0.67,1,0
reorganization,0.67,1,1
bday,0.67,1,0
infectiveness,0.67,1,0
firebox,0.67,1,1
allege,0.67,1,0
narcolepsy,0.67,1,0
oscillating,0.67,1,1
moods,0.67,1,0
bridle,0.67,1,2
abdication,0.67,1,1
prick,0.67,1,1
homologically,0.67,1,0
enforcement,0.67,1,1
uncharted,0.67,1,0
madcap,0.67,1,1
diffidence,0.67,1,1
hypnotize,0.67,1,2
incorrigibility,0.67,1,0
immoral,0.67,1,1
pleasures,0.67,1,0
craggy,0.67,1,1
mugginess,0.67,1,1
overcorrection,0.67,1,0
guardedly,0.67,1,1
rigorously,0.67,1,0
whack,0.67,1,0
inflation,0.67,1,0
vivid,0.67,1,1
overcapitalization,0.67,1,1
carbuncular,0.67,1,0
sulkiness,0.67,1,1
hungriness,0.67,1,1
mothball,0.67,1,1
timeliness,0.67,1,1
combo,0.67,1,0
judgelike,0.67,1,0
pimply,0.67,1,1
bungler,0.67,1,1
uncensored,0.67,1,1
odiferous,0.67,1,1
hypocrite,0.67,1,1
disreputably,0.67,1,0
worshipped,0.67,1,1
acclamation,0.67,1,0
engross,0.67,1,2
egocentrism,0.67,1,0
erosive,0.67,1,0
pulse,0.67,1,0
conspicuous,0.67,1,1
miscomprehend,0.67,1,1
regime,0.67,1,0
acridity,0.67,1,0
soliloquist,0.67,1,1
loudly,0.67,1,1
wetsuit,0.67,1,1
injured,0.67,1,1
fortify,0.67,1,1
financially,0.67,1,1
moving,0.67,1,1
renegotiate,0.67,1,0
jammed,0.67,1,1
warship,0.67,1,0
animus,0.67,1,0
jingled,0.67,1,0
embitter,0.67,1,0
misunderstood,0.67,1,1
degenerately,0.67,1,0
torn,0.67,1,1
photodisintegration,0.67,1,0
croc,0.67,1,0
climax,0.67,1,1
guardhouse,0.67,1,1
sensitiveness,0.67,1,1
sloppily,0.67,1,1
threescore,0.67,1,1
dumper,0.67,1,1
typologically,0.67,1,1
stubbed,0.67,1,1
specie,0.67,1,0
ambiguous,0.67,1,1
hardheadedness,0.67,1,0
implicate,0.67,1,1
assistor,0.67,1,0
interjection,0.67,1,1
gorgonzola,0.67,1,0
electrochemically,0.67,1,0
heartworm,0.67,1,0
dissuasion,0.67,1,1
interdependency,0.67,1,1
unintelligibly,0.67,1,0
unusual,0.67,1,1
mid,0.67,1,1
stubborn,0.67,1,0
bleach,0.67,1,1
islamization,0.67,1,0
puffing,0.67,1,1
grisliness,0.67,1,1
sniffle,0.67,1,1
mutant,0.67,1,1
unsatisfying,0.67,1,1
juvenility,0.67,1,1
flaw,0.67,1,1
misanthropically,0.67,1,1
doorhandle,0.67,1,1
intrigued,0.67,1,1
flip,0.67,1,1
sensitize,0.67,1,1
interminably,0.67,1,0
peaked,0.67,1,1
narcissist,0.67,1,1
poorhouse,0.67,1,0
magma,0.67,1,0
mustard,0.67,1,0
pissoff,0.67,1,0
pretence,0.67,1,1
fractiously,0.67,1,1
nab,0.67,1,1
circuitous,0.67,1,1
cloudiness,0.67,1,1
bladelike,0.67,1,0
profanity,0.67,1,1
revelations,0.67,1,0
unprivileged,0.67,1,1
unvaccinated,0.67,1,1
nippy,0.67,1,1
dislodgement,0.67,1,0
scoliosis,0.67,1,0
persuasive,0.67,1,1
foreground,0.67,1,1
confoundedly,0.67,1,0
encrustation,0.67,1,1
determinability,0.67,1,1
ragging,0.67,1,1
extraneous,0.67,1,1
wildcat,0.67,1,0
automate,0.67,1,0
elopement,0.67,1,1
stockholm,0.67,1,1
bedraggle,0.67,1,0
vulnerably,0.67,1,1
unenlightened,0.67,1,1
falseness,0.67,1,0
gloat,0.67,1,1
indeclinable,0.67,1,1
questionably,0.67,1,1
trafficker,0.67,1,0
imperialist,0.67,1,1
divorcer,0.67,1,0
joust,0.67,1,0
rigatoni,0.67,1,1
clinical,0.67,1,0
spoilsport,0.67,1,0
episodic,0.67,1,0
histamine,0.67,1,0
bushmaster,0.67,1,1
uncouth,0.67,1,0
stunned,0.67,1,0
unexplainable,0.67,1,1
mismatch,0.67,1,1
bonanza,0.67,1,0
value,0.67,1,1
mummy,0.67,1,0
headily,0.67,1,0
washout,0.67,1,1
flycatcher,0.67,1,0
overspill,0.67,1,1
profanely,0.67,1,0
middlemost,0.67,1,0
counterintuitive,0.67,1,1
crustily,0.67,1,0
adulterated,0.67,1,0
slogging,0.67,1,1
connive,0.67,1,0
masturbation,0.67,1,1
brusque,0.67,1,1
centipede,0.67,1,1
inopportunely,0.67,1,1
punishably,0.67,1,0
parochialism,0.67,1,0
strikeout,0.67,1,1
electromagnetically,0.67,1,0
hyperinflationary,0.67,1,0
untowardly,0.67,1,1
avoider,0.67,1,1
slipstream,0.67,1,1
albino,0.67,1,0
ponderousness,0.67,1,1
supplicate,0.67,1,1
diabetic,0.67,1,1
hangnail,0.67,1,1
ripped,0.67,1,1
zealousness,0.67,1,1
heated,0.67,1,1
toddle,0.67,1,1
tab,0.67,1,0
premeditated,0.67,1,0
nicotine,0.67,1,0
dusty,0.67,1,1
upload,0.67,1,0
shakeout,0.67,1,1
frisky,0.67,1,1
intern,0.67,1,0
hypnotized,0.67,1,2
color,0.67,1,1
keyed,0.67,1,1
speedster,0.67,1,0
cowpox,0.67,1,0
boggy,0.67,1,1
overhung,0.67,1,1
prostration,0.67,1,2
abominator,0.67,1,0
din,0.67,1,0
rigid,0.67,1,2
cretin,0.67,1,0
boaster,0.67,1,1
egocentric,0.67,1,1
segregator,0.67,1,0
whoremonger,0.67,1,0
brigand,0.67,1,2
stigma,0.67,1,1
terse,0.67,1,1
disfigured,0.67,1,2
awakener,0.67,1,1
insolubility,0.67,1,0
maybe,0.67,1,1
slacker,0.67,1,1
thruster,0.67,1,0
extradition,0.67,1,0
abutting,0.67,1,0
juryless,0.67,1,0
loudest,0.67,1,0
coverage,0.67,1,0
underestimation,0.67,1,2
vaudevillian,0.67,1,0
presenter,0.67,1,1
unprofessionally,0.67,1,1
demonologist,0.67,1,1
bigamous,0.67,1,0
rollicking,0.67,1,1
bred,0.67,1,0
irrecoverable,0.67,1,0
unreflecting,0.67,1,1
improperly,0.67,1,1
bigamist,0.67,1,1
semitone,0.67,1,1
retest,0.67,1,1
hippy,0.67,1,1
tattle,0.67,1,0
theoretically,0.67,1,0
allergen,0.67,1,0
lighting,0.67,1,1
forestall,0.67,1,0
preadolescence,0.67,1,1
sandy,0.67,1,1
sportswear,0.67,1,1
fumigant,0.67,1,1
photoelectron,0.67,1,0
conversationally,0.67,1,1
ungratefully,0.67,1,1
idiotically,0.67,1,0
intermix,0.67,1,1
entangler,0.67,1,0
psyche,0.67,1,0
blending,0.67,1,0
backhander,0.67,1,1
shotgun,0.67,1,0
tamper,0.67,1,1
netscape,0.67,1,0
awaken,0.67,1,1
evader,0.67,1,0
chatter,0.67,1,1
storyboard,0.67,1,0
intractableness,0.67,1,0
horde,0.67,1,1
casein,0.67,1,0
corkscrew,0.67,1,0
hunt,0.67,1,1
rumination,0.67,1,1
belay,0.67,1,0
intrepidly,0.67,1,0
designator,0.67,1,0
revolution,0.67,1,1
owe,0.67,1,1
disgruntle,0.67,1,1
sensitive,0.67,1,1
underprivileged,0.67,1,0
conjoin,0.67,1,0
truncated,0.67,1,1
intercross,0.67,1,0
underbid,0.67,1,1
erasure,0.67,1,1
bent,0.67,1,1
misanthrope,0.67,1,0
antichurch,0.67,1,0
cancelled,0.67,1,1
sued,0.67,1,1
bureaucratize,0.67,1,1
angelfish,0.67,1,0
homeopathy,0.67,1,0
scrape,0.67,1,0
toyshop,0.67,1,2
penetrating,0.67,1,0
crookedness,0.67,1,0
slouchy,0.67,1,1
demineralization,0.67,1,1
unfatherly,0.67,1,1
abnormal,0.67,1,1
vial,0.67,1,0
gut,0.67,1,1
ungodly,0.67,1,1
bigmouth,0.67,1,1
maggoty,0.67,1,1
wobble,0.67,1,1
mocker,0.67,1,1
vainly,0.67,1,1
hoggish,0.67,1,1
pried,0.67,1,0
carpetbag,0.67,1,0
induced,0.67,1,0
assumptive,0.67,1,1
uncharacteristically,0.67,1,1
cosigner,0.67,1,1
misremember,0.67,1,1
brazier,0.67,1,0
undone,0.67,1,1
rejecter,0.67,1,0
regretfully,0.67,1,1
speeder,0.67,1,1
sketcher,0.67,1,1
slunk,0.67,1,2
stodgily,0.67,1,1
dog,0.67,1,0
caddish,0.67,1,0
decompose,0.67,1,0
discerner,0.67,1,2
spotty,0.67,1,1
boozy,0.67,1,1
adoptively,0.67,1,1
unjust,0.67,1,1
crimson,0.67,1,1
wishmeluck,0.67,1,1
unsanitary,0.67,1,0
abashed,0.67,1,1
criticise,0.67,1,1
hypnotherapy,0.67,1,1
fiend,0.67,1,1
antinationalistic,0.67,1,0
expansibility,0.67,1,1
appointee,0.67,1,1
raggedness,0.67,1,1
spending,0.67,1,0
everywoman,0.67,1,1
burrito,0.67,1,1
bawdiness,0.67,1,1
showy,0.67,1,1
somewhat,0.67,1,1
convectively,0.67,1,1
plowman,0.67,1,0
denunciate,0.67,1,1
threadworm,0.67,1,0
evasion,0.67,1,1
slightest,0.67,1,1
disrespectfully,0.67,1,1
gasbag,0.67,1,1
bogus,0.67,1,0
sparkly,0.67,1,1
jailbird,0.67,1,0
reattempt,0.67,1,0
unhip,0.67,1,1
veterinary,0.67,1,0
brainlessly,0.67,1,1
crucifer,0.67,1,0
flagrance,0.67,1,0
pussyfoot,0.67,1,1
spoiler,0.67,1,0
hedgy,0.67,1,1
denouncement,0.67,1,1
miser,0.67,1,1
deterrent,0.67,1,0
greatful,0.67,1,1
cantor,0.67,1,0
snag,0.67,1,1
reoccurring,0.67,1,1
loathsomeness,0.67,1,0
banditry,0.67,1,0
homebound,0.67,1,1
colophon,0.67,1,0
intrastate,0.67,1,0
impaction,0.67,1,0
pejorative,0.67,1,0
impingement,0.67,1,0
humorless,0.67,1,1
squeeze,0.67,1,1
sanctimony,0.67,1,0
teenager,0.67,1,1
reluctantly,0.67,1,1
brownstone,0.67,1,1
underexposure,0.67,1,1
decontaminate,0.67,1,0
inconvenient,0.67,1,1
muckiness,0.67,1,1
hewn,0.67,1,1
incredulous,0.67,1,1
puzzle,0.67,1,1
counterfactual,0.67,1,1
disgracer,0.67,1,0
malefactor,0.67,1,0
subgroup,0.67,1,0
mutilator,0.67,1,0
punchboard,0.67,1,0
pending,0.67,1,2
insolubleness,0.67,1,1
renouncement,0.67,1,0
tinkering,0.67,1,0
mating,0.67,1,2
anarchic,0.67,1,0
pretend,0.67,1,1
daycare,0.67,1,1
fishy,0.67,1,1
overboard,0.67,1,0
snappishly,0.67,1,0
blather,0.67,1,0
misspeak,0.67,1,1
clench,0.67,1,1
cutback,0.67,1,1
illogic,0.67,1,0
defecate,0.67,1,1
underdevelop,0.67,1,1
unavoidably,0.67,1,1
dissident,0.67,1,1
scaly,0.67,1,1
infirmary,0.67,1,1
greenhouse,0.67,1,0
fittings,0.67,1,0
shimmer,0.67,1,1
dankness,0.67,1,1
gripe,0.67,1,1
magnification,0.67,1,0
highhandedness,0.67,1,0
aridity,0.67,1,0
tawdriness,0.67,1,2
prickliness,0.67,1,2
litigate,0.67,1,1
battledress,0.67,1,0
proliferate,0.67,1,0
nonlife,0.67,1,1
humpy,0.67,1,1
weightloss,0.67,1,1
mistakable,0.67,1,1
consequentiality,0.67,1,0
sodden,0.67,1,1
wakefully,0.67,1,0
sneeze,0.67,1,1
teeming,0.67,1,1
rebellious,0.67,1,1
authoritative,0.67,1,0
celebrity,0.67,1,1
enrollment,0.67,1,0
hare,0.67,1,0
damages,0.67,1,1
dasher,0.67,1,0
quixotic,0.67,1,1
shedding,0.67,1,1
pathless,0.67,1,0
campaign,0.67,1,1
steelmaker,0.67,1,0
variability,0.67,1,1
fabricate,0.67,1,1
inaptly,0.67,1,0
reseal,0.67,1,1
disbandment,0.67,1,1
fragmentally,0.67,1,0
misbelieve,0.67,1,0
misapprehend,0.67,1,0
unedifying,0.67,1,0
buzzer,0.67,1,1
fatale,0.67,1,1
pointless,0.67,1,1
impaired,0.67,1,1
concertedly,0.67,1,1
eyeball,0.67,1,1
aerosphere,0.67,1,0
evacuated,0.67,1,2
womanish,0.67,1,1
unconstitutionally,0.67,1,0
chagrin,0.67,1,1
bender,0.67,1,1
shadily,0.67,1,2
submersion,0.67,1,0
impertinent,0.67,1,0
tubeless,0.67,1,1
impactful,0.64,1,1
crassly,0.64,1,0
highflying,0.64,1,1
waywardly,0.64,1,0
suggestively,0.64,1,1
bottomless,0.64,1,0
viscount,0.64,1,0
steaming,0.64,1,0
unquenchably,0.64,1,0
emotional,0.64,1,1
battlewagon,0.64,1,0
ubiquitously,0.62,1,1
overfull,0.62,1,1
seeker,0.62,1,1
spunky,0.62,1,1
blastoff,0.62,1,0
gunroom,0.62,1,0
correctional,0.62,1,0
benzene,0.62,1,0
crude,0.62,1,1
distracted,0.62,1,0
temper,0.62,1,0
feigned,0.62,1,0
sophistic,0.62,1,0
impenetrable,0.62,1,0
brood,0.62,1,0
bumpiness,0.62,1,1
desire,0.62,1,1
dissipated,0.62,1,1
pretending,0.62,1,0
undergrowth,0.62,1,1
holdback,0.62,1,1
cynically,0.62,1,1
erroneous,0.62,1,1
testicle,0.62,1,1
collide,0.62,1,0
acidic,0.62,1,1
cavort,0.62,1,0
paunchy,0.62,1,1
rainstorm,0.62,1,1
search,0.62,1,0
sloppy,0.62,1,1
uncreative,0.62,1,1
snags,0.62,1,0
celiac,0.62,1,0
judger,0.62,1,0
interrupting,0.62,1,1
plate,0.62,1,1
doper,0.62,1,0
reclusive,0.62,1,1
rummage,0.62,1,1
boastful,0.62,1,0
unearth,0.62,1,0
admittedly,0.62,1,1
broadside,0.62,1,0
maze,0.62,1,1
jobseeker,0.62,1,1
debate,0.62,1,1
deployment,0.62,1,0
quickness,0.62,1,1
thud,0.62,1,1
bobsleigh,0.62,1,1
warned,0.62,1,0
elementarily,0.62,1,1
puberty,0.62,1,0
devitalized,0.62,1,0
inordinacy,0.62,1,0
ditzy,0.62,1,1
unsuspecting,0.62,1,0
racer,0.62,1,0
scraggy,0.62,1,1
charade,0.62,1,1
refinish,0.62,1,1
adulterant,0.62,1,0
blurt,0.62,1,1
cumulus,0.62,1,1
shark,0.62,1,1
verbose,0.62,1,1
militants,0.62,1,1
exaggerate,0.62,1,0
smack,0.62,1,1
allergist,0.62,1,1
mentholated,0.62,1,1
busily,0.62,1,1
unintelligible,0.62,1,0
unfamiliarly,0.62,1,1
prophetic,0.62,1,0
unabsorbed,0.62,1,0
jetpack,0.62,1,0
yank,0.62,1,1
disentomb,0.62,1,0
mummify,0.62,1,0
thief,0.62,1,0
halter,0.62,1,1
podge,0.62,1,1
quartered,0.62,1,1
unscientific,0.62,1,1
degenerate,0.62,1,0
tweak,0.62,1,1
unwilled,0.62,1,1
earthliness,0.62,1,0
vindicatory,0.62,1,0
criminalist,0.62,1,0
ritualistic,0.62,1,1
lexicological,0.62,1,1
constantly,0.62,1,1
uncurbed,0.62,1,1
directionless,0.62,1,0
headfirst,0.62,1,0
roadwork,0.62,1,1
sauna,0.62,1,2
ditz,0.62,1,0
hook,0.62,1,1
avoidably,0.62,1,0
snort,0.62,1,1
exclamatory,0.62,1,0
homeworker,0.62,1,0
adventurousness,0.62,1,0
butterfingered,0.62,1,1
verbiage,0.62,1,1
court,0.62,1,1
insincere,0.62,1,0
jargonize,0.62,1,0
fawner,0.62,1,1
rheumatoid,0.62,1,0
launch,0.62,1,0
twitch,0.62,1,1
repaint,0.62,1,1
godless,0.62,1,0
lodged,0.62,1,1
churn,0.62,1,0
dismissal,0.62,1,1
boggler,0.62,1,0
cheeseburger,0.62,1,1
cautionary,0.62,1,1
restrainer,0.62,1,0
suppositional,0.62,1,0
objectification,0.62,1,0
grate,0.62,1,1
dirtily,0.62,1,1
extensive,0.62,1,0
omg,0.62,1,0
stupidest,0.62,1,1
leopardess,0.62,1,1
speck,0.62,1,1
reorder,0.62,1,0
inhibiter,0.62,1,0
speedily,0.62,1,0
undeliverable,0.62,1,0
interventional,0.62,1,0
intercellular,0.62,1,1
dustily,0.62,1,1
unsought,0.62,1,1
barb,0.62,1,0
denies,0.62,1,1
throw,0.62,1,0
simmering,0.62,1,1
rebuild,0.62,1,1
disconnectedness,0.62,1,0
eroded,0.62,1,1
asunder,0.62,1,0
punchy,0.62,1,1
whitey,0.62,1,1
homespun,0.62,1,1
backstairs,0.62,1,0
ministry,0.62,1,1
foulmouthed,0.62,1,0
bug,0.62,1,1
prevent,0.62,1,1
wave,0.62,1,0
scud,0.62,1,0
wearier,0.62,1,1
ethicist,0.62,1,0
inappropriateness,0.62,1,0
stupidrain,0.62,1,1
queerly,0.62,1,1
gastric,0.62,1,0
veiled,0.62,1,1
lied,0.62,1,1
responsibility,0.62,1,1
vulgarization,0.62,1,0
prickle,0.62,1,1
threadbare,0.62,1,1
flippancy,0.62,1,0
trifling,0.62,1,1
salesman,0.62,1,0
serious,0.62,1,0
belch,0.62,1,0
pulverize,0.62,1,0
propelling,0.62,1,0
grittiness,0.62,1,1
silencer,0.62,1,1
rye,0.62,1,0
muralist,0.62,1,0
waiver,0.62,1,0
premonitory,0.62,1,0
bambino,0.62,1,0
loo,0.62,1,0
godsend,0.62,1,1
drag,0.62,1,0
schoolwork,0.62,1,0
rodent,0.62,1,1
vociferously,0.62,1,0
ocular,0.62,1,1
ultrahigh,0.62,1,0
badland,0.62,1,1
beggarly,0.62,1,1
withholding,0.6,1,1
ravishing,0.6,1,1
mapleleaf,0.6,1,0
annihilationist,0.6,1,0
fool,0.6,1,1
movingforward,0.6,1,0
enamor,0.6,1,0
costumed,0.6,1,1
subsample,0.6,1,0
flows,0.6,1,1
unconfidently,0.6,1,0
misadvise,0.6,1,1
inconveniently,0.6,1,1
emigration,0.6,1,0
thiamin,0.6,1,0
unsatisfactorily,0.6,1,1
punishment,0.6,1,0
dividend,0.6,1,0
boohoo,0.6,1,1
inflammability,0.6,1,0
trenchcoat,0.6,1,1
widowed,0.6,1,1
blogosphere,0.6,1,0
unformed,0.6,1,0
heftiness,0.6,1,1
seductress,0.6,1,1
exit,0.6,1,1
giggly,0.6,1,1
toughly,0.6,1,0
scanning,0.6,1,1
overbuy,0.6,1,1
extracting,0.6,1,0
sweathouse,0.6,1,1
phrenology,0.6,1,0
pope,0.6,1,0
friskiness,0.6,1,1
houseful,0.6,1,1
creme,0.6,1,0
sliminess,0.6,1,0
unoriginality,0.6,1,1
forwardness,0.6,1,1
misshapen,0.6,1,1
corporal,0.6,1,0
disaffiliation,0.6,1,1
fangled,0.6,1,2
obstructively,0.6,1,0
unversed,0.6,1,0
toasty,0.6,1,1
culturist,0.6,1,1
slipknot,0.6,1,0
delimitation,0.6,1,1
lyrically,0.6,1,1
shanty,0.6,1,2
fruitless,0.6,1,0
depict,0.6,1,0
slenderness,0.6,1,1
ropewalker,0.6,1,1
ambiguity,0.6,1,0
cancel,0.6,1,0
lazy,0.6,1,1
assiduous,0.6,1,1
marks,0.6,1,0
slugging,0.6,1,1
uninspected,0.6,1,1
indebt,0.6,1,1
shrubby,0.6,1,1
backwoods,0.6,1,1
dissimilarity,0.6,1,0
soaking,0.6,1,1
petrol,0.6,1,1
thwack,0.6,1,0
progenitor,0.6,1,0
billow,0.6,1,1
maximalist,0.6,1,1
downtrodden,0.6,1,1
scour,0.6,1,0
misjudge,0.6,1,1
garble,0.6,1,0
profuse,0.6,1,1
unbecoming,0.6,1,1
lout,0.6,1,0
impoundment,0.6,1,1
underproductive,0.6,1,1
sandpit,0.6,1,1
fornicator,0.6,1,1
sensualist,0.6,1,0
enforce,0.6,1,0
aspersion,0.6,1,0
faced,0.6,1,0
impractical,0.6,1,0
unhandsomely,0.6,1,1
undertaker,0.6,1,0
venturous,0.6,1,0
dampened,0.6,1,2
exclamatorily,0.6,1,1
bitter,0.6,1,1
digestibly,0.6,1,1
predominate,0.6,1,1
away,0.6,1,1
expansionary,0.6,1,1
guarantee,0.6,1,1
moderate,0.6,1,0
showoff,0.6,1,1
overspecialized,0.6,1,1
flouncy,0.6,1,2
bulgy,0.6,1,1
unreceptive,0.6,1,1
crouching,0.6,1,1
inextricability,0.6,1,0
unjustifiably,0.6,1,0
leathery,0.6,1,0
subeditor,0.6,1,1
foolery,0.6,1,1
supercharge,0.6,1,1
immodesty,0.6,1,1
glitch,0.6,1,1
painstakingness,0.6,1,0
buildup,0.6,1,1
undertaking,0.6,1,1
dropout,0.6,1,1
deviance,0.6,1,1
flair,0.6,1,0
snakehead,0.6,1,0
unclog,0.6,1,1
foreshadower,0.6,1,0
emphatic,0.6,1,0
infrastructural,0.6,1,1
crummier,0.6,1,1
chintzy,0.6,1,0
moratorium,0.6,1,0
superglue,0.6,1,0
coxswain,0.6,1,0
constituency,0.6,1,1
scientologist,0.6,1,1
headshot,0.6,1,0
bootlicker,0.6,1,0
encore,0.6,1,0
barbarization,0.6,1,1
thirstiness,0.6,1,0
icepack,0.6,1,1
adulterous,0.6,1,0
impermanency,0.6,1,0
preventative,0.6,1,0
profoundly,0.6,1,1
appropriation,0.6,1,0
bewitchment,0.6,1,1
hooky,0.6,1,1
penicillin,0.6,1,1
jeepers,0.6,1,0
crouton,0.6,1,0
culvert,0.6,1,0
deformed,0.6,1,0
jab,0.6,1,1
heels,0.6,1,1
orgasm,0.6,1,0
captivation,0.6,1,1
ignorance,0.6,1,0
toolkit,0.6,1,1
depreciate,0.6,1,1
whirl,0.6,1,0
jock,0.6,1,0
harlequinesque,0.6,1,0
despite,0.6,1,1
politician,0.6,1,1
wayward,0.6,1,0
communistic,0.6,1,0
reclassify,0.6,1,1
aberrant,0.6,1,1
drumbeat,0.6,1,1
grudge,0.6,1,1
ripcord,0.6,1,0
immortality,0.6,1,0
package,0.6,1,0
mechanize,0.6,1,0
sundry,0.6,1,0
gasoline,0.6,1,1
likeliness,0.6,1,1
implausibly,0.6,1,0
unbelievably,0.6,1,1
spindled,0.6,1,1
stupidpeople,0.6,1,0
outdated,0.6,1,1
communalization,0.6,1,0
trollop,0.6,1,0
resist,0.6,1,1
interrupter,0.6,1,1
quirkiness,0.6,1,0
swill,0.6,1,0
unsavory,0.6,1,0
hastily,0.6,1,1
deprecation,0.6,1,0
sidewinder,0.6,1,1
scabbiness,0.6,1,0
theatrical,0.6,1,1
dispel,0.6,1,1
overinflate,0.6,1,0
lisp,0.6,1,1
staring,0.6,1,1
hayride,0.6,1,1
spiritedness,0.6,1,2
appealer,0.6,1,1
hypocritically,0.6,1,1
improbable,0.6,1,2
opposing,0.6,1,0
impeach,0.6,1,0
cockle,0.6,1,0
initiatory,0.6,1,1
firebrand,0.6,1,0
deprecatory,0.6,1,0
tear,0.6,1,0
heed,0.6,1,0
livelife,0.6,1,0
headline,0.6,1,0
moron,0.6,1,1
blade,0.6,1,0
unwillingness,0.6,1,0
drainer,0.6,1,1
unexplored,0.6,1,0
forcibleness,0.6,1,1
pimple,0.6,1,0
confessor,0.6,1,1
furriness,0.6,1,1
palpably,0.6,1,0
misname,0.6,1,1
enfranchisement,0.6,1,1
nonperformance,0.6,1,1
responsiveness,0.6,1,1
swayback,0.6,1,1
preachy,0.6,1,1
insuppressible,0.6,1,1
false,0.6,1,0
prejudgment,0.6,1,0
indulgency,0.6,1,1
imperfect,0.6,1,0
obstacle,0.6,1,1
fruitlessness,0.6,1,0
disavowal,0.6,1,1
washer,0.6,1,1
huckleberry,0.6,1,1
imposture,0.6,1,0
unwarrantable,0.6,1,0
wolfish,0.6,1,1
impression,0.6,1,1
cleft,0.6,1,0
gallstone,0.6,1,0
secondarily,0.6,1,1
reconsideration,0.6,1,0
avenger,0.6,1,0
unwisely,0.6,1,1
pollen,0.6,1,1
wearied,0.6,1,1
dissatisfied,0.6,1,1
gloater,0.6,1,1
scornful,0.6,1,0
incessancy,0.6,1,1
suburbanization,0.6,1,1
nonattainment,0.6,1,0
rusted,0.6,1,1
unappreciated,0.6,1,1
getaway,0.6,1,1
adamant,0.6,1,0
mischaracterize,0.6,1,0
flimflam,0.6,1,1
unset,0.6,1,1
patchiness,0.6,1,1
dislocate,0.6,1,1
rudeness,0.6,1,1
exoticness,0.6,1,1
uncrown,0.6,1,1
inexplicitness,0.6,1,0
unprogressive,0.6,1,1
photosensitive,0.6,1,0
midcentury,0.6,1,0
unworldly,0.6,1,1
disseminate,0.6,1,0
whippersnapper,0.6,1,1
overbid,0.6,1,0
scrabbled,0.6,1,1
enthralment,0.6,1,0
stoppage,0.6,1,0
smelliness,0.6,1,1
dateless,0.6,1,1
layover,0.6,1,1
discourteously,0.6,1,1
inelegance,0.6,1,1
unorganised,0.6,1,1
snazzy,0.6,1,1
blaze,0.6,1,0
slugfest,0.6,1,1
misplace,0.6,1,0
scoutmaster,0.6,1,1
difficult,0.6,1,-1
bridged,0.6,1,2
clumsiness,0.6,1,1
hypothyroidism,0.6,1,1
clumpy,0.6,1,1
streptococcal,0.6,1,0
reprehensive,0.6,1,0
hairpin,0.6,1,1
flounce,0.6,1,1
latitude,0.6,1,0
separatism,0.6,1,0
antic,0.6,1,0
nonalignment,0.6,1,0
unpracticed,0.6,1,1
raggedly,0.6,1,0
antiquated,0.6,1,1
early,0.6,1,1
lend,0.6,1,1
explicative,0.6,1,1
nimrod,0.6,1,2
backwardness,0.6,1,1
screening,0.6,1,1
magnify,0.6,1,1
zoned,0.6,1,1
raggedy,0.6,1,1
subjunctive,0.6,1,1
unpaired,0.6,1,1
overkill,0.6,1,0
wacky,0.6,1,1
hurdler,0.6,1,0
crisscross,0.6,1,1
excitability,0.6,1,2
determent,0.6,1,0
martyr,0.6,1,0
skein,0.6,1,0
meaninglessness,0.6,1,1
decimate,0.6,1,0
evangelical,0.6,1,1
faultiness,0.6,1,1
molder,0.6,1,1
keenly,0.6,1,1
definitely,0.6,1,0
jaywalk,0.6,1,1
upstart,0.6,1,1
serenade,0.6,1,1
costliness,0.6,1,0
floodable,0.6,1,0
cagey,0.6,1,1
stoplight,0.6,1,1
howdy,0.6,1,0
swingy,0.6,1,1
equivocation,0.6,1,1
overestimate,0.6,1,0
resounding,0.6,1,1
resection,0.6,1,0
shapeless,0.6,1,1
mask,0.6,1,0
babysitting,0.6,1,1
foreign,0.6,1,1
freer,0.6,1,2
tarry,0.6,1,1
forcibly,0.6,1,1
prejudge,0.6,1,0
needfulness,0.6,1,1
undereducated,0.6,1,0
ait,0.6,1,0
agrochemical,0.6,1,0
searching,0.6,1,1
appointments,0.6,1,1
soothsayer,0.58,1,0
unscreened,0.58,1,0
boogie,0.58,1,1
unmerited,0.58,1,1
unkemptness,0.58,1,0
pulverizer,0.58,1,0
uncompleted,0.58,1,1
modernizer,0.58,1,0
reanimation,0.58,1,0
flimsiness,0.58,1,1
huddler,0.58,1,0
passionately,0.58,1,0
overeducate,0.58,1,0
judgement,0.57,1,0
denied,0.57,1,2
punishing,0.57,1,0
worthlessly,0.57,1,1
agnostically,0.57,1,0
clunky,0.57,1,0
devisable,0.57,1,1
interlock,0.57,1,1
squad,0.57,1,0
fooled,0.57,1,1
unevenly,0.57,1,1
gypsies,0.57,1,1
corruptive,0.57,1,0
gauziness,0.57,1,0
profusely,0.57,1,1
despicableness,0.57,1,0
brusqueness,0.57,1,1
depressible,0.57,1,1
herculean,0.57,1,0
mobilization,0.57,1,0
unrestrainedly,0.57,1,1
ungracefully,0.57,1,0
crumbly,0.57,1,1
evolutionist,0.57,1,0
weedkiller,0.57,1,0
recount,0.57,1,0
unpinned,0.57,1,1
exhibitioner,0.57,1,0
storyteller,0.57,1,1
hardboard,0.57,1,1
dissolutely,0.57,1,0
plod,0.57,1,1
unblock,0.57,1,0
eminent,0.57,1,0
hormonal,0.57,1,0
incorruptibly,0.57,1,0
metamorphous,0.57,1,0
accidental,0.57,1,0
coven,0.57,1,0
plaudit,0.57,1,1
haggardness,0.57,1,0
shred,0.57,1,1
sparring,0.57,1,1
dampen,0.57,1,1
muggy,0.57,1,1
dyspepsia,0.57,1,1
credentials,0.57,1,1
assumption,0.57,1,1
disaffirm,0.57,1,1
indecipherably,0.57,1,1
libre,0.57,1,1
engaging,0.57,1,1
protectionist,0.57,1,1
pinnacle,0.57,1,0
evening,0.57,1,1
attagirl,0.57,1,1
civics,0.57,1,1
headspring,0.57,1,1
dogged,0.57,1,1
unshelled,0.57,1,0
peephole,0.57,1,1
reinvent,0.57,1,0
sentimentalize,0.57,1,0
distributed,0.57,1,1
crucially,0.57,1,1
unsubstantially,0.57,1,1
certainly,0.57,1,1
remarriage,0.57,1,1
curtail,0.57,1,0
illicitly,0.57,1,0
bureaucratic,0.57,1,1
policemen,0.57,1,1
circumcised,0.57,1,1
countersignature,0.57,1,0
wastage,0.57,1,1
hearted,0.57,1,1
twitter,0.57,1,1
handicraftsman,0.57,1,0
boundlessly,0.57,1,0
slobber,0.57,1,1
notoriousness,0.57,1,1
hanging,0.57,1,0
middleman,0.57,1,0
groper,0.57,1,0
untraveled,0.57,1,1
unsolicited,0.57,1,0
contemporarily,0.57,1,0
germicidal,0.57,1,0
protectionism,0.57,1,0
straggly,0.57,1,1
inceptive,0.57,1,1
chiller,0.57,1,0
sadday,0.57,1,1
nonfunctioning,0.57,1,0
smalltime,0.57,1,1
barracuda,0.57,1,0
attempted,0.57,1,1
pendency,0.57,1,1
cater,0.57,1,0
annotator,0.57,1,0
pedantically,0.57,1,0
poor,0.57,1,1
brokenheartedly,0.57,1,1
crusher,0.57,1,0
shopaholic,0.57,1,1
cussed,0.57,1,0
virginal,0.57,1,1
deceptively,0.57,1,1
trioxide,0.57,1,0
insubstantiality,0.57,1,0
vulgarian,0.57,1,0
expletively,0.57,1,0
sentimentalist,0.57,1,1
niceness,0.57,1,1
hermetically,0.57,1,1
incontinently,0.57,1,0
sarcastically,0.57,1,0
unwomanly,0.57,1,1
sty,0.57,1,1
inscrutableness,0.57,1,0
unwarrantedly,0.57,1,0
safer,0.57,1,1
seedy,0.57,1,1
encamp,0.57,1,0
salaries,0.57,1,1
campaigning,0.57,1,1
naysay,0.57,1,1
contrarian,0.57,1,0
intracranial,0.57,1,0
depose,0.57,1,0
perhaps,0.57,1,0
scoreboard,0.57,1,1
rhetoric,0.57,1,1
backlash,0.57,1,1
puncher,0.57,1,0
logroller,0.57,1,0
amorous,0.57,1,0
zoophile,0.57,1,0
flamboyance,0.57,1,1
overhanging,0.57,1,1
oppose,0.57,1,0
luncheonette,0.57,1,1
prerecord,0.57,1,0
disunited,0.57,1,0
overstuff,0.57,1,1
punt,0.57,1,1
counteraccusation,0.57,1,1
rubber,0.57,1,0
setup,0.57,1,1
obituary,0.57,1,0
inexpediently,0.57,1,0
littlethings,0.57,1,1
circumvent,0.57,1,0
unreel,0.57,1,1
psychosexuality,0.57,1,0
conspicuously,0.57,1,1
declass,0.57,1,1
decampment,0.57,1,0
aerobics,0.57,1,0
demote,0.57,1,0
wastefulness,0.57,1,1
contradict,0.57,1,1
foreseeable,0.57,1,1
peasantry,0.57,1,0
trinket,0.57,1,0
bucksaw,0.57,1,1
neglectful,0.57,1,1
goodlife,0.57,1,1
monotonously,0.57,1,1
yaaay,0.57,1,1
heck,0.57,1,1
enrichment,0.57,1,1
reeducation,0.57,1,0
overcapitalize,0.57,1,1
flyover,0.57,1,1
ceaseless,0.57,1,1
stinkbug,0.57,1,1
misaddress,0.57,1,0
puckish,0.57,1,0
bossiness,0.57,1,1
carnival,0.57,1,1
overdelicate,0.57,1,0
untalented,0.57,1,1
borer,0.57,1,1
topologic,0.57,1,1
feudalize,0.57,1,0
unforeseeably,0.57,1,1
crotchety,0.57,1,1
patronization,0.57,1,1
greeted,0.57,1,1
hypertrophic,0.57,1,0
groaner,0.57,1,0
senselessly,0.57,1,0
scrambler,0.57,1,1
deformation,0.57,1,0
subclinical,0.57,1,1
cordon,0.56,1,1
relegate,0.56,1,0
moonless,0.56,1,1
ascend,0.56,1,0
exaggeratedly,0.56,1,1
patrolwoman,0.56,1,1
prone,0.56,1,1
huddle,0.56,1,1
airhead,0.56,1,1
polling,0.56,1,1
bark,0.56,1,1
reverberation,0.56,1,1
teem,0.56,1,1
chasm,0.56,1,2
craw,0.56,1,1
hagrid,0.56,1,0
nepotism,0.56,1,1
bluff,0.56,1,1
damn,0.56,1,1
disincentive,0.56,1,1
committeewoman,0.56,1,0
summons,0.56,1,1
recur,0.56,1,0
enlargement,0.56,1,0
slashes,0.56,1,0
charisma,0.56,1,1
woolworker,0.56,1,0
dun,0.56,1,1
milkmaid,0.56,1,1
foaming,0.56,1,1
win,0.56,1,1
quenchless,0.56,1,1
birthing,0.56,1,1
farmer,0.56,1,1
sardonic,0.56,1,1
ringside,0.56,1,1
draught,0.56,1,1
hypnotist,0.56,1,1
investigation,0.56,1,0
letch,0.56,1,0
uncover,0.56,1,0
incinerator,0.56,1,0
particularization,0.56,1,0
autoerotism,0.56,1,0
agog,0.56,1,0
undersized,0.56,1,1
initiate,0.56,1,0
splurge,0.56,1,0
transferral,0.56,1,0
dateline,0.56,1,1
orphan,0.56,1,1
feint,0.56,1,1
bastille,0.56,1,0
skewer,0.56,1,0
bulldogged,0.56,1,0
zigzagged,0.56,1,1
hypocritical,0.56,1,1
inflexibleness,0.56,1,0
powdery,0.56,1,0
secession,0.56,1,0
legs,0.56,1,1
ejaculate,0.56,1,0
warming,0.56,1,0
abrasion,0.56,1,1
cliquish,0.56,1,1
overestimation,0.56,1,1
chauvinist,0.56,1,1
zest,0.56,1,1
geometrician,0.56,1,1
scepticism,0.56,1,1
cheerleading,0.56,1,1
reinvestment,0.56,1,0
blemish,0.56,1,0
confess,0.56,1,0
erotica,0.56,1,1
delouse,0.56,1,1
hereunto,0.56,1,1
employment,0.56,1,1
pregnable,0.56,1,0
unevenness,0.56,1,1
refutation,0.56,1,1
disburse,0.56,1,1
aga,0.56,1,1
retort,0.56,1,1
coquettishly,0.56,1,0
decertify,0.56,1,1
crackled,0.56,1,0
twist,0.56,1,0
airport,0.56,1,1
impersonation,0.56,1,0
orleans,0.56,1,1
furred,0.56,1,1
hippie,0.56,1,1
fastball,0.56,1,0
spender,0.56,1,1
stigmatic,0.56,1,0
raid,0.56,1,2
munch,0.56,1,1
spinsterhood,0.56,1,0
impact,0.56,1,0
foggy,0.56,1,1
poked,0.56,1,0
skewed,0.56,1,1
unsupplied,0.56,1,0
tunnel,0.56,1,0
eliminator,0.56,1,0
tardy,0.56,1,1
falsification,0.56,1,0
diversified,0.56,1,0
catamaran,0.56,1,2
aphrodisiac,0.56,1,0
heartless,0.56,1,1
prime,0.56,1,0
misplacement,0.56,1,1
exaggeration,0.56,1,1
transpire,0.56,1,0
penchant,0.56,1,1
absentmindedness,0.56,1,1
naughty,0.56,1,1
rhetorical,0.56,1,0
institutive,0.56,1,1
ruse,0.56,1,0
deindustrialization,0.56,1,0
princely,0.56,1,1
bis,0.56,1,1
diagnosable,0.56,1,0
devote,0.56,1,1
heroic,0.56,1,1
confessions,0.56,1,1
breakaway,0.56,1,0
peptic,0.56,1,0
mock,0.56,1,0
soliloquy,0.56,1,1
recourse,0.56,1,0
button,0.56,1,1
snoop,0.56,1,1
reload,0.56,1,0
debaucher,0.56,1,0
effusive,0.56,1,1
commit,0.56,1,1
visceral,0.56,1,0
steeplechaser,0.56,1,1
scanty,0.56,1,1
aerospace,0.56,1,1
ablation,0.56,1,0
precipitator,0.56,1,0
aspiring,0.56,1,1
refinance,0.56,1,0
zinger,0.56,1,0
leapfrogging,0.56,1,1
fissure,0.56,1,0
bonesetter,0.56,1,1
counselor,0.56,1,1
novice,0.56,1,0
speciously,0.56,1,1
illusion,0.56,1,1
omitted,0.56,1,1
stirring,0.56,1,1
nonplus,0.56,1,0
prosecutable,0.56,1,0
discredit,0.56,1,0
premises,0.56,1,0
underplay,0.56,1,0
jam,0.56,1,1
cheerer,0.56,1,1
intestate,0.56,1,1
darken,0.56,1,1
fastening,0.56,1,0
operation,0.56,1,0
hamstring,0.56,1,0
delve,0.56,1,0
foxy,0.56,1,1
echocardiogram,0.56,1,0
exotic,0.56,1,1
rental,0.56,1,0
smear,0.56,1,0
surveyor,0.56,1,0
jump,0.56,1,0
wonton,0.56,1,0
voraciousness,0.56,1,0
disadvantageousness,0.56,1,0
streetwise,0.56,1,0
frictional,0.56,1,1
engagement,0.56,1,0
wasabi,0.56,1,1
frizzy,0.56,1,2
harbinger,0.56,1,0
polarizer,0.56,1,1
watchful,0.56,1,1
pageant,0.56,1,1
expect,0.56,1,1
hedgehog,0.56,1,0
crap,0.56,1,0
persuasion,0.56,1,1
secessionist,0.56,1,0
severally,0.56,1,0
partisanship,0.56,1,1
plotting,0.56,1,1
gyrate,0.56,1,0
clashing,0.56,1,1
fantasize,0.56,1,1
stark,0.56,1,1
prohibition,0.56,1,2
terminate,0.56,1,1
crudeness,0.56,1,1
stowaway,0.56,1,0
absurd,0.56,1,1
canceling,0.56,1,1
krispies,0.56,1,0
potato,0.56,1,1
newspeak,0.56,1,0
discoloration,0.56,1,1
premeditation,0.56,1,0
undeveloped,0.56,1,0
pitchy,0.56,1,1
schoolgirl,0.56,1,1
leaflet,0.56,1,1
afoot,0.56,1,0
gaol,0.56,1,0
promise,0.56,1,1
radiation,0.56,1,0
impulse,0.56,1,0
overemphasis,0.56,1,1
ponderous,0.56,1,1
cystic,0.56,1,0
neurotic,0.56,1,-1
spree,0.56,1,2
sectarian,0.56,1,1
unpopular,0.56,1,1
inconvenience,0.56,1,1
acid,0.56,1,0
infringer,0.56,1,0
spit,0.56,1,0
refuse,0.56,1,0
placebo,0.56,1,1
cornstarch,0.56,1,1
undutiful,0.56,1,1
rambling,0.56,1,1
diaspora,0.56,1,1
garmentless,0.56,1,0
babble,0.56,1,0
strapping,0.56,1,0
strange,0.56,1,1
regression,0.56,1,1
spaceflight,0.56,1,1
elfin,0.55,1,0
bureaucratically,0.55,1,0
ghost,0.55,1,1
piggish,0.55,1,1
orphaned,0.55,1,1
baselessly,0.55,1,0
valentine,0.55,1,1
apparitional,0.55,1,1
insinuation,0.55,1,0
purgative,0.55,1,0
splitting,0.55,1,1
witlessness,0.55,1,1
noisemaker,0.55,1,0
straitlaced,0.55,1,1
kinetic,0.54,1,0
sultriness,0.54,1,0
incongruence,0.54,1,0
repo,0.54,1,0
shammed,0.54,1,0
unlighted,0.54,1,0
anticensorship,0.54,1,0
datenight,0.54,1,1
iconoclastic,0.54,1,0
unexplainably,0.54,1,1
imperiously,0.54,1,1
ketosis,0.54,1,0
chatterer,0.54,1,1
exhaustible,0.54,1,0
wolfishness,0.54,1,0
awareness,0.54,1,1
soldierly,0.54,1,1
overdubbed,0.54,1,0
hiding,0.53,1,1
treeless,0.53,1,1
kick,0.53,1,0
hematoma,0.5,1,0
elusive,0.5,1,1
prewash,0.5,1,1
lapse,0.5,1,1
lye,0.5,1,0
sterile,0.5,1,1
glamour,0.5,1,1
laughable,0.5,1,1
babbler,0.5,1,1
galvanizer,0.5,1,0
spuriously,0.5,1,0
unlikely,0.5,1,1
unwillingly,0.5,1,1
slime,0.5,1,1
diagnostics,0.5,1,0
conductive,0.5,1,1
mercenarily,0.5,1,0
gape,0.5,1,1
inexactitude,0.5,1,0
carpetbagger,0.5,1,0
emergent,0.5,1,1
sketchily,0.5,1,1
obscure,0.5,1,1
distortive,0.5,1,0
precipitate,0.5,1,0
blindness,0.5,1,0
rakishness,0.5,1,0
screener,0.5,1,1
magnifier,0.5,1,1
manhood,0.5,1,1
mugshot,0.5,1,1
unconventional,0.5,1,0
crosser,0.5,1,1
ledge,0.5,1,0
wageworker,0.5,1,0
touchiness,0.5,1,0
corrupter,0.5,1,1
tout,0.5,1,0
prompting,0.5,1,1
bleariness,0.5,1,0
coldness,0.5,1,1
sharpshooting,0.5,1,1
buzzard,0.5,1,0
uvula,0.5,1,0
wandering,0.5,1,1
windiness,0.5,1,1
bound,0.5,1,1
buyout,0.5,1,0
parking,0.5,1,1
seasonality,0.5,1,1
precise,0.5,1,1
mystique,0.5,1,1
clasher,0.5,1,0
contention,0.5,1,1
paintball,0.5,1,1
busywork,0.5,1,1
repellency,0.5,1,0
defecator,0.5,1,1
embrace,0.5,1,1
misquotation,0.5,1,1
seismometer,0.5,1,1
formaldehyde,0.5,1,0
willpower,0.5,1,1
weightiness,0.5,1,1
invidious,0.5,1,1
glib,0.5,1,1
prediction,0.5,1,1
bobble,0.5,1,1
schism,0.5,1,1
lasher,0.5,1,1
indigent,0.5,1,0
parch,0.5,1,1
setback,0.5,1,1
impressiveness,0.5,1,1
artichoke,0.5,1,0
wrinkly,0.5,1,1
policed,0.5,1,0
impressionably,0.5,1,1
pump,0.5,1,0
monumentally,0.5,1,0
instantaneous,0.5,1,0
disvalue,0.5,1,1
cloddishness,0.5,1,0
fault,0.5,1,1
shortsightedly,0.5,1,0
condensability,0.5,1,1
contaminative,0.5,1,0
undelivered,0.5,1,1
disproportionate,0.5,1,1
territoriality,0.5,1,1
midget,0.5,1,0
corrector,0.5,1,0
pointedly,0.5,1,1
windsock,0.5,1,1
federalization,0.5,1,0
sopissed,0.5,1,0
eyelashes,0.5,1,1
unmelodious,0.5,1,1
inhibitor,0.5,1,1
barrack,0.5,1,1
commute,0.5,1,1
topological,0.5,1,1
snobbishness,0.5,1,1
biology,0.5,1,1
ecommerce,0.5,1,1
heedfulness,0.5,1,1
epicenter,0.5,1,0
substantiate,0.5,1,0
hitchhiker,0.5,1,1
redraw,0.5,1,1
oath,0.5,1,1
petpeeve,0.5,1,0
perishable,0.5,1,0
illusively,0.5,1,1
distracting,0.5,1,0
talons,0.5,1,1
unsworn,0.5,1,1
couldnt,0.5,1,0
unseasonable,0.5,1,0
pneumonic,0.5,1,0
muddy,0.5,1,1
theocratic,0.5,1,0
descript,0.5,1,1
indisposed,0.5,1,1
foxtail,0.5,1,0
hosannah,0.5,1,0
raise,0.5,1,0
reprehensibly,0.5,1,0
arthritic,0.5,1,1
overcorrect,0.5,1,1
sandblaster,0.5,1,1
await,0.5,1,1
unclipped,0.5,1,1
bighead,0.5,1,1
interface,0.5,1,1
reshoot,0.5,1,1
tink,0.5,1,1
sensation,0.5,1,1
jaunty,0.5,1,1
cautiously,0.5,1,1
nettle,0.5,1,1
goopy,0.5,1,0
escalator,0.5,1,0
spiel,0.5,1,1
hum,0.5,1,0
scribble,0.5,1,1
unforgettable,0.5,1,0
overlong,0.5,1,1
launches,0.5,1,0
sluggishness,0.5,1,1
exorcise,0.5,1,0
joining,0.5,1,1
tagline,0.5,1,0
blamer,0.5,1,1
enigmatical,0.5,1,1
paycheck,0.5,1,1
darnedest,0.5,1,1
plutonian,0.5,1,1
barehanded,0.5,1,0
unsuccessfully,0.5,1,1
grossness,0.5,1,0
northlander,0.5,1,1
downside,0.5,1,1
spiky,0.5,1,1
outspend,0.5,1,0
playtime,0.5,1,1
unwaged,0.5,1,0
amicableness,0.5,1,1
scribbler,0.5,1,0
derogation,0.5,1,0
overcurious,0.5,1,1
fame,0.5,1,0
rosette,0.5,1,0
commercialization,0.5,1,1
prepossession,0.5,1,1
gaff,0.5,1,1
dataflow,0.5,1,1
teeter,0.5,1,1
automobile,0.5,1,1
herald,0.5,1,0
westward,0.5,1,1
refutable,0.5,1,1
eroticize,0.5,1,1
surefire,0.5,1,1
roadtrip,0.5,1,1
scrooge,0.5,1,1
describable,0.5,1,0
venturesome,0.5,1,1
prognosis,0.5,1,1
raunchy,0.5,1,1
ninth,0.5,1,0
universal,0.5,1,0
bobtail,0.5,1,1
demonological,0.5,1,0
neglected,0.5,1,1
dearly,0.5,1,1
override,0.5,1,1
romanticism,0.5,1,1
serrated,0.5,1,1
remorsefully,0.5,1,1
bashed,0.5,1,1
traps,0.5,1,1
butcher,0.5,1,1
divorced,0.5,1,1
heavy,0.5,1,1
reinstall,0.5,1,0
intersperse,0.5,1,1
circumspect,0.5,1,1
workspace,0.5,1,1
unshaped,0.5,1,1
fleetly,0.5,1,1
sixtyfold,0.5,1,1
convenient,0.5,1,1
rhapsodically,0.5,1,1
mail,0.5,1,0
postponer,0.5,1,1
steep,0.5,1,1
handicapping,0.5,1,0
confederacy,0.5,1,1
strait,0.5,1,1
rectal,0.5,1,0
impregnate,0.5,1,0
libertine,0.5,1,0
snippety,0.5,1,1
immoralist,0.5,1,1
caraway,0.5,1,1
characterize,0.5,1,1
acquisitiveness,0.5,1,0
shot,0.5,1,1
inanity,0.5,1,0
theatricality,0.5,1,1
cambodia,0.5,1,1
disbursable,0.5,1,1
misbeliever,0.5,1,0
unequal,0.5,1,1
knothole,0.5,1,0
gust,0.5,1,0
housewifely,0.5,1,1
facetious,0.5,1,0
askew,0.5,1,1
mace,0.5,1,0
coiled,0.5,1,1
humorlessness,0.5,1,0
parasitically,0.5,1,0
grrr,0.5,1,1
plausibly,0.5,1,1
unsubstantial,0.5,1,1
let,0.5,1,1
antislavery,0.5,1,1
monocracy,0.5,1,0
barely,0.5,1,1
hitch,0.5,1,1
scholastically,0.5,1,1
swinging,0.5,1,1
pharma,0.5,1,0
huffy,0.5,1,1
theorizer,0.5,1,1
contentiously,0.5,1,1
spoke,0.5,1,0
shoutout,0.5,1,0
opium,0.5,1,1
beehive,0.5,1,1
verbosity,0.5,1,0
decrepitude,0.5,1,0
defence,0.5,1,1
bottlelike,0.5,1,0
litter,0.5,1,1
copycat,0.5,1,1
ultraliberal,0.5,1,0
briber,0.5,1,1
cutesy,0.5,1,1
incongruity,0.5,1,1
backswing,0.5,1,1
musty,0.5,1,1
unbridle,0.5,1,1
mountaineer,0.5,1,1
disservice,0.5,1,1
brainteaser,0.5,1,1
undiffused,0.5,1,0
inexperienced,0.5,1,1
credulous,0.5,1,0
unpronounceable,0.5,1,1
disposability,0.5,1,0
squawker,0.5,1,1
fireboat,0.5,1,0
ridiculer,0.5,1,1
clubfoot,0.5,1,1
incongruent,0.5,1,1
oddly,0.5,1,1
innuendo,0.5,1,1
bemusement,0.5,1,0
areyoukiddingme,0.5,1,0
oligarchy,0.5,1,0
misdeal,0.5,1,1
waylaid,0.5,1,1
incantation,0.5,1,1
feudalization,0.5,1,0
rhapsodic,0.5,1,1
crownless,0.5,1,0
informative,0.5,1,1
anticlassical,0.5,1,0
naked,0.5,1,1
sociologically,0.5,1,0
parenthood,0.5,1,1
trousers,0.5,1,1
bodybuilding,0.5,1,1
notre,0.5,1,1
bandwagon,0.5,1,1
prophesy,0.5,1,0
herpesvirus,0.5,1,1
freakin,0.5,1,1
acting,0.5,1,1
metallic,0.5,1,0
clipped,0.5,1,1
formal,0.5,1,1
signaler,0.5,1,0
checkless,0.5,1,0
downs,0.5,1,1
commonsense,0.5,1,1
frat,0.5,1,1
sandblast,0.5,1,0
disregardful,0.5,1,1
lemming,0.5,1,0
pretrial,0.5,1,0
granulator,0.5,1,0
injudiciously,0.5,1,0
exclaimer,0.5,1,0
pathetically,0.5,1,1
fetal,0.5,1,1
bleary,0.5,1,1
swirly,0.5,1,1
participatory,0.5,1,1
coaxial,0.5,1,1
fate,0.5,1,0
cuz,0.5,1,1
massive,0.5,1,0
saucily,0.5,1,1
undermined,0.5,1,0
cautiousness,0.5,1,1
sentimentalism,0.5,1,1
earmark,0.5,1,1
common,0.5,1,1
stringy,0.5,1,1
misquote,0.5,1,1
famish,0.5,1,1
fell,0.5,1,0
clank,0.5,1,1
blob,0.5,1,0
excluding,0.5,1,1
noncompliant,0.5,1,0
shuck,0.5,1,1
unsupported,0.5,1,1
bondman,0.5,1,1
defamer,0.5,1,0
uplink,0.5,1,1
underwater,0.5,1,0
troops,0.5,1,0
vegetarianism,0.5,1,1
secrecy,0.5,1,1
consult,0.5,1,0
contemptibly,0.5,1,1
uninspired,0.5,1,1
countermand,0.5,1,0
ceaselessness,0.5,1,0
touched,0.5,1,1
attend,0.5,1,1
thoughtless,0.5,1,0
toiler,0.5,1,1
sordidness,0.5,1,1
fortuneless,0.5,1,0
staccato,0.5,1,0
thickhead,0.5,1,1
tradecraft,0.5,1,1
recitative,0.5,1,0
haul,0.5,1,0
infract,0.5,1,0
sell,0.5,1,1
abdicator,0.5,1,1
impishness,0.5,1,1
walkthrough,0.5,1,1
gothic,0.5,1,1
backflow,0.5,1,1
cannibalistically,0.5,1,0
leash,0.5,1,1
unintelligently,0.5,1,1
sorcery,0.5,1,0
unacceptably,0.5,1,0
cellulite,0.5,1,0
northeaster,0.5,1,0
counterthrust,0.5,1,0
knotted,0.5,1,1
voluptuousness,0.5,1,0
plunge,0.5,1,1
delete,0.5,1,0
thermoplastic,0.5,1,1
euphemize,0.5,1,1
absenteeism,0.5,1,1
purposelessly,0.5,1,1
untested,0.5,1,1
explore,0.5,1,1
unprocurable,0.5,1,1
speculator,0.5,1,0
iconoclast,0.5,1,0
extravagance,0.5,1,1
bison,0.5,1,1
tackler,0.5,1,1
isotherm,0.5,1,0
plagiaristic,0.5,1,1
glassy,0.5,1,1
timid,0.5,1,1
colonialist,0.5,1,1
bilingual,0.5,1,1
oeuvre,0.5,1,0
kickable,0.5,1,0
cleavage,0.5,1,0
chesty,0.5,1,1
impeachability,0.5,1,0
savage,0.5,1,1
unspoken,0.5,1,1
backbite,0.5,1,1
prohibitive,0.5,1,1
wanderlust,0.5,1,0
contrition,0.5,1,1
reinvigorate,0.5,1,1
beeper,0.5,1,1
compute,0.5,1,1
hive,0.5,1,1
dismissively,0.5,1,1
argued,0.5,1,0
placket,0.5,1,1
extinct,0.5,1,1
vietnam,0.5,1,0
subordinate,0.5,1,1
abashedly,0.5,1,1
exfoliate,0.5,1,1
undercutting,0.5,1,1
yup,0.5,1,1
imperfectly,0.5,1,1
protectively,0.5,1,1
twentyfold,0.5,1,1
tap,0.5,1,1
matrimonially,0.5,1,1
crammer,0.5,1,1
pussyfooter,0.5,1,0
kindred,0.5,1,1
victimizer,0.5,1,1
rework,0.5,1,0
wooing,0.5,1,1
inadmissible,0.5,1,1
devotional,0.5,1,0
manageably,0.5,1,1
vibrator,0.5,1,0
scent,0.5,1,1
rough,0.5,1,1
telephonist,0.5,1,1
inedibility,0.5,1,1
suit,0.5,1,1
disapprover,0.5,1,0
sportive,0.5,1,1
doctrinism,0.5,1,0
kinkiness,0.5,1,0
dogma,0.5,1,1
pullout,0.5,1,1
transitive,0.5,1,0
orgies,0.5,1,0
inclusive,0.5,1,1
underrepresented,0.5,1,1
implausibility,0.5,1,0
terminator,0.5,1,1
heel,0.5,1,1
shadowiness,0.5,1,0
nonrealistic,0.5,1,0
crumbliness,0.5,1,1
unwary,0.5,1,1
hydropower,0.5,1,1
coveted,0.5,1,1
inadvertence,0.5,1,1
panhandler,0.5,1,1
inglorious,0.5,1,1
puffer,0.5,1,1
wrinkle,0.5,1,1
expendable,0.5,1,1
inexpressible,0.5,1,1
whim,0.5,1,0
snowiness,0.5,1,1
pathos,0.5,1,0
innocuous,0.5,1,1
greeter,0.5,1,0
bleater,0.5,1,0
unchartered,0.5,1,0
wicket,0.5,1,0
trio,0.5,1,0
foreseen,0.5,1,1
oligarchical,0.5,1,0
far,0.5,1,1
dillydally,0.5,1,1
tapped,0.5,1,1
floorwalker,0.5,1,0
electrocardiography,0.5,1,0
hooker,0.5,1,1
defiance,0.5,1,1
mod,0.5,1,1
penetrated,0.5,1,1
solicit,0.5,1,1
citadel,0.5,1,0
cerebrovascular,0.5,1,0
bedmate,0.5,1,0
revolutionize,0.5,1,0
inquiring,0.5,1,1
vesicle,0.5,1,1
naive,0.5,1,1
tail,0.5,1,1
perky,0.5,1,1
disobediently,0.5,1,1
heiress,0.5,1,1
hoaxer,0.5,1,1
scarlet,0.5,1,1
revision,0.5,1,1
shamanistic,0.5,1,0
ideologist,0.5,1,1
briskly,0.5,1,1
megaphone,0.5,1,1
immaturity,0.5,1,1
serotonin,0.5,1,1
zippy,0.5,1,2
limelight,0.5,1,1
nonstarter,0.5,1,0
unknowable,0.5,1,0
wedgy,0.5,1,1
prominence,0.5,1,1
blackjack,0.5,1,0
epithetical,0.5,1,0
arseholes,0.5,1,1
fleshiness,0.5,1,0
confessional,0.5,1,1
irradiated,0.5,1,0
antireligious,0.5,1,1
oxytocin,0.5,1,1
nagging,0.5,1,1
forbidden,0.5,1,1
pussies,0.5,1,0
weighing,0.5,1,1
communion,0.5,1,1
reinsert,0.5,1,1
geometric,0.5,1,1
physicality,0.5,1,1
advertently,0.5,1,1
dramatic,0.5,1,-1
smudged,0.5,1,1
stealer,0.5,1,0
brittleness,0.5,1,1
almightily,0.5,1,0
faeces,0.5,1,1
protrusion,0.5,1,1
deflate,0.5,1,1
hoodwinker,0.5,1,0
slimly,0.5,1,0
colorectal,0.5,1,1
reformative,0.5,1,1
inflatedness,0.5,1,0
underrepresentation,0.5,1,1
disability,0.5,1,1
infectiousness,0.5,1,0
graphical,0.5,1,1
fatigue,0.5,1,1
steepness,0.5,1,1
poorness,0.5,1,1
routinely,0.5,1,1
reinforced,0.5,1,1
ineffectively,0.5,1,1
peed,0.5,1,1
unbeneficial,0.5,1,1
nitrobenzene,0.5,1,0
presumptuously,0.5,1,1
audaciousness,0.5,1,1
brew,0.5,1,0
idealizer,0.5,1,1
cocktail,0.5,1,0
illuminate,0.5,1,1
both,0.5,1,1
decease,0.5,1,0
affectation,0.5,1,1
gamester,0.5,1,1
galloping,0.5,1,1
fad,0.5,1,0
stagnancy,0.5,1,0
tease,0.5,1,1
projection,0.5,1,1
moderated,0.5,1,1
derelict,0.5,1,1
stipulation,0.5,1,1
election,0.5,1,1
confliction,0.5,1,1
gigolo,0.5,1,0
sacrifices,0.5,1,2
meaner,0.5,1,1
counteroffensive,0.5,1,1
klutziness,0.5,1,0
enforcer,0.5,1,1
nonreciprocal,0.5,1,0
capitals,0.5,1,1
inadmissibility,0.5,1,0
persist,0.5,1,1
miniaturize,0.5,1,1
disputation,0.5,1,1
sarge,0.5,1,0
medicinal,0.5,1,-1
pointe,0.5,1,0
animalize,0.5,1,1
unelaborated,0.5,1,1
lilt,0.5,1,1
calculus,0.5,1,0
ubiquity,0.5,1,1
frailty,0.5,1,1
numbskull,0.5,1,1
reprisal,0.5,1,1
margarita,0.5,1,0
dumpiness,0.5,1,1
unforgotten,0.5,1,1
conservatorship,0.5,1,1
butterflies,0.5,1,1
slog,0.5,1,1
tastiness,0.5,1,1
tuft,0.5,1,1
scarcity,0.5,1,1
snaggy,0.5,1,1
faceless,0.5,1,0
disallow,0.5,1,0
baldness,0.5,1,1
fantasia,0.5,1,1
ignorantly,0.5,1,0
narc,0.5,1,0
highborn,0.5,1,1
greasy,0.5,1,1
fasting,0.5,1,1
undervaluation,0.5,1,1
bacteria,0.5,1,1
paltry,0.5,1,1
cinch,0.5,1,1
slapjack,0.5,1,0
imperialistically,0.5,1,0
irradiant,0.5,1,2
erection,0.5,1,1
dedicator,0.5,1,1
ceremonial,0.5,1,1
syrupy,0.5,1,1
barfly,0.5,1,1
unseat,0.5,1,0
wackiness,0.5,1,1
ascending,0.5,1,1
outguess,0.5,1,1
picketer,0.5,1,1
javelin,0.5,1,1
interrupt,0.5,1,1
ricochet,0.5,1,0
glock,0.5,1,1
fellatio,0.5,1,1
indeterminacy,0.5,1,1
midterm,0.5,1,1
huntsman,0.5,1,0
solicitation,0.5,1,0
unjustly,0.5,1,1
celluloid,0.5,1,1
retentiveness,0.5,1,1
particularly,0.5,1,1
chauvinistically,0.5,1,0
invisibleness,0.5,1,1
schismatic,0.5,1,1
laudation,0.5,1,1
sweeping,0.5,1,1
watchmaker,0.5,1,1
distastefully,0.5,1,1
lament,0.5,1,1
morose,0.5,1,1
imaginer,0.5,1,1
constipated,0.5,1,1
gnarly,0.5,1,1
faintish,0.5,1,1
contending,0.5,1,1
squabbler,0.5,1,1
suggestive,0.5,1,1
junta,0.5,1,1
tracksuit,0.5,1,1
walking,0.5,1,1
embalmer,0.5,1,0
circumscription,0.5,1,0
rigor,0.5,1,1
inadequately,0.5,1,1
dissidence,0.5,1,1
spasmodically,0.5,1,1
afghan,0.5,1,1
litterbug,0.5,1,1
vain,0.5,1,0
distortional,0.5,1,1
dyslexic,0.5,1,1
misappropriate,0.5,1,0
necropolis,0.5,1,0
barefacedly,0.5,1,1
rootless,0.5,1,1
patchy,0.5,1,1
sped,0.5,1,0
trojan,0.5,1,0
antiaircraft,0.5,1,0
complying,0.5,1,1
judging,0.5,1,1
thresh,0.5,1,0
substructure,0.5,1,1
vulgarity,0.5,1,1
transversal,0.5,1,0
nebulousness,0.5,1,1
bait,0.5,1,1
electioneer,0.5,1,1
rebut,0.5,1,0
lifevest,0.5,1,1
minimalism,0.5,1,1
displace,0.5,1,1
fret,0.5,1,0
nonresponsive,0.5,1,1
roughish,0.5,1,1
accolade,0.5,1,1
unmatchable,0.5,1,1
chattily,0.5,1,1
fishermen,0.5,1,1
barefaced,0.5,1,0
thanklessly,0.5,1,1
hittable,0.5,1,0
inapprehensible,0.5,1,0
crudity,0.5,1,0
gorgeousness,0.5,1,1
finalization,0.5,1,1
investigatory,0.5,1,1
swathe,0.5,1,1
petty,0.5,1,1
sewerage,0.5,1,0
residue,0.5,1,0
disk,0.5,1,1
illegibility,0.5,1,0
wiriness,0.5,1,1
indistinguishableness,0.5,1,1
entitlement,0.5,1,0
emotiveness,0.5,1,1
treble,0.5,1,1
midlife,0.5,1,1
inhaler,0.5,1,0
ski,0.5,1,1
jutting,0.5,1,1
controversialist,0.5,1,0
engorgement,0.5,1,0
uncomprehending,0.5,1,1
sirree,0.5,1,1
freeness,0.5,1,1
dyspeptic,0.5,1,1
trick,0.5,1,0
protocol,0.5,1,1
rifles,0.5,1,0
storekeeping,0.5,1,1
mispronounce,0.5,1,0
redouble,0.5,1,1
critically,0.5,1,1
clash,0.5,1,1
issue,0.5,1,1
weight,0.5,1,0
jackass,0.5,1,0
decrepitly,0.5,1,1
incorrect,0.5,1,0
vaccinate,0.5,1,1
scavenge,0.5,1,1
speculum,0.5,1,0
deprogram,0.5,1,0
inanely,0.5,1,1
favoritism,0.5,1,1
discontentedly,0.5,1,1
obscurer,0.5,1,1
thorn,0.5,1,1
coveter,0.5,1,1
fundraising,0.5,1,1
polytheism,0.5,1,1
penal,0.5,1,0
dissemble,0.5,1,0
dreary,0.5,1,1
dawdler,0.5,1,1
disgruntlement,0.5,1,1
untaught,0.5,1,1
meteor,0.5,1,0
kale,0.5,1,1
attraction,0.5,1,1
arch,0.5,1,1
humidity,0.5,1,1
inconquerable,0.5,1,0
nonproliferation,0.5,1,1
graved,0.5,1,1
reassembly,0.5,1,1
bossy,0.5,1,1
gonorrheal,0.5,1,0
biometrical,0.5,1,1
suture,0.5,1,1
myopathy,0.5,1,0
scantiness,0.5,1,1
superficial,0.5,1,1
garrison,0.5,1,0
worthy,0.5,1,1
seizable,0.46,0,0
coercible,0.46,0,0
playoff,0.46,0,0
spontaneity,0.46,0,0
battler,0.46,0,0
outdistance,0.46,0,0
stinky,0.46,0,1
vixen,0.46,0,0
infantryman,0.46,0,0
backhandedness,0.46,0,0
uncalculated,0.46,0,1
borderland,0.46,0,0
lest,0.46,0,1
medication,0.46,0,0
cockamamie,0.46,0,0
disassociation,0.46,0,0
unvented,0.46,0,0
desensitizer,0.45,0,0
nowork,0.45,0,0
cheerlessly,0.45,0,1
momentous,0.45,0,0
overspecialization,0.45,0,0
counterargument,0.45,0,0
roadworks,0.45,0,0
wealthy,0.45,0,1
mousiness,0.45,0,1
hypoderm,0.45,0,0
motivating,0.45,0,0
ridiculously,0.45,0,1
gabble,0.45,0,0
retrovirus,0.44,0,0
pit,0.44,0,0
hammertoe,0.44,0,0
secretively,0.44,0,1
goodliness,0.44,0,0
colonic,0.44,0,0
damply,0.44,0,1
disinfectant,0.44,0,0
counterclaim,0.44,0,0
crawler,0.44,0,0
reveler,0.44,0,1
absurdity,0.44,0,0
folio,0.44,0,0
spectacle,0.44,0,0
brag,0.44,0,0
sedge,0.44,0,0
eminently,0.44,0,0
bugger,0.44,0,0
remarkably,0.44,0,0
misconception,0.44,0,0
animalization,0.44,0,0
hankering,0.44,0,0
damned,0.44,0,1
neophyte,0.44,0,0
smidge,0.44,0,0
weevil,0.44,0,0
illusory,0.44,0,0
insomuch,0.44,0,0
where,0.44,0,0
farce,0.44,0,0
unsanctified,0.44,0,0
telesales,0.44,0,0
informant,0.44,0,0
tortious,0.44,0,0
limitation,0.44,0,0
overqualified,0.44,0,0
checkered,0.44,0,0
calendar,0.44,0,0
concealed,0.44,0,0
ascetic,0.44,0,1
resurgence,0.44,0,0
eleven,0.44,0,0
king,0.44,0,0
enrich,0.44,0,0
fightable,0.44,0,0
underexposed,0.44,0,0
carnally,0.44,0,0
recoup,0.44,0,0
undress,0.44,0,0
rehabilitation,0.44,0,1
selectiveness,0.44,0,0
kicking,0.44,0,0
tow,0.44,0,0
slopped,0.44,0,0
peri,0.44,0,0
arpeggio,0.44,0,0
turgidity,0.44,0,0
waterworks,0.44,0,0
disbelief,0.44,0,0
astrologer,0.44,0,0
bugaboo,0.44,0,0
beer,0.44,0,0
valueless,0.44,0,0
overwater,0.44,0,0
perimeter,0.44,0,1
diminishable,0.44,0,0
grader,0.44,0,0
hedonistic,0.44,0,0
creak,0.44,0,1
depend,0.44,0,0
sleepwalker,0.44,0,0
atmosphere,0.44,0,0
lavatory,0.44,0,0
flitting,0.44,0,1
metaphase,0.44,0,1
fullest,0.44,0,0
circularization,0.44,0,0
disaffirmation,0.44,0,0
need,0.44,0,0
recapture,0.44,0,0
contraction,0.44,0,0
epithetic,0.44,0,0
recon,0.44,0,0
preclude,0.44,0,0
lacking,0.44,0,1
accentuate,0.44,0,0
ope,0.44,0,0
reclusion,0.44,0,0
auger,0.44,0,0
ineligible,0.44,0,0
countercheck,0.44,0,0
physic,0.44,0,0
impiously,0.44,0,0
unreached,0.44,0,0
admit,0.44,0,0
testify,0.44,0,0
quicker,0.44,0,0
uneconomic,0.44,0,1
newest,0.44,0,0
irretrievably,0.44,0,0
consuming,0.44,0,0
revivalist,0.44,0,0
sifting,0.44,0,0
puss,0.44,0,1
slowpoke,0.44,0,1
wisecrack,0.44,0,1
weenie,0.44,0,0
bumble,0.44,0,0
adjunction,0.44,0,0
resistant,0.44,0,0
forethought,0.44,0,0
garnishment,0.44,0,0
wifehood,0.44,0,0
bog,0.44,0,1
defending,0.44,0,0
selfish,0.44,0,1
stirrer,0.44,0,0
reassemble,0.44,0,0
debtor,0.44,0,0
new,0.44,0,0
assimilation,0.44,0,1
disjoint,0.44,0,0
noschool,0.44,0,0
consignation,0.44,0,0
frontline,0.44,0,0
swimsuit,0.44,0,0
wordlessly,0.44,0,0
disciplinarily,0.44,0,0
forfeit,0.44,0,0
postmortem,0.44,0,0
homebuyer,0.44,0,0
puffiness,0.44,0,0
triplication,0.44,0,0
rigorousness,0.44,0,0
indeterminably,0.44,0,0
ass,0.44,0,0
woken,0.44,0,0
haggle,0.44,0,0
riddle,0.44,0,1
unconvinced,0.44,0,1
anarchize,0.44,0,0
tobacco,0.44,0,0
geochronology,0.44,0,0
amortization,0.44,0,0
hatchet,0.44,0,0
pawn,0.44,0,0
shrewdly,0.44,0,0
confusedly,0.44,0,0
defy,0.44,0,0
culprit,0.44,0,0
illuminative,0.44,0,0
remake,0.44,0,0
proportional,0.44,0,0
nail,0.44,0,0
reupholster,0.44,0,0
spontaneous,0.44,0,0
misstatement,0.44,0,0
claws,0.44,0,0
invisibility,0.44,0,0
umbilical,0.44,0,0
formality,0.44,0,0
affecting,0.44,0,0
unmet,0.44,0,0
badly,0.44,0,1
voiceless,0.44,0,0
sanctimoniousness,0.44,0,0
rawr,0.44,0,0
bandage,0.44,0,0
emotionalism,0.44,0,1
unreliably,0.44,0,0
divorcee,0.44,0,0
clergyman,0.44,0,0
puppyish,0.44,0,0
redistribution,0.44,0,0
drooping,0.44,0,-1
behemoth,0.44,0,0
nightshade,0.44,0,0
completely,0.44,0,0
exhibitive,0.44,0,0
hereabout,0.44,0,0
ring,0.44,0,0
bureaucrat,0.44,0,0
cowskin,0.44,0,1
significant,0.44,0,0
crouch,0.44,0,0
probability,0.44,0,0
avert,0.44,0,0
unprecedentedly,0.44,0,0
seismograph,0.44,0,0
consulate,0.44,0,0
carried,0.44,0,0
gunner,0.44,0,0
pushups,0.44,0,0
protestation,0.44,0,0
imposition,0.44,0,0
ardent,0.44,0,0
partisan,0.44,0,1
anticoagulant,0.44,0,0
clothe,0.44,0,0
continuer,0.44,0,0
compressor,0.44,0,0
inferior,0.44,0,1
latch,0.44,0,0
overpaid,0.44,0,0
charitable,0.44,0,1
msg,0.44,0,0
impunity,0.44,0,1
zigzaggy,0.44,0,0
interlocutory,0.44,0,0
allegorize,0.44,0,0
picky,0.44,0,1
specious,0.44,0,1
hussy,0.44,0,1
smallest,0.44,0,0
innovate,0.44,0,0
wildling,0.44,0,0
gossip,0.44,0,0
predict,0.44,0,0
eclipse,0.44,0,0
outlander,0.44,0,0
indescribable,0.44,0,0
politicize,0.44,0,0
committee,0.44,0,0
wildish,0.44,0,0
crayons,0.44,0,0
relative,0.44,0,0
gluttony,0.44,0,1
remnant,0.44,0,0
seared,0.44,0,1
schooling,0.44,0,0
ignoramus,0.44,0,0
tower,0.44,0,0
weir,0.44,0,0
army,0.44,0,0
suspensory,0.44,0,0
arid,0.44,0,1
uncompromising,0.44,0,0
fill,0.44,0,0
skeptic,0.44,0,0
bailiff,0.44,0,0
cobbler,0.44,0,0
zooplankton,0.44,0,0
unseasonably,0.44,0,0
ignobility,0.44,0,0
expander,0.44,0,0
tutelage,0.44,0,0
darkened,0.44,0,0
distributive,0.44,0,1
intricate,0.44,0,0
etiquette,0.44,0,0
corvette,0.44,0,0
tort,0.44,0,0
immediacy,0.44,0,0
longshot,0.44,0,0
subdural,0.44,0,0
discoverability,0.44,0,0
nerve,0.44,0,0
chosen,0.44,0,0
detraction,0.44,0,0
hanker,0.44,0,0
institutional,0.44,0,0
hammerer,0.44,0,0
likely,0.44,0,0
childproof,0.44,0,1
countess,0.44,0,0
twisted,0.44,0,1
evocatively,0.44,0,0
inevitable,0.44,0,0
squish,0.44,0,0
kudos,0.44,0,1
incommensurate,0.44,0,0
cost,0.44,0,0
covert,0.44,0,0
radical,0.44,0,0
resurge,0.44,0,0
sided,0.44,0,0
ownerless,0.44,0,0
accounting,0.44,0,0
ornithology,0.44,0,0
juggle,0.44,0,0
croquette,0.44,0,0
crumple,0.44,0,0
errantly,0.44,0,0
realistically,0.44,0,0
preopening,0.44,0,0
seaport,0.44,0,0
credence,0.44,0,0
confederation,0.44,0,0
inconclusive,0.44,0,0
grumpiness,0.44,0,1
makeover,0.44,0,0
crackle,0.44,0,0
bias,0.44,0,0
future,0.44,0,0
windsurf,0.44,0,1
bode,0.44,0,0
respectability,0.44,0,1
cherry,0.44,0,1
dominant,0.44,0,0
unlash,0.44,0,0
unsorted,0.43,0,0
psychoanalyst,0.43,0,0
simulant,0.43,0,0
promoted,0.43,0,1
turnaround,0.43,0,0
vacillate,0.43,0,0
surreptitiousness,0.43,0,0
improbably,0.43,0,0
wrinkled,0.43,0,0
stinkweed,0.43,0,0
handover,0.43,0,0
cottonwood,0.43,0,0
cursory,0.43,0,0
unpiloted,0.43,0,0
headlamp,0.43,0,0
wept,0.43,0,1
grannie,0.43,0,1
overseen,0.43,0,0
desiring,0.43,0,0
peon,0.43,0,0
maiden,0.43,0,-1
quite,0.43,0,1
crossbowman,0.43,0,0
strategically,0.43,0,0
relearn,0.43,0,0
spillin,0.43,0,0
mudflow,0.43,0,0
continuously,0.43,0,0
legalism,0.43,0,0
motivate,0.43,0,0
adaptive,0.43,0,0
memories,0.43,0,0
jour,0.43,0,1
unappreciatively,0.43,0,0
missingyou,0.43,0,1
religionist,0.43,0,0
unrecognizable,0.43,0,0
leap,0.43,0,0
nondeterministic,0.43,0,0
trailbreaker,0.43,0,0
deferment,0.43,0,0
nonlinear,0.43,0,0
cartload,0.43,0,1
prostate,0.43,0,0
stickiness,0.43,0,0
animalism,0.43,0,0
militiaman,0.43,0,0
inappropriately,0.43,0,0
loiterer,0.43,0,1
imissyou,0.43,0,0
caldron,0.43,0,0
halving,0.43,0,1
unusualness,0.43,0,0
grumbly,0.43,0,0
machete,0.43,0,0
policewoman,0.43,0,0
creaks,0.43,0,0
harelip,0.43,0,0
accelerative,0.43,0,0
accusable,0.43,0,0
peep,0.43,0,0
trike,0.43,0,1
irreversibly,0.43,0,0
klutz,0.43,0,0
hovering,0.43,0,1
obit,0.43,0,0
rasp,0.43,0,0
scandalize,0.43,0,-1
slobbery,0.43,0,0
bunt,0.43,0,0
dictate,0.43,0,0
collusiveness,0.43,0,0
hotplate,0.43,0,0
ambitious,0.43,0,0
adventures,0.43,0,1
boozer,0.43,0,1
razz,0.43,0,0
lumbering,0.43,0,0
zap,0.43,0,0
streusel,0.43,0,1
aspiration,0.43,0,0
deaconess,0.43,0,1
remold,0.43,0,0
shopkeeping,0.43,0,0
gorge,0.43,0,0
inversion,0.43,0,0
crotchet,0.43,0,0
untraditional,0.43,0,1
nebulizer,0.43,0,0
derisively,0.43,0,0
flamboyantly,0.43,0,1
jekyll,0.43,0,0
skit,0.43,0,0
terrifically,0.43,0,1
significantly,0.43,0,1
mir,0.43,0,0
memoranda,0.43,0,0
varicose,0.43,0,0
corruptible,0.43,0,0
stepfather,0.43,0,0
cleaver,0.43,0,0
conjointly,0.43,0,0
contraindicative,0.43,0,0
inconsistently,0.43,0,0
extramarital,0.43,0,0
dreg,0.43,0,0
odorous,0.43,0,0
hardbound,0.43,0,0
lidless,0.43,0,0
ticklishness,0.43,0,0
spontaneously,0.43,0,1
seditionist,0.43,0,0
enticement,0.43,0,1
crevice,0.43,0,0
mindful,0.43,0,1
sundries,0.43,0,0
constrictor,0.43,0,0
bathrobe,0.43,0,0
hypostatic,0.43,0,1
nightshift,0.43,0,0
acquisitively,0.43,0,0
certifiably,0.43,0,0
grind,0.43,0,0
resettlement,0.43,0,0
renowned,0.43,0,0
drunkenly,0.43,0,1
wank,0.43,0,0
laden,0.43,0,0
absurdly,0.43,0,0
combinable,0.43,0,0
evangelist,0.43,0,0
qualified,0.43,0,0
frozenness,0.43,0,0
uneager,0.43,0,1
oilfield,0.43,0,0
feign,0.43,0,1
harebrain,0.43,0,0
eponymous,0.43,0,0
footfall,0.43,0,1
consequential,0.43,0,0
germ,0.43,0,0
cheap,0.43,0,1
hitter,0.43,0,0
unframed,0.43,0,0
disaccord,0.43,0,0
heating,0.43,0,1
disinfect,0.43,0,1
scientifically,0.43,0,0
dontpanic,0.43,0,0
trench,0.43,0,0
defense,0.43,0,0
falter,0.43,0,1
unyieldingness,0.43,0,0
unperformed,0.43,0,0
emotively,0.43,0,0
consumable,0.43,0,0
fibroid,0.43,0,0
whimsicality,0.43,0,0
preempt,0.43,0,0
likewise,0.43,0,0
eroticism,0.43,0,0
lockup,0.43,0,0
nonresponse,0.43,0,0
witchy,0.43,0,0
aspirant,0.43,0,0
materialism,0.43,0,0
confider,0.43,0,0
squeaker,0.43,0,0
misgauge,0.43,0,0
newfound,0.43,0,0
battleaxe,0.43,0,0
piping,0.43,0,0
misalliance,0.43,0,0
reverberate,0.43,0,0
change,0.43,0,0
content,0.43,0,1
swore,0.43,0,0
divorceable,0.43,0,0
dogmatist,0.43,0,0
diagnose,0.43,0,0
napped,0.43,0,0
bragging,0.43,0,1
inflationist,0.43,0,0
flurries,0.43,0,0
potshot,0.43,0,0
electability,0.43,0,0
refusing,0.43,0,1
starred,0.43,0,0
nonearning,0.43,0,0
overdo,0.43,0,0
outshot,0.43,0,0
unidentified,0.43,0,0
phosphorescent,0.43,0,0
nuts,0.43,0,0
kneecap,0.43,0,0
contagiously,0.43,0,0
armies,0.43,0,0
tenement,0.43,0,0
unharnessed,0.43,0,0
weariness,0.43,0,1
forcibility,0.43,0,0
vagrant,0.43,0,0
felicitous,0.43,0,0
fussily,0.43,0,0
animatedly,0.43,0,0
headroom,0.43,0,0
baccarat,0.43,0,0
brushwork,0.43,0,1
squeaky,0.43,0,1
collateral,0.43,0,0
jerkily,0.43,0,0
crewless,0.43,0,0
smokey,0.43,0,0
bottled,0.43,0,0
headiness,0.43,0,0
meaningless,0.43,0,1
tentatively,0.43,0,1
slapper,0.43,0,0
introspectiveness,0.43,0,1
loitering,0.43,0,1
heirless,0.43,0,0
ornate,0.43,0,0
ifonly,0.43,0,0
paramount,0.43,0,0
discontinuance,0.43,0,0
uvular,0.43,0,0
stumper,0.43,0,0
disagreed,0.43,0,0
crept,0.43,0,0
inaffable,0.43,0,1
expeditiousness,0.43,0,0
liftoff,0.43,0,0
archrival,0.43,0,0
unlaundered,0.43,0,0
throng,0.43,0,1
expressway,0.43,0,0
bashful,0.43,0,1
aerobatic,0.43,0,0
huskily,0.43,0,0
termination,0.43,0,0
overtake,0.43,0,0
slightness,0.43,0,1
discounter,0.43,0,0
benzine,0.43,0,0
compelling,0.42,0,1
dwarfish,0.42,0,0
colossal,0.42,0,0
spiff,0.42,0,1
hyperbolism,0.42,0,0
matrimonial,0.42,0,0
esotericism,0.42,0,0
hocus,0.42,0,0
vanity,0.42,0,1
palpation,0.42,0,0
sheepish,0.42,0,1
threesome,0.42,0,0
dozer,0.42,0,0
intravenous,0.42,0,1
moaner,0.42,0,0
someway,0.42,0,0
grad,0.4,0,0
vibrate,0.4,0,0
wasp,0.4,0,0
emotionality,0.4,0,0
precious,0.4,0,0
haziness,0.4,0,1
alluringness,0.4,0,0
misty,0.4,0,1
hookworm,0.4,0,0
dispositional,0.4,0,0
contracted,0.4,0,0
dope,0.4,0,1
misheard,0.4,0,0
doodle,0.4,0,1
cockily,0.4,0,0
semidetached,0.4,0,0
chromite,0.4,0,0
resistible,0.4,0,0
disgruntled,0.4,0,1
ticktack,0.4,0,0
coarseness,0.4,0,0
insular,0.4,0,1
veraciously,0.4,0,0
loquaciousness,0.4,0,1
gleesome,0.4,0,0
stinker,0.4,0,0
circumvention,0.4,0,0
amidst,0.4,0,0
proudest,0.4,0,1
theocracy,0.4,0,0
briskness,0.4,0,0
balding,0.4,0,1
advertising,0.4,0,0
scrunch,0.4,0,0
blunderbuss,0.4,0,0
pains,0.4,0,0
produce,0.4,0,0
ineloquence,0.4,0,0
roughen,0.4,0,0
motorcade,0.4,0,0
rehire,0.4,0,0
cobweb,0.4,0,0
lameness,0.4,0,0
deadbolt,0.4,0,0
activism,0.4,0,1
ovate,0.4,0,0
hickey,0.4,0,0
petroleum,0.4,0,0
diorama,0.4,0,0
gunslinger,0.4,0,0
wisecracker,0.4,0,0
urethral,0.4,0,0
squid,0.4,0,0
awash,0.4,0,0
disincarnate,0.4,0,0
jabberer,0.4,0,0
concessive,0.4,0,0
whiteout,0.4,0,1
username,0.4,0,0
languisher,0.4,0,0
congealment,0.4,0,0
zonk,0.4,0,0
circuitry,0.4,0,0
clamber,0.4,0,1
meagerness,0.4,0,0
holdup,0.4,0,0
closefisted,0.4,0,0
amnesic,0.4,0,0
lavishness,0.4,0,0
myopic,0.4,0,1
ungifted,0.4,0,0
indentured,0.4,0,0
disproportionally,0.4,0,0
deluder,0.4,0,0
lookalike,0.4,0,0
factionist,0.4,0,0
divulgence,0.4,0,0
dehumidification,0.4,0,0
crutch,0.4,0,0
counterhypothesis,0.4,0,0
urinalysis,0.4,0,0
undetermined,0.4,0,0
motherly,0.4,0,0
tremendous,0.4,0,0
scrotum,0.4,0,0
unescorted,0.4,0,1
divisional,0.4,0,0
agreeableness,0.4,0,0
groundswell,0.4,0,1
egotism,0.4,0,0
messiah,0.4,0,0
transmutation,0.4,0,1
warp,0.4,0,0
pill,0.4,0,0
ape,0.4,0,0
conditions,0.4,0,0
refractory,0.4,0,0
bitumen,0.4,0,0
assess,0.4,0,0
sanctioned,0.4,0,0
sorry,0.4,0,1
sceptic,0.4,0,1
brotherliness,0.4,0,1
repetitiveness,0.4,0,0
contestant,0.4,0,0
seismology,0.4,0,0
unknowably,0.4,0,0
excavate,0.4,0,0
acidify,0.4,0,0
indiscriminative,0.4,0,0
contractual,0.4,0,0
leads,0.4,0,0
confessionary,0.4,0,0
boarding,0.4,0,0
simpleminded,0.4,0,1
dragon,0.4,0,0
vigilantly,0.4,0,2
bolter,0.4,0,0
unsoundly,0.4,0,0
aqueduct,0.4,0,0
ingratiate,0.4,0,0
wantonly,0.4,0,0
crafts,0.4,0,0
psychotherapy,0.4,0,0
ashy,0.4,0,0
oncoming,0.4,0,0
romantic,0.4,0,1
eventless,0.4,0,1
limited,0.4,0,0
conformational,0.4,0,0
toughest,0.4,0,0
talkback,0.4,0,0
hokey,0.4,0,0
disassemble,0.4,0,0
complicit,0.4,0,0
grubbiness,0.4,0,1
cleverish,0.4,0,1
bitterness,0.4,0,-1
plunk,0.4,0,0
bigday,0.4,0,0
sos,0.4,0,0
jib,0.4,0,0
hypertrophy,0.4,0,0
charge,0.4,0,0
vulgarize,0.4,0,0
profligate,0.4,0,0
toil,0.4,0,1
abstraction,0.4,0,0
ardor,0.4,0,0
gush,0.4,0,0
price,0.4,0,0
reexamination,0.4,0,1
pertness,0.4,0,0
cannon,0.4,0,0
insignificance,0.4,0,0
melodically,0.4,0,1
vote,0.4,0,0
uhhh,0.4,0,0
atomization,0.4,0,0
trite,0.4,0,1
corruptibleness,0.4,0,0
firefighter,0.4,0,0
brightener,0.4,0,0
asserting,0.4,0,0
nonfunctional,0.4,0,0
excommunicator,0.4,0,0
implant,0.4,0,0
barren,0.4,0,0
presumable,0.4,0,1
disappearing,0.4,0,0
insist,0.4,0,0
corrosion,0.4,0,0
notion,0.4,0,0
inextricable,0.4,0,0
avariciously,0.4,0,0
dweeb,0.4,0,0
telekinetic,0.4,0,0
tramway,0.4,0,0
substitution,0.4,0,0
contradictorily,0.4,0,0
crucifier,0.4,0,0
dissenter,0.4,0,0
companionably,0.4,0,0
daft,0.4,0,0
pert,0.4,0,0
coursework,0.4,0,0
dusky,0.4,0,0
unzip,0.4,0,0
reclose,0.4,0,0
dysphonic,0.4,0,0
horsemen,0.4,0,0
luge,0.4,0,0
mistaken,0.4,0,0
charlatanism,0.4,0,0
intercomparable,0.4,0,0
confluent,0.4,0,0
cootie,0.4,0,0
gaga,0.4,0,0
churchless,0.4,0,0
moxie,0.4,0,0
insistence,0.4,0,0
fatter,0.4,0,0
tracing,0.4,0,0
dissuasively,0.4,0,0
mourn,0.4,0,0
wasn,0.4,0,0
inexplicably,0.4,0,0
subpar,0.4,0,1
grandeur,0.4,0,0
bolt,0.4,0,0
emo,0.4,0,0
propensity,0.4,0,0
predilection,0.4,0,0
regionalism,0.4,0,0
slipshod,0.4,0,1
uncommunicativeness,0.4,0,0
idolatrous,0.4,0,0
silverfish,0.4,0,0
tearing,0.4,0,0
opiate,0.4,0,0
corpulency,0.4,0,0
denominationalism,0.4,0,0
unsynchronized,0.4,0,0
redoubt,0.4,0,0
grossly,0.4,0,0
instruct,0.4,0,0
questionability,0.4,0,0
monocle,0.4,0,0
shortlist,0.4,0,0
ingestion,0.4,0,0
marketization,0.4,0,0
biocatalyst,0.4,0,0
susceptibleness,0.4,0,0
oafish,0.4,0,0
personal,0.4,0,0
intervening,0.4,0,0
art,0.4,0,0
cleave,0.4,0,0
interceptor,0.4,0,0
pullback,0.4,0,0
spark,0.4,0,0
noncooperation,0.4,0,1
circus,0.4,0,0
auspices,0.4,0,0
cylinder,0.4,0,0
intensification,0.4,0,0
renegotiation,0.4,0,0
aircraft,0.4,0,0
unladylike,0.4,0,1
perpetuator,0.4,0,0
contingency,0.4,0,0
ping,0.4,0,0
radiographer,0.4,0,0
clothing,0.4,0,0
surmountable,0.4,0,1
spanker,0.4,0,0
slackness,0.4,0,0
patrolman,0.4,0,0
soapiness,0.4,0,1
untallied,0.4,0,0
clunk,0.4,0,0
flirter,0.4,0,0
sulphuric,0.4,0,0
hoarsely,0.4,0,1
overflow,0.4,0,0
nip,0.4,0,0
mailman,0.4,0,0
venting,0.4,0,0
peppery,0.4,0,0
elocution,0.4,0,0
cookhouse,0.4,0,0
rascal,0.4,0,1
unrefrigerated,0.4,0,1
inquisitiveness,0.4,0,0
taperecorder,0.4,0,0
blink,0.4,0,0
bulkily,0.4,0,0
assumedly,0.4,0,0
guards,0.4,0,0
medial,0.4,0,0
paver,0.4,0,0
frontal,0.4,0,0
aviation,0.4,0,0
waterproof,0.4,0,0
postponed,0.4,0,0
bowleg,0.4,0,0
heftily,0.4,0,0
humbug,0.4,0,1
hovel,0.4,0,0
noncurrent,0.4,0,0
beam,0.4,0,0
husbandry,0.4,0,0
complementary,0.4,0,0
polydactyl,0.4,0,0
shithead,0.4,0,0
smelly,0.4,0,0
annul,0.4,0,0
unwatchful,0.4,0,1
gratify,0.4,0,0
celebrative,0.4,0,0
underbrush,0.4,0,1
abnormally,0.4,0,0
lover,0.4,0,0
epically,0.4,0,0
churchlike,0.4,0,1
bloodstone,0.4,0,0
overpressure,0.4,0,0
pretentiously,0.4,0,0
photochemical,0.4,0,0
bodacious,0.4,0,0
cartographically,0.4,0,0
inconsistent,0.4,0,0
goad,0.4,0,0
rewrite,0.4,0,0
sinfully,0.4,0,0
freshen,0.4,0,1
dive,0.4,0,0
beneficial,0.4,0,0
powerfully,0.4,0,0
remuneration,0.4,0,0
dammit,0.4,0,1
reservist,0.4,0,0
cockish,0.4,0,0
reroute,0.4,0,0
quantum,0.4,0,0
codefendant,0.4,0,0
chatterbox,0.4,0,0
disinvest,0.4,0,0
hopper,0.4,0,0
referral,0.4,0,0
grapple,0.4,0,0
inviolability,0.4,0,0
grog,0.4,0,0
unfiled,0.4,0,0
runt,0.4,0,0
schmooze,0.4,0,0
seductive,0.4,0,1
protuberant,0.4,0,0
presentment,0.4,0,0
advisory,0.4,0,0
fastback,0.4,0,0
bulldozer,0.4,0,0
robustly,0.4,0,0
allergic,0.4,0,0
driveway,0.4,0,1
wind,0.4,0,0
tightly,0.4,0,0
archness,0.4,0,0
strangely,0.4,0,1
graver,0.4,0,0
disappointedly,0.4,0,1
willfulness,0.4,0,0
orangeade,0.4,0,0
wintertime,0.4,0,0
flattish,0.4,0,0
captain,0.4,0,0
unpleasing,0.4,0,1
bacterium,0.4,0,0
scribe,0.4,0,0
seismography,0.4,0,0
gurney,0.4,0,0
cellphone,0.4,0,0
denaturalize,0.4,0,0
bawdy,0.4,0,1
legged,0.4,0,0
cyber,0.4,0,0
misnomer,0.4,0,0
spectrum,0.4,0,0
socialist,0.4,0,0
unadvised,0.4,0,0
occult,0.4,0,0
unexamined,0.4,0,0
ideological,0.4,0,0
thermodynamics,0.4,0,0
redneck,0.4,0,0
adjustment,0.4,0,0
heedless,0.4,0,0
cloves,0.4,0,1
bootleg,0.4,0,0
terminological,0.4,0,0
verified,0.4,0,0
soberness,0.4,0,0
notched,0.4,0,0
effeminate,0.4,0,0
steroids,0.4,0,0
dominatrix,0.4,0,0
prayerfulness,0.4,0,1
patroller,0.4,0,0
rubies,0.4,0,0
unrecognized,0.4,0,1
fantasies,0.4,0,0
burnable,0.4,0,0
plane,0.4,0,0
ultraconservative,0.4,0,0
bump,0.4,0,0
retreatment,0.4,0,0
barring,0.4,0,0
teleport,0.4,0,0
unblushing,0.4,0,0
unarranged,0.4,0,1
slugger,0.4,0,0
showpiece,0.4,0,0
egotistically,0.4,0,1
slipping,0.4,0,1
unasked,0.4,0,1
turndown,0.4,0,0
unlucky,0.4,0,0
transboundary,0.4,0,0
revel,0.4,0,1
newt,0.4,0,0
forthrightly,0.4,0,0
hotshot,0.4,0,0
smoggy,0.4,0,0
crushable,0.4,0,0
gangsta,0.4,0,0
hypothesize,0.4,0,1
reformat,0.4,0,0
loop,0.4,0,0
disparately,0.4,0,0
perceivably,0.4,0,0
deflation,0.4,0,0
fete,0.4,0,0
wildland,0.4,0,0
unintended,0.4,0,0
assessment,0.4,0,0
careerism,0.4,0,0
pretender,0.4,0,0
renal,0.4,0,0
withdraw,0.4,0,0
bearded,0.4,0,0
petition,0.4,0,0
craterous,0.4,0,0
therein,0.4,0,0
disarrange,0.4,0,1
whereto,0.4,0,0
actin,0.4,0,0
bareheaded,0.4,0,0
misspent,0.4,0,0
dawg,0.4,0,0
jurisdictional,0.4,0,0
confession,0.4,0,1
dominantly,0.4,0,0
masonry,0.4,0,0
resound,0.38,0,0
breadbasket,0.38,0,0
crank,0.38,0,0
firth,0.38,0,0
unpasteurized,0.38,0,0
dawdle,0.38,0,1
layperson,0.38,0,0
chain,0.38,0,0
meeting,0.38,0,0
perchance,0.38,0,1
taciturn,0.38,0,0
snoopy,0.38,0,0
wireline,0.38,0,0
fiftyfold,0.38,0,0
reaction,0.38,0,0
embellish,0.38,0,0
toeless,0.38,0,0
preoperatively,0.38,0,0
muck,0.38,0,0
crosswind,0.38,0,0
downriver,0.38,0,0
unbecomingness,0.38,0,0
drones,0.38,0,0
pounder,0.38,0,0
radium,0.38,0,0
flirtatious,0.38,0,1
counterclaimant,0.38,0,0
rehearsed,0.38,0,0
astigmatism,0.38,0,0
bold,0.38,0,1
preparing,0.38,0,1
apathetical,0.38,0,0
obligation,0.38,0,0
baptism,0.38,0,0
wriggle,0.38,0,1
yeasty,0.38,0,0
deportable,0.38,0,1
neutralist,0.38,0,0
canniness,0.38,0,0
guild,0.38,0,0
alibi,0.38,0,0
minotaur,0.38,0,0
retrial,0.38,0,0
semiformal,0.38,0,0
magneto,0.38,0,0
sandpaper,0.38,0,0
subordination,0.38,0,0
noncitizen,0.38,0,0
apex,0.38,0,0
lampoonery,0.38,0,0
museum,0.38,0,0
adjacency,0.38,0,0
venous,0.38,0,0
birdbrain,0.38,0,0
allocation,0.38,0,0
bank,0.38,0,0
plausibility,0.38,0,0
finesse,0.38,0,1
opposed,0.38,0,0
boost,0.38,0,0
rationalize,0.38,0,1
psychosexually,0.38,0,0
react,0.38,0,0
stoopid,0.38,0,1
toughie,0.38,0,0
obituaries,0.38,0,0
whenever,0.38,0,1
cmon,0.38,0,0
mixedemotions,0.38,0,0
beachside,0.38,0,1
visionary,0.38,0,1
presuppose,0.38,0,0
gibberish,0.38,0,0
vivaciousness,0.38,0,1
baseless,0.38,0,1
concourse,0.38,0,0
injectable,0.38,0,1
think,0.38,0,1
academically,0.38,0,0
airless,0.38,0,1
knife,0.38,0,0
touchdown,0.38,0,0
impoverishment,0.38,0,-1
rheumatology,0.38,0,0
intricateness,0.38,0,0
micromanipulator,0.38,0,0
wondered,0.38,0,0
pockmark,0.38,0,0
submissiveness,0.38,0,1
untidy,0.38,0,1
squeakiness,0.38,0,1
semifinal,0.38,0,0
curt,0.38,0,0
smaller,0.38,0,0
bargaining,0.38,0,0
coastward,0.38,0,0
regress,0.38,0,1
bookie,0.38,0,0
adolescent,0.38,0,0
gamely,0.38,0,0
denunciator,0.38,0,0
gauntness,0.38,0,1
griminess,0.38,0,0
sickle,0.38,0,0
unattained,0.38,0,0
intuitiveness,0.38,0,1
expedition,0.38,0,0
contrive,0.38,0,0
biocide,0.38,0,0
damp,0.38,0,1
dull,0.38,0,1
prizefighter,0.38,0,0
married,0.38,0,0
scattershot,0.38,0,0
ex,0.38,0,0
whence,0.38,0,0
papal,0.38,0,0
redeem,0.38,0,0
permanence,0.38,0,0
bawdily,0.38,0,0
circumspectness,0.38,0,0
rebel,0.38,0,0
vested,0.38,0,0
bankable,0.38,0,0
inhibitory,0.38,0,0
gawk,0.38,0,0
bottling,0.38,0,0
godlessly,0.38,0,0
gangling,0.38,0,0
censorable,0.38,0,1
flap,0.38,0,0
lodger,0.38,0,0
aback,0.38,0,0
hoggishly,0.38,0,0
pronounced,0.38,0,1
thoughtlessly,0.38,0,0
naysayer,0.38,0,1
enjoin,0.38,0,0
marshy,0.38,0,1
glint,0.38,0,0
freeview,0.38,0,1
teasing,0.38,0,1
lord,0.38,0,0
appeal,0.38,0,1
unaccounted,0.38,0,0
instructional,0.38,0,0
blimey,0.38,0,0
orgasmic,0.38,0,1
ingratiation,0.38,0,0
infantile,0.38,0,1
toleration,0.38,0,0
consequence,0.38,0,0
thrust,0.38,0,0
attenuate,0.38,0,0
nonnegotiable,0.38,0,0
confabulation,0.38,0,0
reward,0.38,0,0
astronomic,0.38,0,1
priority,0.38,0,0
specifically,0.38,0,0
compaction,0.38,0,0
revisionist,0.38,0,0
mercenary,0.38,0,0
simulating,0.38,0,0
alfresco,0.38,0,1
kids,0.38,0,0
prematurity,0.38,0,1
jellification,0.38,0,0
grasshopper,0.38,0,0
scrapie,0.38,0,0
tendency,0.38,0,0
ungraceful,0.38,0,0
supposition,0.38,0,0
betrothed,0.38,0,0
knave,0.38,0,0
nascent,0.38,0,0
murk,0.38,0,1
depreciation,0.38,0,0
dispute,0.38,0,0
gristly,0.38,0,0
startup,0.38,0,0
quick,0.38,0,0
sear,0.38,0,1
forensic,0.38,0,0
jalopy,0.38,0,0
overplayed,0.38,0,0
partiality,0.38,0,0
illiterately,0.38,0,0
circumnavigate,0.38,0,0
flanker,0.38,0,0
erosion,0.38,0,0
bridgehead,0.38,0,0
reflux,0.38,0,0
bristly,0.38,0,0
fling,0.38,0,0
nimbus,0.38,0,0
whininess,0.38,0,0
marred,0.38,0,0
deviator,0.38,0,0
abrupt,0.38,0,0
pulmonary,0.38,0,0
cloverleaf,0.38,0,0
speedy,0.38,0,0
railroader,0.38,0,0
vague,0.38,0,1
inevitableness,0.38,0,0
slapstick,0.38,0,1
securities,0.38,0,0
morphine,0.38,0,0
rescission,0.38,0,0
incur,0.38,0,0
catheter,0.38,0,0
notoriously,0.38,0,0
disliking,0.38,0,1
breeches,0.38,0,0
swearer,0.38,0,0
flaky,0.38,0,1
immortal,0.38,0,0
alliterativeness,0.38,0,0
disregarded,0.38,0,0
abolisher,0.38,0,0
headwork,0.38,0,0
deferring,0.38,0,1
photographical,0.38,0,0
slowness,0.38,0,1
vivacious,0.38,0,1
fore,0.38,0,0
bonk,0.38,0,0
midwife,0.38,0,0
sexy,0.38,0,1
unproductiveness,0.38,0,-1
inattentively,0.38,0,0
illuminati,0.38,0,0
infraction,0.38,0,0
sham,0.38,0,0
warren,0.38,0,0
corse,0.38,0,0
irons,0.38,0,0
altered,0.38,0,0
shoot,0.38,0,0
cutters,0.38,0,0
microdot,0.38,0,0
artifice,0.38,0,0
byzantine,0.38,0,0
uncircumcised,0.38,0,0
damsel,0.38,0,0
sensitivity,0.38,0,1
popularity,0.38,0,1
strived,0.38,0,1
pilgrimage,0.38,0,0
spent,0.38,0,1
scrutinizer,0.38,0,0
yesss,0.38,0,0
narrower,0.38,0,0
aftereffect,0.38,0,0
readjustment,0.38,0,0
arbitrary,0.38,0,0
contradictive,0.38,0,1
colonizer,0.38,0,0
preventer,0.38,0,0
pinball,0.38,0,1
stepfamily,0.38,0,0
debut,0.38,0,0
clit,0.38,0,0
forecast,0.38,0,0
neoconservative,0.38,0,0
persistently,0.38,0,1
abolitionism,0.38,0,0
gonzo,0.38,0,0
government,0.38,0,0
crossroads,0.38,0,0
takeaway,0.38,0,0
eavesdropper,0.38,0,1
jaded,0.38,0,1
sewer,0.38,0,1
competitive,0.38,0,1
up,0.36,0,0
injector,0.36,0,0
backset,0.36,0,0
metallization,0.36,0,0
seismologic,0.36,0,0
revelry,0.36,0,1
undersize,0.36,0,0
governmentally,0.36,0,0
timeserving,0.36,0,1
decolonization,0.36,0,0
nonwhite,0.36,0,0
mignon,0.36,0,0
warrantable,0.36,0,0
hermaphroditical,0.36,0,0
swank,0.36,0,1
supposedly,0.36,0,0
pinhead,0.36,0,0
spellbinder,0.36,0,1
nightfall,0.36,0,1
grunge,0.36,0,1
jeez,0.33,0,0
mindfulness,0.33,0,0
catchy,0.33,0,1
toadstool,0.33,0,0
preceding,0.33,0,0
forgetter,0.33,0,0
spoiling,0.33,0,1
overrepresentation,0.33,0,0
kos,0.33,0,0
combustibility,0.33,0,0
nonassertive,0.33,0,1
stranger,0.33,0,1
geyser,0.33,0,0
news,0.33,0,0
disguisedly,0.33,0,0
stanza,0.33,0,0
ultraorthodox,0.33,0,0
unpersuasive,0.33,0,0
accountability,0.33,0,0
gynecologist,0.33,0,0
horoscope,0.33,0,0
fatigueless,0.33,0,0
swanky,0.33,0,1
easterly,0.33,0,0
angulated,0.33,0,0
ruminate,0.33,0,1
wack,0.33,0,0
commercialistic,0.33,0,0
gluttonously,0.33,0,0
nonstick,0.33,0,0
baroque,0.33,0,0
declaration,0.33,0,0
flounder,0.33,0,1
error,0.33,0,1
paradigmatically,0.33,0,0
precociously,0.33,0,0
bounds,0.33,0,0
fallow,0.33,0,1
preconceived,0.33,0,0
bravado,0.33,0,1
recollection,0.33,0,0
jammer,0.33,0,0
scatter,0.33,0,1
neglector,0.33,0,0
safari,0.33,0,0
decentness,0.33,0,1
abracadabra,0.33,0,0
fortuneteller,0.33,0,0
arisen,0.33,0,0
ornamental,0.33,0,0
sidetrack,0.33,0,0
wilted,0.33,0,1
blabbermouth,0.33,0,0
indelicate,0.33,0,1
specialness,0.33,0,1
dislodge,0.33,0,1
shortness,0.33,0,0
beeline,0.33,0,0
decryption,0.33,0,0
juncture,0.33,0,0
spin,0.33,0,0
fuzzy,0.33,0,1
watchdog,0.33,0,0
chest,0.33,0,0
upend,0.33,0,0
puce,0.33,0,0
preflight,0.33,0,0
prearrange,0.33,0,0
peacock,0.33,0,1
transition,0.33,0,0
incoming,0.33,0,0
brownnoser,0.33,0,0
singled,0.33,0,0
sensually,0.33,0,1
awol,0.33,0,0
battery,0.33,0,0
scrambled,0.33,0,0
involuntarily,0.33,0,0
windbag,0.33,0,0
rockin,0.33,0,0
afterburning,0.33,0,0
decadent,0.33,0,1
shrimplike,0.33,0,1
unthankful,0.33,0,0
groan,0.33,0,1
decadently,0.33,0,0
lovethis,0.33,0,0
declare,0.33,0,0
backslider,0.33,0,0
underdone,0.33,0,0
airfare,0.33,0,0
saddled,0.33,0,0
nonregistered,0.33,0,0
panties,0.33,0,0
persistency,0.33,0,1
dichotomy,0.33,0,0
header,0.33,0,0
lmao,0.33,0,0
dilatory,0.33,0,0
smokin,0.33,0,0
shining,0.33,0,1
larva,0.33,0,0
preparation,0.33,0,0
tarred,0.33,0,0
scrapheap,0.33,0,0
dramatically,0.33,0,0
eradicator,0.33,0,0
unelected,0.33,0,0
breakdance,0.33,0,0
amputate,0.33,0,0
seamster,0.33,0,0
nerdy,0.33,0,0
disgustedly,0.33,0,0
encrypt,0.33,0,0
prolongate,0.33,0,0
paine,0.33,0,0
populism,0.33,0,0
dabbling,0.33,0,0
oversleep,0.33,0,1
reconsider,0.33,0,1
augmenter,0.33,0,0
leftist,0.33,0,0
comply,0.33,0,0
mystification,0.33,0,0
taskmaster,0.33,0,0
getting,0.33,0,0
ninny,0.33,0,0
tinsel,0.33,0,0
invertebrate,0.33,0,0
explicatively,0.33,0,0
slop,0.33,0,0
diminished,0.33,0,1
discreditable,0.33,0,1
landfill,0.33,0,1
drivel,0.33,0,0
beading,0.33,0,1
antisocialist,0.33,0,0
hahahah,0.33,0,0
depolarize,0.33,0,0
throat,0.33,0,0
futuristic,0.33,0,0
fallaciousness,0.33,0,0
notification,0.33,0,0
hermetical,0.33,0,0
scalawag,0.33,0,0
twit,0.33,0,1
submarine,0.33,0,0
blatancy,0.33,0,0
blub,0.33,0,0
maneuver,0.33,0,0
undershoot,0.33,0,0
misplaced,0.33,0,0
cellmate,0.33,0,0
drawback,0.33,0,0
adjacent,0.33,0,0
angling,0.33,0,0
disproportionately,0.33,0,0
halfwit,0.33,0,0
prom,0.33,0,0
bristle,0.33,0,0
carpal,0.33,0,0
crusader,0.33,0,0
unite,0.33,0,0
postural,0.33,0,0
imponderability,0.33,0,0
grainy,0.33,0,0
buckle,0.33,0,0
bumpkin,0.33,0,0
repercussive,0.33,0,0
preliminary,0.33,0,0
laundrywoman,0.33,0,1
hobbler,0.33,0,0
spat,0.33,0,0
obstetrically,0.33,0,0
unplanned,0.33,0,1
underage,0.33,0,1
sentencing,0.33,0,0
unsuitably,0.33,0,0
sharply,0.33,0,0
dearth,0.33,0,1
alcoholic,0.33,0,0
speculatively,0.33,0,0
unfathomable,0.33,0,0
supercritical,0.33,0,0
disclosure,0.33,0,0
sputum,0.33,0,0
theatergoer,0.33,0,1
recruiter,0.33,0,0
autism,0.33,0,0
autocorrect,0.33,0,0
rift,0.33,0,0
orifice,0.33,0,0
interjectory,0.33,0,0
womenfolk,0.33,0,0
worm,0.33,0,1
parochial,0.33,0,0
empress,0.33,0,0
wetter,0.33,0,1
inconsecutiveness,0.33,0,0
sarcasm,0.33,0,0
hellion,0.33,0,0
thickset,0.33,0,0
ahh,0.33,0,1
socialism,0.33,0,0
occupy,0.33,0,0
swashbuckler,0.33,0,0
shabbily,0.33,0,0
hookup,0.33,0,0
fizzy,0.33,0,1
halitosis,0.33,0,1
yucky,0.33,0,1
saddler,0.33,0,0
middle,0.33,0,0
sisterly,0.33,0,0
bet,0.33,0,0
adultlike,0.33,0,1
goals,0.33,0,0
bullwhip,0.33,0,0
circulatory,0.33,0,0
nonsensically,0.33,0,0
guaranty,0.33,0,1
campout,0.33,0,0
inaugurate,0.33,0,0
mousey,0.33,0,1
snipping,0.33,0,0
brewing,0.33,0,0
joker,0.33,0,0
suggestion,0.33,0,0
skeptically,0.33,0,0
misrepresented,0.33,0,0
bulldog,0.33,0,0
mmm,0.33,0,0
speed,0.33,0,1
sequester,0.33,0,0
mixable,0.33,0,1
subjected,0.33,0,0
strikebreaker,0.33,0,0
hollywood,0.33,0,0
sardines,0.33,0,0
sourly,0.33,0,-1
mooring,0.33,0,0
gulper,0.33,0,0
bobsledder,0.33,0,0
unaccountable,0.33,0,0
massively,0.33,0,0
exclusiveness,0.33,0,0
hypnotizer,0.33,0,0
fastidiousness,0.33,0,1
truncate,0.33,0,0
microcosm,0.33,0,0
inkiness,0.33,0,0
uncatchable,0.33,0,0
lawnmower,0.33,0,0
flesh,0.33,0,0
exclusionist,0.33,0,0
disown,0.33,0,0
signalman,0.33,0,0
borderline,0.33,0,0
iceberg,0.33,0,0
arterial,0.33,0,0
medical,0.33,0,0
impressibility,0.33,0,1
lots,0.33,0,0
cheapskate,0.33,0,0
flightily,0.33,0,0
lodging,0.33,0,0
saturation,0.33,0,0
pickaxe,0.33,0,0
voraciously,0.33,0,0
bordering,0.33,0,0
ratty,0.33,0,1
upmarket,0.33,0,0
reduced,0.33,0,1
ineloquent,0.33,0,0
hyperbolic,0.33,0,0
knockout,0.33,0,0
unmaintained,0.33,0,1
beasty,0.33,0,1
multitudinous,0.33,0,0
snippet,0.33,0,0
complainer,0.33,0,0
taming,0.33,0,0
ignominiously,0.33,0,0
reconfiguration,0.33,0,0
unfairly,0.33,0,0
transfiguration,0.33,0,0
chilliness,0.33,0,1
anticipatable,0.33,0,0
loaf,0.33,0,0
disabuse,0.33,0,0
stenography,0.33,0,0
counterpunch,0.33,0,0
antimatter,0.33,0,0
soupy,0.33,0,0
ditch,0.33,0,0
timeserver,0.33,0,0
creationism,0.33,0,0
runoff,0.33,0,0
garish,0.33,0,0
developmentally,0.33,0,0
vice,0.33,0,0
pointlessness,0.33,0,0
bogginess,0.33,0,0
odd,0.33,0,1
nontransferable,0.33,0,0
cauldron,0.33,0,0
rationalistically,0.33,0,0
voters,0.33,0,-1
soiled,0.33,0,1
fledge,0.33,0,0
biscuit,0.33,0,1
wore,0.33,0,0
unconquerably,0.33,0,0
unfurl,0.33,0,0
pull,0.33,0,0
extravagancy,0.33,0,0
pixilation,0.33,0,0
invocation,0.33,0,0
snakeskin,0.33,0,0
weatherworn,0.33,0,1
brutally,0.33,0,0
spinner,0.33,0,0
paradoxically,0.33,0,0
acquisitive,0.33,0,0
disputable,0.33,0,0
burning,0.33,0,-1
downmarket,0.33,0,0
fck,0.33,0,0
divisionary,0.33,0,0
electrifier,0.33,0,0
mimicry,0.33,0,0
highlight,0.33,0,0
stimulus,0.33,0,0
ropelike,0.33,0,0
opioid,0.33,0,0
belated,0.33,0,0
nearsightedness,0.33,0,1
castaway,0.33,0,0
profusion,0.33,0,0
cock,0.33,0,0
gametime,0.33,0,0
booby,0.33,0,0
rewire,0.33,0,0
gook,0.33,0,0
roughness,0.33,0,0
undiscriminating,0.33,0,0
ineffectiveness,0.33,0,1
wring,0.33,0,0
prodder,0.33,0,0
hardy,0.33,0,0
unblessed,0.33,0,0
salaried,0.33,0,0
slaphappy,0.33,0,0
surgically,0.33,0,0
chowtime,0.33,0,0
steamer,0.33,0,1
mistranslation,0.33,0,0
elusiveness,0.33,0,0
unfledged,0.33,0,0
command,0.33,0,0
ironically,0.33,0,0
monumentality,0.33,0,1
lather,0.33,0,0
roadsweeper,0.33,0,0
albeit,0.33,0,0
muddily,0.33,0,0
concurring,0.33,0,0
cardigan,0.33,0,0
unwarrantably,0.33,0,0
clairvoyantly,0.33,0,0
graduation,0.33,0,0
statutory,0.33,0,0
dimwittedness,0.33,0,0
snowy,0.33,0,1
detractor,0.33,0,0
acknowledgment,0.33,0,0
eggshell,0.33,0,0
fermentation,0.33,0,0
lemony,0.33,0,1
slopping,0.33,0,0
questioner,0.33,0,0
disambiguate,0.33,0,0
boyfriend,0.33,0,0
skiff,0.33,0,0
lacquer,0.33,0,0
clansman,0.33,0,0
smh,0.33,0,0
thirst,0.33,0,0
deskbound,0.33,0,0
repellence,0.33,0,0
woodcutting,0.33,0,0
busty,0.33,0,0
inundation,0.33,0,-1
imputation,0.33,0,0
underbred,0.33,0,0
underappreciated,0.33,0,1
spaghetti,0.33,0,0
overcompensation,0.33,0,0
incomprehensive,0.33,0,0
unpaid,0.33,0,0
hyperbolize,0.33,0,0
procommunist,0.33,0,0
subdue,0.33,0,1
stridently,0.33,0,0
interwove,0.33,0,0
fluctuant,0.33,0,0
crumble,0.33,0,1
piles,0.33,0,0
cuttings,0.33,0,0
chemise,0.33,0,0
obey,0.33,0,0
inaccurateness,0.33,0,1
outland,0.33,0,1
gooey,0.33,0,1
slung,0.33,0,0
idealism,0.33,0,0
abolishment,0.33,0,0
turbidity,0.33,0,0
negro,0.33,0,0
interracial,0.33,0,0
monumentalize,0.33,0,0
babytalk,0.33,0,1
leadless,0.33,0,0
twang,0.33,0,0
clot,0.33,0,0
seriousness,0.33,0,0
chastiser,0.33,0,0
queer,0.33,0,0
piteous,0.33,0,0
copious,0.33,0,0
protraction,0.33,0,0
underarm,0.33,0,0
shipway,0.33,0,0
hardness,0.33,0,0
insignia,0.33,0,0
amorously,0.33,0,1
regent,0.33,0,0
furrow,0.33,0,0
sumptuousness,0.33,0,1
defang,0.33,0,0
rundown,0.33,0,1
finale,0.33,0,0
cluck,0.33,0,1
irretrievability,0.33,0,0
watchtower,0.33,0,0
ponies,0.33,0,0
progressiveness,0.33,0,0
fuss,0.33,0,1
govt,0.33,0,0
cannot,0.33,0,0
allocate,0.33,0,0
psychodrama,0.33,0,0
blaster,0.33,0,0
fatness,0.33,0,0
steroid,0.33,0,0
cyclical,0.33,0,0
bacterial,0.33,0,0
monumental,0.33,0,0
rightist,0.33,0,0
wart,0.33,0,0
ritualize,0.33,0,0
ninja,0.33,0,0
obedience,0.33,0,0
compilation,0.33,0,0
matriculation,0.33,0,0
superciliously,0.33,0,0
irrelevancy,0.33,0,0
brimming,0.33,0,1
relator,0.33,0,0
mistrial,0.33,0,0
laryngitis,0.33,0,1
grit,0.33,0,0
unreal,0.33,0,0
flogger,0.33,0,0
clericalism,0.33,0,0
indelicately,0.33,0,0
strobe,0.33,0,0
lopsided,0.33,0,0
piousness,0.33,0,0
evoke,0.33,0,0
grab,0.33,0,1
swallower,0.33,0,0
rustler,0.33,0,0
idealize,0.33,0,1
assigner,0.33,0,0
chanceless,0.33,0,0
dramatization,0.33,0,0
unanswerable,0.33,0,0
terrarium,0.33,0,0
uncomplimentary,0.33,0,1
tapioca,0.33,0,0
ephedrine,0.33,0,0
doppelganger,0.33,0,0
molt,0.33,0,0
underworld,0.33,0,0
hypnotism,0.33,0,0
unsacred,0.33,0,1
gurgitation,0.33,0,0
oppositional,0.33,0,0
disperse,0.33,0,0
menial,0.33,0,0
dreamtime,0.33,0,0
horsetail,0.33,0,0
razzle,0.33,0,1
tgif,0.33,0,1
enlist,0.33,0,0
lowlife,0.33,0,0
cry,0.33,0,1
carnivorous,0.33,0,0
succession,0.33,0,0
cotillion,0.33,0,0
rue,0.33,0,1
starriness,0.33,0,1
unclothed,0.33,0,1
spanner,0.33,0,0
anticommunist,0.33,0,0
neuroscientist,0.33,0,0
tribally,0.33,0,0
submachine,0.33,0,0
smacker,0.33,0,0
prolong,0.33,0,0
ageist,0.33,0,0
nosun,0.33,0,0
misshapenness,0.33,0,0
scrap,0.33,0,0
bookish,0.33,0,0
reckoning,0.33,0,0
amplification,0.33,0,0
facelift,0.33,0,0
petit,0.33,0,1
wigged,0.33,0,0
carousal,0.33,0,0
hopefully,0.33,0,1
braver,0.33,0,0
flutist,0.33,0,0
luck,0.33,0,0
ironwork,0.33,0,0
idolizing,0.33,0,0
briar,0.33,0,0
affair,0.33,0,1
lug,0.33,0,0
eccentricity,0.33,0,1
gregariously,0.33,0,0
proclivity,0.33,0,1
ticketless,0.33,0,0
sesame,0.33,0,0
immigrant,0.33,0,0
cryptogenic,0.33,0,0
flea,0.33,0,0
ostensible,0.33,0,0
newsroom,0.33,0,0
limit,0.33,0,0
retraction,0.33,0,1
dispossessor,0.33,0,0
stationery,0.33,0,0
former,0.33,0,0
begun,0.33,0,0
saucy,0.33,0,0
unlimited,0.33,0,0
outward,0.33,0,0
pendulous,0.33,0,1
scuttle,0.33,0,0
mudslinger,0.33,0,0
crocodile,0.33,0,0
crowbar,0.33,0,0
rediscover,0.33,0,0
unscientifically,0.33,0,1
competitor,0.33,0,0
humidifier,0.33,0,1
profit,0.33,0,0
rememorize,0.33,0,0
preach,0.33,0,0
toxicological,0.33,0,0
rearrange,0.33,0,0
glassful,0.33,0,0
swagger,0.33,0,1
ambitiousness,0.33,0,1
preconception,0.33,0,1
dank,0.33,0,1
divvy,0.33,0,0
smudginess,0.33,0,0
affectively,0.33,0,0
ravisher,0.33,0,0
admittance,0.33,0,0
doubtlessly,0.33,0,1
baking,0.33,0,0
soiree,0.33,0,0
hullaballoo,0.33,0,0
lifeboat,0.33,0,1
pensive,0.33,0,1
legend,0.33,0,0
towrope,0.33,0,0
uppity,0.33,0,0
trifle,0.33,0,1
passing,0.33,0,0
staticky,0.33,0,0
deadfall,0.33,0,0
earthwork,0.33,0,0
thinness,0.33,0,0
idiomatic,0.33,0,0
awesomeness,0.33,0,0
outpour,0.33,0,1
clambake,0.33,0,0
psychophysics,0.33,0,0
exponential,0.33,0,0
sever,0.33,0,-1
adrift,0.33,0,-1
disguiser,0.33,0,0
bauble,0.33,0,0
tasting,0.33,0,0
fixer,0.33,0,0
expenses,0.33,0,1
extrapolative,0.33,0,0
judiciary,0.33,0,0
parchedness,0.33,0,1
transposition,0.33,0,0
celibacy,0.33,0,0
sparta,0.33,0,0
stickler,0.33,0,0
superagency,0.33,0,0
deejay,0.33,0,0
criminological,0.33,0,0
obsolescence,0.33,0,0
flypaper,0.33,0,0
bewhiskered,0.33,0,0
question,0.33,0,0
scrawny,0.33,0,0
submerge,0.33,0,0
graffiti,0.33,0,0
hyacinth,0.33,0,0
paramedic,0.33,0,0
beginner,0.33,0,0
tossup,0.33,0,0
overestimated,0.33,0,0
floury,0.33,0,0
marksmanship,0.33,0,0
flipping,0.33,0,0
reassignment,0.33,0,0
upwind,0.33,0,0
overbalance,0.33,0,0
blushful,0.33,0,1
lungful,0.33,0,0
uninitiated,0.33,0,1
attainability,0.33,0,1
yucca,0.33,0,1
soldering,0.33,0,0
imitate,0.33,0,0
chef,0.33,0,0
forthcoming,0.33,0,0
unmake,0.33,0,0
exhumation,0.33,0,0
spiderweb,0.33,0,0
extinguishment,0.33,0,0
irradiate,0.33,0,0
christians,0.33,0,0
speechlessness,0.33,0,0
counterblow,0.33,0,0
scrotal,0.33,0,0
unintentionally,0.33,0,0
incontinency,0.33,0,0
hobo,0.33,0,0
yeahhhh,0.33,0,1
convection,0.33,0,0
narrowness,0.33,0,0
squeezebox,0.33,0,0
empowerment,0.33,0,1
sticking,0.33,0,1
ethanol,0.33,0,0
trajectory,0.33,0,0
chalkiness,0.33,0,0
palp,0.33,0,0
immediately,0.33,0,0
versus,0.33,0,0
atypically,0.33,0,0
regret,0.33,0,0
difference,0.33,0,0
accurse,0.33,0,0
quarterfinal,0.33,0,0
marginality,0.33,0,0
unsent,0.33,0,0
calico,0.33,0,1
abolish,0.33,0,0
entail,0.33,0,0
decelerator,0.33,0,0
precondition,0.33,0,0
decidedly,0.33,0,1
fluted,0.33,0,1
negroid,0.33,0,0
pronuclear,0.31,0,0
discretely,0.31,0,0
dominance,0.31,0,0
hoping,0.31,0,1
scuff,0.31,0,0
evangelistic,0.31,0,0
deseed,0.31,0,0
aortal,0.31,0,0
might,0.31,0,0
vagabondism,0.31,0,0
intermarriage,0.31,0,0
nick,0.31,0,0
acetone,0.31,0,0
haircut,0.31,0,0
adjure,0.31,0,0
brawn,0.31,0,0
achievement,0.31,0,0
ducking,0.31,0,0
lit,0.31,0,0
falsely,0.31,0,1
accumulativeness,0.31,0,0
abdominal,0.3,0,0
leaflessness,0.3,0,0
momentum,0.3,0,0
repartition,0.3,0,0
unhand,0.3,0,0
gassiness,0.3,0,0
abstractive,0.3,0,0
alimony,0.3,0,0
endemic,0.3,0,0
imponderable,0.3,0,0
reconnaissance,0.3,0,0
presumption,0.3,0,0
subnormal,0.3,0,1
counterweigh,0.3,0,0
may,0.3,0,0
erogenous,0.3,0,0
servitude,0.3,0,0
youngest,0.3,0,0
meritorious,0.3,0,0
clomp,0.3,0,0
defeater,0.3,0,0
lipread,0.3,0,0
catabolic,0.3,0,0
discarded,0.3,0,0
bout,0.3,0,0
counteractive,0.3,0,0
levee,0.3,0,0
gypsy,0.3,0,0
rival,0.3,0,0
hipness,0.3,0,0
unadvertised,0.3,0,0
upcoming,0.3,0,0
heliogram,0.3,0,0
sharpened,0.3,0,0
salesclerk,0.3,0,0
secularization,0.3,0,0
medicine,0.3,0,0
snooty,0.3,0,1
bodyguard,0.3,0,0
enigma,0.3,0,1
check,0.3,0,0
curtailment,0.3,0,0
intuitionalist,0.3,0,0
symptomatic,0.3,0,0
possibility,0.3,0,0
camouflaged,0.3,0,0
toll,0.3,0,0
beltway,0.3,0,0
expiry,0.3,0,0
flatten,0.3,0,0
wile,0.3,0,0
snap,0.3,0,0
football,0.3,0,0
bookstall,0.3,0,0
vivification,0.3,0,0
negate,0.3,0,0
thumper,0.3,0,0
excretion,0.3,0,0
shoemaker,0.3,0,0
dent,0.3,0,0
slip,0.3,0,0
corridor,0.3,0,0
supplies,0.3,0,0
bust,0.3,0,0
irrevocably,0.3,0,0
offish,0.3,0,1
dontunderstand,0.3,0,0
critique,0.3,0,0
everyday,0.3,0,0
voluptuous,0.3,0,0
mysterious,0.3,0,0
offbeat,0.3,0,0
votive,0.3,0,0
shutter,0.3,0,1
argumentation,0.3,0,0
boundless,0.3,0,0
teaching,0.3,0,0
lighter,0.3,0,0
suitor,0.3,0,0
digression,0.3,0,0
atheism,0.3,0,0
endorsement,0.3,0,0
surveying,0.3,0,0
soot,0.3,0,0
ajar,0.3,0,0
diverse,0.3,0,0
stubble,0.3,0,0
feckless,0.3,0,1
wont,0.3,0,0
bind,0.3,0,0
subconsciously,0.3,0,0
fix,0.3,0,0
contrary,0.3,0,0
unearthly,0.3,0,0
alien,0.3,0,0
unfitted,0.3,0,0
sanction,0.3,0,0
separated,0.3,0,0
coordinate,0.3,0,0
profile,0.3,0,0
gregarious,0.3,0,0
conspiratorially,0.3,0,0
renovate,0.3,0,0
fasten,0.3,0,0
autoerotic,0.3,0,0
entourage,0.3,0,0
razor,0.3,0,0
jumble,0.3,0,0
semidarkness,0.3,0,0
keen,0.3,0,0
revolve,0.3,0,0
airplane,0.3,0,0
changing,0.3,0,0
workday,0.3,0,0
swordsman,0.3,0,0
chairlady,0.3,0,0
deadeye,0.3,0,0
spittle,0.3,0,0
insect,0.3,0,0
undercapitalize,0.3,0,0
bankside,0.3,0,0
stout,0.3,0,-1
opaque,0.3,0,0
crinkly,0.3,0,0
peekaboo,0.3,0,1
noncontiguous,0.3,0,0
campaigner,0.3,0,0
intermarry,0.3,0,0
pundit,0.3,0,0
spinster,0.3,0,0
highschool,0.3,0,0
shrinkable,0.3,0,0
reevaluate,0.3,0,0
trappings,0.3,0,1
florist,0.3,0,0
railing,0.3,0,1
contrast,0.3,0,0
scrimmage,0.3,0,0
mooted,0.3,0,0
overspecialize,0.3,0,0
smoker,0.3,0,0
aisle,0.3,0,0
horseman,0.3,0,0
incongruently,0.3,0,0
taker,0.3,0,0
palpable,0.3,0,0
edging,0.3,0,0
postdate,0.3,0,0
surprisingly,0.3,0,0
reddening,0.3,0,0
sidespin,0.3,0,0
affections,0.3,0,0
messianic,0.3,0,0
fatuously,0.3,0,0
interpretative,0.3,0,0
retrograde,0.3,0,0
disqualify,0.3,0,0
tribesman,0.3,0,0
importance,0.3,0,0
paucity,0.3,0,1
pontification,0.3,0,0
repeatedly,0.3,0,0
exclusive,0.3,0,1
journalist,0.3,0,0
wiring,0.3,0,0
idiomatically,0.3,0,0
canonization,0.3,0,0
tonsils,0.3,0,0
unsheathe,0.3,0,0
brandied,0.3,0,0
uncheck,0.3,0,0
lipstick,0.3,0,0
surly,0.3,0,-1
hydrochloric,0.3,0,0
miscall,0.3,0,0
array,0.3,0,0
antitrust,0.3,0,0
mission,0.3,0,0
expatriate,0.3,0,0
typed,0.3,0,0
subliminal,0.3,0,0
handicap,0.3,0,0
recurrence,0.3,0,0
disparity,0.3,0,0
capriciously,0.3,0,0
annotation,0.3,0,0
birch,0.3,0,0
torchbearer,0.3,0,0
prank,0.3,0,1
creviced,0.3,0,0
stencil,0.3,0,0
constituent,0.3,0,0
ritual,0.3,0,0
monopolist,0.3,0,0
follow,0.3,0,0
rating,0.3,0,0
puzzling,0.3,0,0
reflexology,0.3,0,0
moped,0.3,0,0
verdict,0.3,0,0
indulge,0.3,0,0
advice,0.3,0,0
commune,0.3,0,0
obtuseness,0.3,0,0
wench,0.3,0,0
mischarge,0.3,0,0
defended,0.3,0,0
ancestor,0.3,0,0
inadvertent,0.3,0,0
antiestablishment,0.3,0,0
placard,0.3,0,0
suggestiveness,0.3,0,0
admiral,0.3,0,0
spleen,0.3,0,0
proneness,0.3,0,0
hardball,0.3,0,-1
preorder,0.3,0,0
scarecrow,0.3,0,0
repertory,0.3,0,0
award,0.29,0,0
indigested,0.29,0,0
hallway,0.29,0,0
lampshade,0.29,0,0
indie,0.29,0,0
radioman,0.29,0,0
underpowered,0.29,0,1
augment,0.29,0,0
newshound,0.29,0,1
unrepeatable,0.29,0,0
chilly,0.29,0,1
emulsify,0.29,0,0
scallywag,0.29,0,0
backhandedly,0.29,0,0
elephantine,0.29,0,1
needless,0.29,0,1
phantasmagoric,0.29,0,0
assuming,0.29,0,0
truant,0.29,0,1
psychiatrist,0.29,0,0
sterility,0.29,0,0
standoff,0.29,0,0
profitless,0.29,0,0
preterm,0.29,0,0
fart,0.29,0,0
coach,0.29,0,0
mutate,0.29,0,0
perpetuate,0.29,0,0
antitypical,0.29,0,1
cheesy,0.29,0,1
bejewel,0.29,0,0
cropper,0.29,0,0
neuropsychiatric,0.29,0,0
latrine,0.29,0,1
sequin,0.29,0,0
entitled,0.29,0,0
receding,0.29,0,0
guaranteed,0.29,0,0
croak,0.29,0,0
futurist,0.29,0,0
marital,0.29,0,1
democratization,0.29,0,1
unforgettably,0.29,0,0
attachment,0.29,0,0
divulger,0.29,0,0
unwitting,0.29,0,1
endgame,0.29,0,0
infectiously,0.29,0,0
swine,0.29,0,0
adrenal,0.29,0,0
incipient,0.29,0,0
unintelligence,0.29,0,0
glibness,0.29,0,0
guttural,0.29,0,0
dilated,0.29,0,0
nosed,0.29,0,0
multitalented,0.29,0,0
vogue,0.29,0,0
loiter,0.29,0,1
mollification,0.29,0,1
teenage,0.29,0,1
moneymaker,0.29,0,1
genteel,0.29,0,1
belter,0.29,0,0
blush,0.29,0,1
unaccomplished,0.29,0,1
credulity,0.29,0,0
adoption,0.29,0,0
blowy,0.29,0,0
typecast,0.29,0,0
squab,0.29,0,0
surmised,0.29,0,0
revival,0.29,0,0
revelation,0.29,0,0
sawmill,0.29,0,0
imho,0.29,0,0
sycophantically,0.29,0,0
pouting,0.29,0,1
dogcatcher,0.29,0,0
sour,0.29,0,1
trendsetter,0.29,0,0
inbreed,0.29,0,0
seedily,0.29,0,0
quantitate,0.29,0,0
punditry,0.29,0,0
requiem,0.29,0,0
foodless,0.29,0,0
alluring,0.29,0,1
unthinking,0.29,0,1
jackpot,0.29,0,0
reschedule,0.29,0,0
usher,0.29,0,0
psychologically,0.29,0,0
halt,0.29,0,0
bonfire,0.29,0,0
danceable,0.29,0,0
unhardened,0.29,0,1
outhouse,0.29,0,0
possessively,0.29,0,0
nightlong,0.29,0,0
chargeability,0.29,0,0
inappreciative,0.29,0,0
cigar,0.29,0,1
occidental,0.29,0,0
over,0.29,0,0
funk,0.29,0,1
eavesdrop,0.29,0,0
provident,0.29,0,0
viewless,0.29,0,0
saltiness,0.29,0,0
wedgie,0.29,0,0
onelove,0.29,0,0
pap,0.29,0,0
intently,0.29,0,0
primed,0.29,0,1
menses,0.29,0,0
attract,0.29,0,0
doozy,0.29,0,0
imitator,0.29,0,0
uncombed,0.29,0,0
claw,0.29,0,0
rigging,0.29,0,0
banger,0.29,0,0
tigger,0.29,0,0
confidential,0.29,0,1
unreadable,0.29,0,1
samba,0.29,0,0
tax,0.29,0,0
reticent,0.29,0,1
vociferousness,0.29,0,0
ponder,0.29,0,0
expurgatory,0.29,0,0
refundable,0.29,0,1
wouldve,0.29,0,0
pitting,0.29,0,0
tenderloin,0.29,0,0
healthcare,0.29,0,0
ineffable,0.29,0,0
anonymous,0.29,0,0
mountainously,0.29,0,0
hibachi,0.29,0,0
longest,0.29,0,0
homoerotic,0.29,0,0
gatecrasher,0.29,0,0
lidded,0.29,0,0
unequally,0.29,0,0
ambiguously,0.29,0,0
ladyboy,0.29,0,0
buoyantly,0.29,0,1
countermovement,0.29,0,0
courtesan,0.29,0,0
alternativeness,0.29,0,0
rarity,0.29,0,0
lantern,0.29,0,0
codependency,0.29,0,0
endurable,0.29,0,0
refasten,0.29,0,0
swatter,0.29,0,0
steeple,0.29,0,0
pretreatment,0.29,0,0
extricate,0.29,0,0
reaffirm,0.29,0,0
mystery,0.29,0,0
plunger,0.29,0,0
referentially,0.29,0,0
undisbursed,0.29,0,0
archaic,0.29,0,0
deodorant,0.29,0,1
reversion,0.29,0,0
fattiness,0.29,0,0
morass,0.29,0,0
intercommunion,0.29,0,0
circumscribed,0.29,0,0
filterability,0.29,0,0
popgun,0.29,0,1
math,0.29,0,0
scantily,0.29,0,0
opulent,0.29,0,0
dealt,0.29,0,0
chirp,0.29,0,1
reverting,0.29,0,0
impressionability,0.29,0,0
skipper,0.29,0,0
pauper,0.29,0,0
extravaganza,0.29,0,0
guard,0.29,0,0
guano,0.29,0,0
modify,0.29,0,0
denominate,0.29,0,0
taxi,0.29,0,0
humanity,0.29,0,0
dampish,0.29,0,1
prissiness,0.29,0,1
reliantly,0.29,0,0
antihero,0.29,0,0
prehearing,0.29,0,0
inscrutable,0.29,0,0
irregularly,0.29,0,0
boisterousness,0.29,0,0
infiltrative,0.29,0,0
refocus,0.29,0,0
roundtable,0.29,0,0
forerun,0.29,0,0
crapper,0.29,0,0
influenced,0.29,0,0
discontinuation,0.29,0,0
disinfection,0.29,0,0
antiseptically,0.29,0,0
hunker,0.29,0,0
dole,0.29,0,1
muchneeded,0.29,0,1
hastener,0.29,0,0
unimaginably,0.29,0,0
pothole,0.29,0,0
fangs,0.29,0,0
homozygote,0.29,0,0
working,0.29,0,0
weatherman,0.29,0,0
manna,0.29,0,0
disrobe,0.29,0,0
polygamist,0.29,0,0
comics,0.29,0,0
womanless,0.29,0,0
hyposensitize,0.29,0,0
microbiologically,0.29,0,0
chartroom,0.29,0,0
shaker,0.29,0,0
triathlon,0.29,0,0
disguise,0.29,0,0
dingdong,0.29,0,0
funding,0.29,0,1
childish,0.29,0,1
intricacy,0.29,0,0
conjugational,0.29,0,0
embank,0.29,0,1
uncompressible,0.29,0,0
frilliness,0.29,0,1
echolocation,0.29,0,0
toughen,0.29,0,1
bat,0.29,0,0
inaugurator,0.29,0,0
reasons,0.29,0,0
attainable,0.29,0,0
survivalist,0.29,0,0
galvanization,0.29,0,0
obsequiousness,0.29,0,0
hangar,0.29,0,0
oncologist,0.29,0,0
memorials,0.29,0,0
salve,0.29,0,1
budding,0.29,0,0
vividness,0.29,0,0
hooded,0.29,0,0
overcut,0.29,0,0
flippantly,0.29,0,1
hazy,0.29,0,1
racially,0.29,0,0
deedless,0.29,0,0
thereabout,0.29,0,0
glossless,0.29,0,0
stateless,0.29,0,0
tellin,0.29,0,0
crouched,0.29,0,0
telltale,0.29,0,1
negatively,0.29,0,1
swoop,0.29,0,1
authentication,0.29,0,0
muzzle,0.29,0,0
downwardness,0.29,0,0
homecare,0.29,0,0
masseuse,0.29,0,1
externalism,0.29,0,0
impose,0.29,0,0
connected,0.29,0,0
unappreciative,0.29,0,0
psychotherapeutic,0.29,0,0
resolve,0.29,0,0
quaff,0.29,0,0
mysteriously,0.29,0,1
prosecutorial,0.29,0,0
leavemealone,0.29,0,0
dibs,0.29,0,0
shoals,0.29,0,0
kindergarten,0.29,0,1
juke,0.29,0,0
molten,0.29,0,0
incredulousness,0.29,0,0
git,0.29,0,1
appointment,0.29,0,0
werent,0.29,0,0
nightlife,0.29,0,1
nontransparent,0.29,0,1
answerable,0.29,0,0
stamina,0.29,0,1
mislabel,0.29,0,0
interlope,0.29,0,0
catwalk,0.29,0,1
middlebrow,0.29,0,0
snitcher,0.29,0,1
transvestitism,0.29,0,0
alienable,0.29,0,0
unmovable,0.29,0,0
precipitately,0.29,0,0
tenacious,0.29,0,0
dispensability,0.29,0,0
dislike,0.29,0,1
unmelodic,0.29,0,1
wordy,0.29,0,0
battlements,0.27,0,0
quasimodo,0.27,0,0
elbowroom,0.27,0,0
validation,0.27,0,0
knobbly,0.27,0,0
golden,0.27,0,1
godzilla,0.27,0,0
romanticize,0.27,0,1
baddest,0.27,0,0
methylamine,0.27,0,0
effective,0.27,0,0
undercook,0.27,0,1
absolutist,0.27,0,0
incalculably,0.27,0,0
planning,0.27,0,1
meanie,0.27,0,1
executer,0.27,0,0
hypoactive,0.27,0,0
photosensitize,0.27,0,0
remedially,0.27,0,0
inelegantly,0.27,0,1
faultlessness,0.27,0,0
schooldays,0.27,0,0
flit,0.27,0,0
rouse,0.27,0,0
paramour,0.27,0,1
ragtag,0.27,0,0
lastday,0.27,0,0
believing,0.27,0,1
divergent,0.25,0,0
possibly,0.25,0,0
pled,0.25,0,0
ergonomic,0.25,0,0
pixilated,0.25,0,0
nonexistent,0.25,0,0
applecart,0.25,0,0
ambulation,0.25,0,0
monsoon,0.25,0,-1
cybersex,0.25,0,0
dump,0.25,0,0
irredeemable,0.25,0,1
forking,0.25,0,0
dogshit,0.25,0,0
overdress,0.25,0,0
sought,0.25,0,0
viscera,0.25,0,0
flagger,0.25,0,0
senile,0.25,0,0
unstitch,0.25,0,0
rainout,0.25,0,1
puzzlement,0.25,0,1
lifebuoy,0.25,0,0
weirdest,0.25,0,0
alrighty,0.25,0,0
repopulation,0.25,0,0
wealth,0.25,0,0
antidepressant,0.25,0,0
weeding,0.25,0,0
traction,0.25,0,0
motherhood,0.25,0,0
estate,0.25,0,0
skivvy,0.25,0,0
audaciously,0.25,0,0
anesthesia,0.25,0,0
impassion,0.25,0,0
shrunk,0.25,0,0
feudist,0.25,0,0
chops,0.25,0,0
butter,0.25,0,0
grouchily,0.25,0,1
protectiveness,0.25,0,1
preannouncement,0.25,0,0
halfheartedly,0.25,0,1
predisposition,0.25,0,0
ooze,0.25,0,1
unwittingly,0.25,0,0
prelude,0.25,0,0
idyllically,0.25,0,0
hailstone,0.25,0,0
corpulently,0.25,0,0
decadency,0.25,0,0
flinty,0.25,0,0
launder,0.25,0,0
sulfuric,0.25,0,0
metamorphosis,0.25,0,0
typo,0.25,0,0
goodie,0.25,0,0
jumpstart,0.25,0,0
unwrought,0.25,0,0
wormlike,0.25,0,0
sexual,0.25,0,0
squint,0.25,0,1
guzzle,0.25,0,0
litany,0.25,0,0
burnt,0.25,0,0
march,0.25,0,0
facade,0.25,0,0
heroically,0.25,0,0
unlicensed,0.25,0,0
friggin,0.25,0,0
groucho,0.25,0,0
bullishness,0.25,0,0
downplay,0.25,0,0
mistakenness,0.25,0,0
venture,0.25,0,0
playschool,0.25,0,0
gabber,0.25,0,0
poignancy,0.25,0,0
ambivalent,0.25,0,0
wonderland,0.25,0,0
biddable,0.25,0,1
sympathetic,0.25,0,1
entreaty,0.25,0,0
supposing,0.25,0,0
phalange,0.25,0,0
salesperson,0.25,0,0
replenish,0.25,0,0
judicative,0.25,0,0
histopathology,0.25,0,0
scaffold,0.25,0,0
quarters,0.25,0,0
overruled,0.25,0,0
inequitable,0.25,0,0
hyperextend,0.25,0,0
caprice,0.25,0,0
whitecap,0.25,0,0
savorless,0.25,0,1
yourself,0.25,0,0
rearguard,0.25,0,0
cutout,0.25,0,0
stimulate,0.25,0,0
telecast,0.25,0,0
incomparability,0.25,0,0
baseness,0.25,0,0
sponsorship,0.25,0,0
prideful,0.25,0,1
snootily,0.25,0,0
loopy,0.25,0,0
sulky,0.25,0,1
thanksalot,0.25,0,0
clique,0.25,0,0
successful,0.25,0,0
patriotic,0.25,0,0
cryptically,0.25,0,0
detector,0.25,0,0
neocortex,0.25,0,0
defoliated,0.25,0,0
disproportional,0.25,0,0
stronger,0.25,0,0
gird,0.25,0,0
swap,0.25,0,0
knot,0.25,0,0
opinionatedly,0.25,0,0
firstborn,0.25,0,0
firestone,0.25,0,0
imtryingtosleep,0.25,0,0
swarthiness,0.25,0,0
gasless,0.25,0,0
infantilize,0.25,0,0
prayerful,0.25,0,1
containment,0.25,0,0
depressurize,0.25,0,0
dynamic,0.25,0,0
malarkey,0.25,0,0
undying,0.25,0,0
rifleman,0.25,0,0
displacency,0.25,0,0
untended,0.25,0,1
grudgingly,0.25,0,0
dystrophic,0.25,0,0
speak,0.25,0,0
outwait,0.25,0,0
reoccupation,0.25,0,0
bitsy,0.25,0,0
finalist,0.25,0,0
tigerish,0.25,0,0
cosmological,0.25,0,0
psychogenic,0.25,0,0
duffle,0.25,0,0
intimation,0.25,0,0
inconsiderably,0.25,0,0
boundaries,0.25,0,0
pubic,0.25,0,0
temperamentally,0.25,0,0
fancifulness,0.25,0,0
lovemylife,0.25,0,0
lollypop,0.25,0,0
cheetah,0.25,0,0
uncannily,0.25,0,0
recessional,0.25,0,0
newly,0.25,0,0
revivalism,0.25,0,0
devilfish,0.25,0,0
hypertonic,0.25,0,0
horsemeat,0.25,0,0
prized,0.25,0,0
implication,0.25,0,0
dismissible,0.25,0,0
bulletproof,0.25,0,0
anesthetize,0.25,0,0
monkey,0.25,0,0
virile,0.25,0,0
haze,0.25,0,0
pokes,0.25,0,0
insecticidal,0.25,0,0
hothead,0.25,0,0
unmusically,0.25,0,0
floppiness,0.25,0,0
spanking,0.25,0,1
mildly,0.25,0,1
vulgarly,0.25,0,0
whoop,0.25,0,1
lipless,0.25,0,0
nonexistence,0.25,0,0
theoretical,0.25,0,0
remand,0.25,0,0
muss,0.25,0,0
expenditure,0.25,0,0
toke,0.25,0,0
foiled,0.25,0,0
snuffle,0.25,0,0
airfield,0.25,0,0
irresistibility,0.25,0,0
wavy,0.25,0,0
hazer,0.25,0,0
nonconformance,0.25,0,0
hover,0.25,0,0
wooly,0.25,0,0
offing,0.25,0,0
adulation,0.25,0,1
cherishing,0.25,0,1
resurrection,0.25,0,0
ravel,0.25,0,0
power,0.25,0,0
terrycloth,0.25,0,0
psychedelic,0.25,0,1
audiology,0.25,0,0
market,0.25,0,0
rancorously,0.25,0,0
postpartum,0.25,0,0
graft,0.25,0,0
synopsis,0.25,0,0
cryptography,0.25,0,0
textural,0.25,0,0
rainspout,0.25,0,0
inertia,0.25,0,0
oscillate,0.25,0,0
immortalizer,0.25,0,0
recertification,0.25,0,0
conceivable,0.25,0,0
saintliness,0.25,0,0
nihilist,0.25,0,0
unwashed,0.25,0,0
nobleness,0.25,0,0
highhandedly,0.25,0,1
dense,0.25,0,1
race,0.25,0,0
incognizant,0.25,0,0
immensity,0.25,0,0
incombustibility,0.25,0,0
afterward,0.25,0,0
striper,0.25,0,0
tawny,0.25,0,0
dramatizer,0.25,0,0
erudition,0.25,0,0
flu,0.25,0,-1
closed,0.25,0,1
obliged,0.25,0,0
hiker,0.25,0,1
peeper,0.25,0,0
undisclosed,0.25,0,0
unutterable,0.25,0,0
reappear,0.25,0,0
conducive,0.25,0,0
strawman,0.25,0,0
henceforward,0.25,0,0
expansible,0.25,0,0
bullring,0.25,0,0
reveal,0.25,0,0
lumberer,0.25,0,0
unstylish,0.25,0,0
trim,0.25,0,1
minute,0.25,0,0
overbuild,0.25,0,0
surreal,0.25,0,0
impelled,0.25,0,0
errant,0.25,0,0
anti,0.25,0,0
predetermination,0.25,0,0
whizzer,0.25,0,0
involvedness,0.25,0,0
exalted,0.25,0,1
travelogue,0.25,0,0
avarice,0.25,0,0
compressed,0.25,0,0
banana,0.25,0,0
sarcastic,0.25,0,0
reverberant,0.25,0,0
wrangler,0.25,0,0
distortion,0.25,0,0
civilians,0.25,0,0
hypothesizer,0.25,0,0
sail,0.25,0,0
intermittence,0.25,0,0
ornery,0.25,0,1
superiority,0.25,0,0
gavel,0.25,0,0
zestful,0.25,0,1
front,0.25,0,0
occultist,0.25,0,0
penance,0.25,0,0
hugeness,0.25,0,0
sense,0.25,0,0
dubitably,0.25,0,0
cribbing,0.25,0,0
attaboy,0.25,0,1
counterproposal,0.25,0,0
strode,0.25,0,0
schizoid,0.25,0,0
mirthless,0.25,0,-1
warden,0.25,0,0
recruiting,0.25,0,0
buxom,0.25,0,0
relish,0.25,0,0
showground,0.25,0,0
unnecessary,0.25,0,0
visa,0.25,0,0
nicety,0.25,0,0
inserted,0.25,0,0
mincemeat,0.25,0,0
misfile,0.25,0,0
cornflower,0.25,0,0
lavage,0.25,0,0
waken,0.25,0,0
experimental,0.25,0,0
shepherd,0.25,0,0
galore,0.25,0,0
statured,0.25,0,0
gentrify,0.25,0,0
deflect,0.25,0,0
riffraff,0.25,0,0
imperviously,0.25,0,0
worthiest,0.25,0,0
rhapsodize,0.25,0,0
spay,0.25,0,0
mischievousness,0.25,0,0
unrevealed,0.25,0,0
intestinal,0.25,0,0
predictable,0.25,0,0
standby,0.25,0,0
ambrosia,0.25,0,0
copulate,0.25,0,0
queue,0.25,0,0
contemptibility,0.25,0,0
meteorite,0.25,0,0
circumspective,0.25,0,0
buckshot,0.25,0,0
putrescence,0.25,0,0
mandate,0.25,0,0
myth,0.25,0,0
ungloved,0.25,0,0
outfit,0.25,0,0
counsellor,0.25,0,0
heavenward,0.25,0,0
fox,0.25,0,0
beekeeping,0.25,0,0
lollipop,0.25,0,0
precipitation,0.25,0,0
jiggle,0.25,0,0
boasting,0.25,0,1
fuzzily,0.25,0,0
rediscovery,0.25,0,0
craftiness,0.25,0,0
discussable,0.25,0,0
spottily,0.25,0,0
unsupervised,0.25,0,0
opportunely,0.25,0,0
impassability,0.25,0,0
verifier,0.25,0,0
fetish,0.25,0,0
mien,0.25,0,0
grumble,0.25,0,1
countrified,0.25,0,0
aptness,0.25,0,0
guardsman,0.25,0,0
ratted,0.25,0,0
group,0.25,0,0
opportunistic,0.25,0,0
twinkle,0.25,0,0
matador,0.25,0,0
paternalistic,0.25,0,0
spruce,0.25,0,0
incredibleness,0.25,0,0
coital,0.25,0,0
laughably,0.25,0,1
unattested,0.25,0,0
commencement,0.25,0,0
satirist,0.25,0,0
psychometric,0.25,0,0
overmatch,0.25,0,0
germinate,0.25,0,0
ago,0.25,0,0
blockhead,0.25,0,0
stylishness,0.25,0,0
undeniably,0.25,0,0
masher,0.25,0,0
chastened,0.25,0,1
tenancy,0.25,0,0
crumby,0.25,0,0
yayyyy,0.25,0,1
slushiness,0.25,0,0
intimate,0.25,0,0
asexuality,0.25,0,0
comeuppance,0.25,0,0
incomparableness,0.25,0,0
stallion,0.25,0,0
diva,0.25,0,0
endotoxin,0.25,0,0
mood,0.25,0,0
synod,0.25,0,0
designing,0.25,0,0
pine,0.25,0,1
airbag,0.25,0,0
masker,0.25,0,0
accredited,0.25,0,0
retroactive,0.25,0,0
germproof,0.25,0,0
blinding,0.25,0,0
radically,0.25,0,0
godspeed,0.25,0,0
convincer,0.25,0,0
chinook,0.25,0,0
boner,0.25,0,0
declining,0.25,0,0
goof,0.25,0,0
accumulation,0.25,0,0
introductive,0.25,0,0
quaintly,0.25,0,0
tender,0.25,0,0
omnipresence,0.25,0,0
motivator,0.25,0,0
unpunctually,0.25,0,0
dowdy,0.25,0,0
pout,0.25,0,1
curbstone,0.25,0,0
lawyer,0.25,0,0
biographically,0.25,0,0
superluminal,0.25,0,0
snapback,0.25,0,0
froglike,0.25,0,1
candied,0.25,0,0
hilliness,0.25,0,0
precedent,0.25,0,0
urge,0.25,0,0
degeneracy,0.25,0,0
sleekness,0.25,0,0
hedonism,0.25,0,0
till,0.25,0,0
untraceable,0.25,0,0
inartistic,0.25,0,0
unimpressively,0.25,0,0
antivirus,0.25,0,0
froth,0.25,0,0
persevere,0.25,0,1
gurgle,0.25,0,0
gobbler,0.25,0,0
toilet,0.25,0,0
trippin,0.25,0,0
breezeless,0.25,0,0
purchase,0.25,0,0
affective,0.25,0,0
soaker,0.25,0,0
woodsman,0.25,0,0
marriage,0.25,0,1
intercept,0.25,0,0
respectably,0.25,0,0
climber,0.25,0,0
spinsterish,0.25,0,0
laundering,0.25,0,0
sworn,0.25,0,0
ascendance,0.25,0,-1
medieval,0.25,0,0
fly,0.25,0,0
clauses,0.25,0,0
reparation,0.25,0,0
propitiously,0.25,0,1
slogan,0.25,0,0
unkindly,0.25,0,0
buffoonery,0.25,0,0
speculate,0.25,0,0
pregame,0.25,0,1
superego,0.25,0,0
hurler,0.25,0,0
traversed,0.25,0,0
wop,0.25,0,0
stuffy,0.25,0,0
cohesiveness,0.25,0,0
perv,0.25,0,0
sustenance,0.25,0,0
thyroid,0.25,0,0
overture,0.25,0,0
onshore,0.25,0,0
operate,0.25,0,0
wraparound,0.25,0,0
unceasing,0.25,0,1
showbiz,0.25,0,0
scallion,0.25,0,0
hairy,0.25,0,0
iconic,0.25,0,0
discriminator,0.25,0,0
indefensibly,0.25,0,0
dominancy,0.25,0,0
flaccid,0.25,0,0
commutability,0.25,0,0
outwardly,0.25,0,0
felicitousness,0.25,0,0
unambiguously,0.25,0,0
prerogative,0.23,0,0
interceder,0.23,0,0
powerpoint,0.23,0,0
triglyceride,0.23,0,0
gluteus,0.23,0,0
emotionalist,0.23,0,0
whelp,0.23,0,0
twirler,0.23,0,0
ingoing,0.23,0,0
sociability,0.23,0,0
portability,0.23,0,0
limitedly,0.23,0,0
inevitably,0.23,0,0
chippy,0.23,0,1
blackness,0.23,0,0
prepay,0.23,0,0
thusly,0.23,0,0
dilate,0.23,0,0
convertor,0.23,0,0
forager,0.23,0,0
superjet,0.23,0,0
tickertape,0.23,0,0
traveling,0.23,0,1
gyration,0.23,0,0
doggishness,0.23,0,0
inquisitorially,0.23,0,0
auditor,0.22,0,0
veto,0.22,0,0
scented,0.22,0,0
inadvertently,0.22,0,0
negotiate,0.22,0,0
evidently,0.22,0,0
rouser,0.22,0,0
prevalent,0.22,0,0
oversweet,0.22,0,0
manhole,0.22,0,0
distinctively,0.22,0,0
heavyweight,0.22,0,0
desegregation,0.22,0,0
imagining,0.22,0,0
reapply,0.22,0,0
supervision,0.22,0,0
report,0.22,0,0
lie,0.22,0,0
wingman,0.22,0,0
gamer,0.22,0,0
jazzercise,0.22,0,0
necessity,0.22,0,0
stopgap,0.22,0,0
insignificantly,0.22,0,0
newlyweds,0.22,0,0
steamy,0.22,0,0
amoral,0.22,0,0
um,0.22,0,0
elative,0.22,0,0
filamentous,0.22,0,0
balloon,0.22,0,0
partygoer,0.22,0,0
scape,0.22,0,0
respecting,0.22,0,0
remedy,0.22,0,0
installation,0.22,0,0
dryness,0.22,0,0
incipiently,0.22,0,0
rectify,0.22,0,0
counterpoint,0.22,0,0
much,0.22,0,0
farm,0.22,0,0
mystic,0.22,0,0
gobble,0.22,0,0
plugger,0.22,0,0
blinder,0.22,0,0
plower,0.22,0,0
airshow,0.22,0,0
ungrammatical,0.22,0,0
tournament,0.22,0,0
peters,0.22,0,0
entwined,0.22,0,0
stitch,0.22,0,0
tourist,0.22,0,0
eventuality,0.22,0,0
politically,0.22,0,0
stalwartness,0.22,0,0
forty,0.22,0,0
snipe,0.22,0,0
exorable,0.22,0,0
paged,0.22,0,0
whatsthepoint,0.22,0,0
nonstructural,0.22,0,0
unconventionality,0.22,0,0
neoplastic,0.22,0,0
plaintext,0.22,0,0
flunky,0.22,0,0
liable,0.22,0,0
holding,0.22,0,0
forget,0.22,0,0
crump,0.22,0,0
grasping,0.22,0,0
dinner,0.22,0,0
curvature,0.22,0,0
exposure,0.22,0,0
regionalization,0.22,0,0
pegged,0.22,0,0
declamatory,0.22,0,0
grubbed,0.22,0,0
chemically,0.22,0,0
schedule,0.22,0,0
inapplicability,0.22,0,0
requisite,0.22,0,0
seer,0.22,0,1
blackthorn,0.22,0,0
tic,0.22,0,0
preinstall,0.22,0,0
cotton,0.22,0,0
chronically,0.22,0,0
translocation,0.22,0,0
seasoning,0.22,0,0
cannabis,0.22,0,0
ultrafast,0.22,0,0
breathiness,0.22,0,0
beeswax,0.22,0,0
brackishness,0.22,0,0
ditchwater,0.22,0,0
wig,0.22,0,0
behavior,0.22,0,0
ingrain,0.22,0,0
forfeiter,0.22,0,0
reiterate,0.22,0,0
shenanigans,0.22,0,0
husbandless,0.22,0,0
advancement,0.22,0,0
environmentalism,0.22,0,0
cragginess,0.22,0,0
clearance,0.22,0,0
giant,0.22,0,0
overheard,0.22,0,0
uninstall,0.22,0,0
grudging,0.22,0,1
trough,0.22,0,0
tacky,0.22,0,1
nonreversible,0.22,0,0
gaseousness,0.22,0,0
manly,0.22,0,0
earnest,0.22,0,0
atonality,0.22,0,0
compensate,0.22,0,0
indiscrete,0.22,0,0
rent,0.22,0,0
import,0.22,0,0
crumb,0.22,0,0
figment,0.22,0,0
destroyable,0.22,0,0
forwardly,0.22,0,0
baldrick,0.22,0,0
workshop,0.22,0,0
vagina,0.22,0,0
postpone,0.22,0,0
slickness,0.22,0,0
famous,0.22,0,0
swoosh,0.22,0,0
footballer,0.22,0,0
mobile,0.22,0,0
depart,0.22,0,0
clasp,0.22,0,0
meandering,0.22,0,0
ordinance,0.22,0,0
mediocrity,0.22,0,0
reinstated,0.22,0,0
lawmaker,0.22,0,0
guardianship,0.22,0,0
uneven,0.22,0,1
drumming,0.22,0,0
enterprising,0.22,0,0
unlearn,0.22,0,0
application,0.22,0,0
choice,0.22,0,0
deferred,0.22,0,0
simulate,0.22,0,0
dote,0.22,0,0
unlock,0.22,0,0
cloak,0.22,0,0
negation,0.22,0,0
experimentation,0.22,0,0
incomprehensibly,0.22,0,0
streptococci,0.22,0,0
rubbers,0.22,0,0
turnstiles,0.22,0,0
teller,0.22,0,0
oaf,0.22,0,1
spurt,0.22,0,0
concentricity,0.22,0,0
undergraduate,0.22,0,0
demand,0.22,0,0
spokesman,0.22,0,0
panorama,0.22,0,0
rig,0.22,0,0
confirmed,0.22,0,0
pitbull,0.22,0,0
unordered,0.22,0,0
squat,0.22,0,0
eventual,0.22,0,0
incidence,0.22,0,0
duelist,0.22,0,0
pontificate,0.22,0,0
economic,0.22,0,0
rejects,0.22,0,0
dilatation,0.22,0,0
inadvertency,0.22,0,0
diet,0.22,0,0
claimant,0.22,0,0
arbitration,0.22,0,0
internship,0.22,0,0
doubled,0.22,0,0
oscillatory,0.22,0,0
schoolmaster,0.22,0,0
flux,0.22,0,0
confines,0.22,0,0
privilege,0.22,0,0
crop,0.22,0,0
thunderbird,0.22,0,0
baptismal,0.22,0,0
appraise,0.22,0,0
wield,0.22,0,0
ditcher,0.22,0,0
momma,0.22,0,0
stuffer,0.22,0,0
windjammer,0.22,0,0
prelim,0.22,0,0
spiderman,0.22,0,0
militarily,0.22,0,0
vaudeville,0.22,0,0
assuredly,0.22,0,-1
hang,0.22,0,0
gig,0.22,0,0
removed,0.22,0,0
armoured,0.22,0,0
topographically,0.22,0,0
discards,0.22,0,0
withdrawer,0.22,0,0
antibiotics,0.22,0,0
implanted,0.22,0,0
social,0.22,0,0
newsworthy,0.22,0,0
locksmith,0.22,0,0
rave,0.22,0,1
omit,0.22,0,0
whiz,0.22,0,0
hydrocephalous,0.22,0,0
unordinary,0.22,0,0
unburied,0.22,0,0
forecaster,0.22,0,0
juxtaposition,0.22,0,0
mobility,0.22,0,0
mediator,0.22,0,0
grumpily,0.22,0,1
shaving,0.22,0,0
reorganize,0.22,0,0
stumpy,0.22,0,0
nihilism,0.22,0,0
hearsay,0.22,0,0
ordained,0.22,0,0
simulated,0.22,0,0
zinfandel,0.22,0,0
regenerative,0.22,0,0
cortical,0.22,0,0
prognostic,0.22,0,0
bee,0.22,0,0
expectancy,0.22,0,0
ditto,0.22,0,0
improbability,0.22,0,0
sword,0.22,0,0
addresser,0.22,0,0
toils,0.22,0,0
displacement,0.22,0,0
timekeeping,0.22,0,0
intercom,0.22,0,0
nebulous,0.22,0,0
stake,0.22,0,0
oratory,0.22,0,0
reimbursement,0.22,0,0
myopia,0.22,0,0
tailed,0.22,0,0
demure,0.22,0,1
congregation,0.22,0,0
coding,0.22,0,0
chump,0.22,0,0
energies,0.22,0,0
tick,0.22,0,1
committer,0.22,0,0
precocious,0.22,0,0
outwards,0.22,0,0
glance,0.22,0,0
probable,0.22,0,0
remembered,0.22,0,0
tariff,0.22,0,0
naivety,0.22,0,1
getup,0.22,0,0
barge,0.22,0,0
landing,0.22,0,0
furtherance,0.22,0,0
douchebags,0.22,0,0
hint,0.22,0,0
words,0.22,0,0
grouse,0.22,0,0
whopping,0.22,0,0
investigable,0.22,0,0
sunbird,0.22,0,0
preapproval,0.22,0,0
sullenness,0.22,0,1
eldest,0.22,0,1
rise,0.22,0,0
oligarchic,0.22,0,0
sill,0.22,0,0
rebounder,0.22,0,0
plugging,0.22,0,0
debatable,0.22,0,0
immeasurable,0.22,0,0
hood,0.22,0,0
veil,0.22,0,0
loam,0.22,0,0
dental,0.22,0,0
whatdoido,0.22,0,0
secede,0.22,0,0
metabolism,0.22,0,0
airlock,0.22,0,0
subduction,0.22,0,0
handless,0.22,0,0
rally,0.22,0,0
procedure,0.22,0,0
communism,0.22,0,0
repetitiously,0.22,0,0
complexed,0.22,0,0
stale,0.22,0,1
stunt,0.22,0,0
flippant,0.22,0,0
unpolished,0.22,0,0
vaulting,0.22,0,0
deduce,0.22,0,0
output,0.22,0,0
jitterbug,0.22,0,0
upshot,0.22,0,0
breadwinner,0.22,0,0
unworthy,0.22,0,0
alligator,0.22,0,0
panache,0.22,0,0
vise,0.22,0,0
poorly,0.22,0,0
rerelease,0.22,0,0
airlift,0.22,0,0
eloquence,0.22,0,1
donating,0.22,0,0
presentation,0.22,0,0
precocity,0.22,0,0
oafishly,0.22,0,0
nunchucks,0.22,0,0
asymmetry,0.22,0,0
consumption,0.22,0,0
weed,0.22,0,0
sanitize,0.22,0,0
boarder,0.22,0,0
pool,0.22,0,0
recipient,0.22,0,0
refreeze,0.22,0,0
contraceptive,0.22,0,0
iridescent,0.22,0,0
umbra,0.22,0,0
nit,0.22,0,0
amnesty,0.22,0,0
wax,0.22,0,0
advisedly,0.22,0,0
impede,0.22,0,-1
nonbeing,0.22,0,0
stalemate,0.22,0,0
perceptive,0.22,0,0
atypical,0.22,0,0
electrolysis,0.22,0,0
glutinously,0.22,0,0
buggy,0.22,0,0
hoarse,0.22,0,0
jacketless,0.22,0,0
trade,0.22,0,0
rainyday,0.22,0,1
foolishly,0.22,0,1
reinvestigation,0.21,0,0
telemeter,0.21,0,0
birth,0.21,0,1
tutoring,0.21,0,0
broach,0.21,0,0
percussive,0.21,0,0
preconceive,0.21,0,0
contest,0.21,0,0
mouser,0.21,0,0
fanciness,0.21,0,1
wormhole,0.21,0,0
immaterialism,0.21,0,0
breadwinning,0.21,0,0
missive,0.21,0,0
reinforcement,0.21,0,0
announce,0.21,0,0
nonmathematical,0.21,0,0
improver,0.21,0,0
nominated,0.21,0,0
aviary,0.21,0,0
hydrotherapeutic,0.21,0,0
quantification,0.21,0,0
foggily,0.21,0,0
resistor,0.21,0,0
swapping,0.21,0,0
threw,0.21,0,0
hairiness,0.21,0,0
vindicator,0.21,0,0
rasher,0.21,0,0
raspberry,0.2,0,0
excrete,0.2,0,0
jackal,0.2,0,0
inventiveness,0.2,0,0
thirtyfold,0.2,0,0
newness,0.2,0,0
getyourown,0.2,0,0
spelling,0.2,0,0
recalibrate,0.2,0,0
egoistic,0.2,0,0
astonisher,0.2,0,0
sewn,0.2,0,0
didn,0.2,0,0
kris,0.2,0,0
predisposal,0.2,0,0
legitimatize,0.2,0,0
superheat,0.2,0,0
pedestrianism,0.2,0,0
englishman,0.2,0,0
paramedical,0.2,0,0
laboriousness,0.2,0,1
supersession,0.2,0,0
hindsight,0.2,0,0
fabric,0.2,0,0
globalization,0.2,0,0
hesitating,0.2,0,1
seersucker,0.2,0,0
needlessly,0.2,0,1
repayment,0.2,0,0
naughtiness,0.2,0,1
rode,0.2,0,0
whopper,0.2,0,0
coffeecake,0.2,0,0
courtroom,0.2,0,0
landsman,0.2,0,0
kingmaker,0.2,0,0
tunelessly,0.2,0,1
multiplier,0.2,0,0
snot,0.2,0,0
defibrillate,0.2,0,0
gingham,0.2,0,0
wheels,0.2,0,0
sadomasochism,0.2,0,0
afterworld,0.2,0,0
generalization,0.2,0,0
contender,0.2,0,0
expostulate,0.2,0,0
fancifully,0.2,0,0
executorial,0.2,0,0
chiropractic,0.2,0,0
photojournalist,0.2,0,0
biometric,0.2,0,0
playbook,0.2,0,0
disarmament,0.2,0,0
belong,0.2,0,0
airline,0.2,0,0
conceit,0.2,0,0
incommensurately,0.2,0,0
unfruitful,0.2,0,0
walkway,0.2,0,0
photogram,0.2,0,0
tampon,0.2,0,0
unobtainable,0.2,0,0
submersible,0.2,0,0
aloha,0.2,0,0
hydrothermal,0.2,0,1
incarnation,0.2,0,0
microorganism,0.2,0,0
inside,0.2,0,1
bounced,0.2,0,0
shortcut,0.2,0,0
immeasurableness,0.2,0,0
highlife,0.2,0,1
subtext,0.2,0,0
backpedal,0.2,0,0
fallback,0.2,0,0
commandment,0.2,0,0
unsaddle,0.2,0,0
dressage,0.2,0,0
silly,0.2,0,1
corporatism,0.2,0,0
poppin,0.2,0,0
fleshly,0.2,0,0
key,0.2,0,0
cracking,0.2,0,0
valuables,0.2,0,0
outstay,0.2,0,0
temporization,0.2,0,0
wistfulness,0.2,0,1
squeakily,0.2,0,0
marry,0.2,0,0
bubbly,0.2,0,0
tank,0.2,0,0
survived,0.2,0,0
sordidly,0.2,0,0
unsold,0.2,0,0
incompletely,0.2,0,0
desertedness,0.2,0,1
umm,0.2,0,0
unhelpfully,0.2,0,1
boomerang,0.2,0,0
minority,0.2,0,0
unconsummated,0.2,0,0
chlorinator,0.2,0,0
meager,0.2,0,1
creamily,0.2,0,0
vitalize,0.2,0,0
couth,0.2,0,0
fader,0.2,0,0
errand,0.2,0,0
pinocchio,0.2,0,0
knuckled,0.2,0,0
bribable,0.2,0,0
sect,0.2,0,0
dispersal,0.2,0,0
incognita,0.2,0,0
squawky,0.2,0,0
tardily,0.2,0,1
maw,0.2,0,0
morsel,0.2,0,0
medicate,0.2,0,0
firm,0.2,0,0
gestational,0.2,0,0
ingloriously,0.2,0,0
initiative,0.2,0,1
unpayable,0.2,0,0
juvenilely,0.2,0,0
astronomically,0.2,0,0
unaudited,0.2,0,0
hair,0.2,0,0
vulcanization,0.2,0,0
parry,0.2,0,0
imperfectness,0.2,0,0
theatrically,0.2,0,0
driverless,0.2,0,0
meaninglessly,0.2,0,0
farmost,0.2,0,0
apotheosis,0.2,0,0
doghouse,0.2,0,1
uniqueness,0.2,0,0
heterotrophic,0.2,0,0
offer,0.2,0,0
requisition,0.2,0,0
dont,0.2,0,0
developer,0.2,0,0
wiggle,0.2,0,0
intent,0.2,0,0
spam,0.2,0,1
clannish,0.2,0,0
rockband,0.2,0,0
trickle,0.2,0,1
abridge,0.2,0,0
inducible,0.2,0,0
screenwriting,0.2,0,0
hump,0.2,0,0
invent,0.2,0,0
enhance,0.2,0,0
somewhere,0.2,0,0
politicization,0.2,0,0
behest,0.2,0,0
accumulative,0.2,0,0
humanitarianism,0.2,0,0
withdrew,0.2,0,1
wildcard,0.2,0,0
cheekiness,0.2,0,1
psychokinesis,0.2,0,0
exorciser,0.2,0,0
barbarously,0.2,0,0
semester,0.2,0,0
cage,0.2,0,1
bewitcher,0.2,0,0
heavier,0.2,0,0
overly,0.2,0,0
encasement,0.2,0,0
welp,0.2,0,0
antiwar,0.2,0,1
backdate,0.2,0,0
counterfoil,0.2,0,0
irrigator,0.2,0,0
submitted,0.2,0,0
homo,0.2,0,0
enthronement,0.2,0,0
sudoku,0.2,0,0
unmentioned,0.2,0,0
outsize,0.2,0,0
numskull,0.2,0,0
ceremoniousness,0.2,0,0
banisher,0.2,0,0
oily,0.2,0,0
monger,0.2,0,0
begrudge,0.2,0,0
scraggly,0.2,0,1
decouple,0.2,0,0
coquet,0.2,0,0
anomalism,0.2,0,0
salvia,0.2,0,0
unrepresentative,0.2,0,0
foxtrot,0.2,0,0
slothfully,0.2,0,1
entomologically,0.2,0,0
sorta,0.2,0,1
nitrate,0.2,0,0
foreskin,0.2,0,0
deniable,0.2,0,0
defendant,0.2,0,0
indistinctly,0.2,0,0
checkup,0.2,0,0
snorter,0.2,0,0
leach,0.2,0,0
playoffs,0.2,0,0
closer,0.2,0,0
benedictory,0.2,0,1
florid,0.2,0,0
sidearm,0.2,0,0
communize,0.2,0,0
presupposition,0.2,0,0
subaverage,0.2,0,0
misbrand,0.2,0,0
conceivableness,0.2,0,0
slurry,0.2,0,1
unfeminine,0.2,0,0
untruly,0.2,0,0
unimaginative,0.2,0,0
procession,0.2,0,0
picasso,0.2,0,0
prosthesis,0.2,0,0
shareholder,0.2,0,0
hairdryer,0.2,0,0
obligatorily,0.2,0,0
lieutenant,0.2,0,0
decalcify,0.2,0,0
hottie,0.2,0,0
luger,0.2,0,0
billowy,0.2,0,1
pharmaceutically,0.2,0,0
xoxo,0.2,0,0
grouchiness,0.2,0,1
monasticism,0.2,0,0
windowsill,0.2,0,0
eloquent,0.2,0,0
rpg,0.2,0,0
momentously,0.2,0,0
nullify,0.2,0,0
counsel,0.2,0,0
browsing,0.2,0,0
encipher,0.2,0,0
lingerer,0.2,0,0
palmist,0.2,0,0
minx,0.2,0,0
godbless,0.2,0,0
mediation,0.2,0,0
suborder,0.2,0,0
beatification,0.2,0,0
uncollectible,0.2,0,0
gizzard,0.2,0,0
unlikelihood,0.2,0,0
newbeginnings,0.2,0,0
provinciality,0.2,0,0
atheist,0.2,0,0
winkle,0.2,0,0
penning,0.2,0,0
precollege,0.2,0,0
impressible,0.2,0,0
nonbeliever,0.2,0,0
survivable,0.2,0,1
pent,0.2,0,0
deconstructionist,0.2,0,0
namely,0.2,0,0
polychromous,0.2,0,0
shored,0.2,0,0
reefer,0.2,0,0
disassembly,0.2,0,0
turtlehead,0.2,0,0
knockabout,0.2,0,0
licorice,0.2,0,0
disconnect,0.2,0,0
knives,0.2,0,0
phenol,0.2,0,0
dwarfism,0.2,0,0
playgirl,0.2,0,0
amateurishness,0.2,0,1
modernity,0.2,0,0
defrock,0.2,0,0
inadmissibly,0.2,0,0
receptor,0.2,0,0
indigestibility,0.2,0,0
squelcher,0.2,0,0
enactment,0.2,0,0
foreside,0.2,0,1
illusiveness,0.2,0,0
incorrectness,0.2,0,0
supplementation,0.2,0,0
potter,0.2,0,0
prow,0.2,0,0
outmost,0.2,0,0
hydrogenation,0.2,0,0
bondholder,0.2,0,0
recallable,0.2,0,0
scheme,0.2,0,0
loggerhead,0.2,0,0
latency,0.2,0,0
plutocratic,0.2,0,0
barkeep,0.2,0,0
spitting,0.2,0,0
echocardiography,0.2,0,0
voltage,0.2,0,0
electrometallurgist,0.2,0,0
analgesia,0.2,0,0
nativism,0.2,0,0
straightway,0.2,0,0
unformatted,0.2,0,0
burr,0.2,0,0
classless,0.2,0,0
schoolroom,0.2,0,0
hardheaded,0.2,0,0
indemonstrable,0.2,0,0
decongestant,0.2,0,1
mobilizer,0.2,0,0
shipyard,0.2,0,0
unapprised,0.2,0,0
liver,0.2,0,0
glamorously,0.2,0,0
commandant,0.2,0,0
walmart,0.2,0,0
tapping,0.2,0,0
metime,0.2,0,0
candidacy,0.2,0,0
paler,0.2,0,0
collectivity,0.2,0,0
loincloth,0.2,0,0
electiveness,0.2,0,0
inaugural,0.2,0,0
flanking,0.2,0,0
cackle,0.2,0,1
trimester,0.2,0,0
crispy,0.2,0,0
bellyful,0.2,0,0
subfreezing,0.2,0,0
glandular,0.2,0,0
schlep,0.2,0,0
embracement,0.2,0,0
amorphously,0.2,0,0
coinsurance,0.2,0,0
dissectible,0.2,0,0
payback,0.2,0,0
revitalization,0.2,0,1
discorporate,0.2,0,0
unmated,0.2,0,0
strengthening,0.2,0,0
simulative,0.2,0,0
soda/pop,0.2,0,0
ramification,0.2,0,0
detract,0.2,0,0
congeal,0.2,0,0
virtuosity,0.2,0,0
smartness,0.2,0,0
pharmacologic,0.2,0,0
mistakably,0.2,0,0
preparative,0.2,0,0
keyhole,0.2,0,0
outbid,0.2,0,1
jellylike,0.2,0,0
lampoon,0.2,0,0
stomach,0.2,0,0
spool,0.2,0,0
ringing,0.2,0,0
steppingstone,0.2,0,0
split,0.2,0,0
interactional,0.2,0,0
frothily,0.2,0,1
advisably,0.2,0,1
roleplaying,0.2,0,0
artiness,0.2,0,0
parochially,0.2,0,0
curser,0.2,0,0
scraggily,0.2,0,0
embarkation,0.2,0,0
conscience,0.2,0,1
soppy,0.2,0,0
illegitimacy,0.2,0,0
psych,0.2,0,0
profess,0.2,0,0
allude,0.2,0,0
workman,0.2,0,0
hoverer,0.2,0,0
abrasiveness,0.2,0,0
goofball,0.2,0,0
jargonistic,0.2,0,0
gesticulator,0.2,0,0
haha,0.2,0,0
climbable,0.2,0,0
swiped,0.2,0,0
thwarter,0.2,0,0
haggler,0.2,0,0
indefinable,0.2,0,0
interrogatively,0.2,0,0
caved,0.2,0,0
bowlike,0.2,0,0
overgenerous,0.2,0,0
basis,0.2,0,0
tamale,0.2,0,0
sighting,0.2,0,0
clownery,0.2,0,0
hotch,0.2,0,0
vassal,0.2,0,0
electoral,0.2,0,0
croaky,0.2,0,0
transform,0.2,0,0
temporariness,0.2,0,1
pulsation,0.2,0,1
click,0.2,0,0
lupine,0.2,0,0
horseplay,0.2,0,-1
unverifiable,0.2,0,0
scuse,0.2,0,1
ding,0.2,0,0
toad,0.2,0,0
contrived,0.2,0,0
breakeven,0.2,0,0
paranormal,0.2,0,0
transitionally,0.2,0,0
isotropy,0.2,0,0
immunogenic,0.2,0,0
balderdash,0.2,0,0
faddish,0.2,0,0
homebuilder,0.2,0,0
perforator,0.2,0,0
spiritualistic,0.2,0,0
striking,0.2,0,0
catch,0.2,0,0
machiavellism,0.2,0,0
justification,0.2,0,0
nemeses,0.2,0,0
unsaid,0.2,0,0
beggar,0.2,0,1
talker,0.2,0,0
concession,0.2,0,1
desensitization,0.2,0,0
tying,0.2,0,0
carouse,0.2,0,1
gesticulation,0.2,0,1
undershot,0.2,0,0
binding,0.2,0,0
gushiness,0.2,0,0
mademyday,0.2,0,0
disband,0.2,0,1
foghorn,0.2,0,0
neuropath,0.2,0,0
gentlemen,0.2,0,0
brassiness,0.2,0,0
sceptical,0.2,0,0
indictor,0.2,0,0
noncreative,0.2,0,0
rib,0.2,0,0
showstopper,0.2,0,0
gusty,0.2,0,0
oversimplify,0.2,0,1
housebroke,0.2,0,0
pledge,0.2,0,0
demurring,0.2,0,1
wide,0.2,0,0
tale,0.2,0,0
widow,0.2,0,0
mythos,0.2,0,0
bimodality,0.2,0,0
unrightfully,0.2,0,0
mite,0.2,0,0
pantomime,0.2,0,0
renounce,0.2,0,1
reelect,0.2,0,0
unlevel,0.2,0,0
antimonarchic,0.2,0,0
imperialize,0.2,0,0
deckhand,0.2,0,0
dispiritedness,0.2,0,0
acupuncture,0.2,0,0
monogenetic,0.2,0,0
neckband,0.2,0,0
outdoor,0.2,0,0
opulently,0.2,0,0
sycophancy,0.2,0,0
wakefulness,0.2,0,0
crossroad,0.2,0,0
formatively,0.2,0,0
snobby,0.2,0,1
bellhop,0.2,0,0
inconsequentially,0.2,0,0
overabundance,0.2,0,0
appearance,0.2,0,0
tantalizer,0.2,0,0
hydration,0.2,0,0
gyroscopically,0.2,0,0
snakefish,0.2,0,0
unskilled,0.2,0,0
defocus,0.2,0,0
unascertainable,0.2,0,0
solvable,0.2,0,0
textured,0.2,0,0
goal,0.2,0,0
requital,0.2,0,0
walkover,0.2,0,1
needalife,0.2,0,0
whoa,0.2,0,0
mutability,0.2,0,0
megacity,0.2,0,0
imprint,0.2,0,0
mercenaries,0.2,0,0
physiographic,0.2,0,0
baptize,0.2,0,0
rationality,0.2,0,0
vapidity,0.2,0,0
fake,0.2,0,0
commerciality,0.2,0,0
unmarketable,0.2,0,0
closetful,0.2,0,0
doughboy,0.2,0,0
dodgers,0.2,0,0
enlister,0.2,0,0
drummer,0.2,0,0
consenting,0.2,0,0
subjective,0.2,0,0
jester,0.2,0,0
otherworld,0.2,0,0
trivet,0.2,0,0
matchmaking,0.2,0,0
transect,0.2,0,0
infused,0.2,0,1
muttonhead,0.2,0,0
nonveteran,0.2,0,0
unreflective,0.2,0,0
toast,0.2,0,0
lifer,0.2,0,0
seismographic,0.2,0,0
antepartum,0.2,0,0
codger,0.2,0,0
nonobligatory,0.2,0,0
personalization,0.2,0,0
afford,0.2,0,0
deployable,0.2,0,0
rugby,0.2,0,0
junkyard,0.2,0,0
orangutan,0.2,0,0
cougher,0.2,0,0
perfectibility,0.2,0,0
suggestibility,0.2,0,0
unanalyzed,0.2,0,0
epithet,0.2,0,0
workhorse,0.2,0,0
decentralize,0.2,0,0
progression,0.2,0,0
garbler,0.2,0,0
discarder,0.2,0,0
progress,0.2,0,0
primal,0.2,0,0
showmanship,0.2,0,0
semiyearly,0.2,0,0
legless,0.2,0,1
dimorphism,0.2,0,0
orientalism,0.2,0,0
thermometer,0.2,0,0
remedial,0.2,0,0
tetris,0.2,0,0
elicitation,0.2,0,0
semifinalist,0.2,0,0
scorekeeping,0.2,0,0
ward,0.2,0,0
nodule,0.2,0,0
endometrial,0.2,0,0
semiserious,0.2,0,0
shrinkage,0.2,0,0
unsubscribing,0.2,0,1
keratosis,0.2,0,0
cheapened,0.2,0,0
techno,0.2,0,0
dowdiness,0.2,0,0
jury,0.2,0,0
puerto,0.2,0,0
deliveryman,0.2,0,0
domestically,0.2,0,0
flushness,0.2,0,0
sexuality,0.2,0,0
myocardial,0.2,0,0
scrapping,0.2,0,0
inharmoniously,0.2,0,0
premedical,0.2,0,0
internally,0.2,0,0
flexor,0.2,0,0
newsmonger,0.2,0,0
begged,0.2,0,0
winterish,0.2,0,0
regulator,0.2,0,0
convince,0.2,0,0
collusive,0.2,0,0
peculiarities,0.2,0,0
screwdriver,0.2,0,0
evacuator,0.2,0,0
humungous,0.2,0,0
bus,0.2,0,0
hankie,0.2,0,0
irrefutably,0.2,0,0
indivisibly,0.2,0,0
pinprick,0.2,0,0
pervasively,0.2,0,0
coordinated,0.2,0,0
diminutiveness,0.2,0,0
willowish,0.2,0,0
deregulate,0.2,0,0
gaudily,0.2,0,0
needlefish,0.2,0,0
intransient,0.2,0,0
soundbite,0.2,0,0
donate,0.2,0,1
prescript,0.2,0,0
torsion,0.2,0,0
staph,0.2,0,0
spottiness,0.2,0,0
uncommonness,0.2,0,0
selfhood,0.2,0,0
confinable,0.2,0,0
synergize,0.2,0,0
cultural,0.2,0,0
sterilizer,0.2,0,0
vow,0.2,0,0
advancer,0.2,0,1
saliva,0.2,0,0
transgender,0.2,0,0
promotion,0.2,0,0
vascularity,0.2,0,0
rainmaker,0.2,0,0
restrictively,0.2,0,1
unsuppressed,0.2,0,1
infuser,0.2,0,0
intransigence,0.2,0,0
uncreated,0.2,0,0
cricket,0.2,0,0
neon,0.2,0,0
unmeasured,0.2,0,0
refresher,0.2,0,0
quench,0.2,0,0
buccaneer,0.2,0,0
lackey,0.2,0,0
serration,0.2,0,0
psychosexual,0.2,0,0
straightaway,0.2,0,1
remover,0.2,0,0
manners,0.2,0,0
situation,0.2,0,0
imponderably,0.2,0,0
secretaries,0.2,0,0
ideology,0.2,0,0
bigness,0.2,0,0
forthwith,0.2,0,0
neurochemistry,0.2,0,0
commissar,0.2,0,0
amorality,0.2,0,0
consecrated,0.2,0,0
unaccustomedly,0.2,0,0
encompassment,0.2,0,0
latently,0.2,0,0
reattach,0.2,0,0
instructiveness,0.2,0,0
umpteen,0.2,0,0
sanitizer,0.2,0,0
payroll,0.2,0,0
bootlegger,0.2,0,0
psychologist,0.2,0,0
renovation,0.2,0,0
whirly,0.2,0,0
punchingbag,0.2,0,0
creasy,0.2,0,0
penitent,0.2,0,1
sarcophagus,0.2,0,0
extract,0.2,0,0
misattribute,0.2,0,0
unsophisticated,0.2,0,1
aeromechanical,0.2,0,0
albatross,0.2,0,1
dourness,0.2,0,1
bounder,0.2,0,0
transmogrification,0.2,0,0
sensuous,0.2,0,1
cruiser,0.2,0,0
chomp,0.2,0,0
bedchamber,0.2,0,0
unperceptive,0.2,0,0
epiphany,0.2,0,0
fundraiser,0.2,0,1
banister,0.2,0,0
blotter,0.2,0,0
functionless,0.2,0,0
productiveness,0.2,0,0
tshirt,0.2,0,0
vasectomy,0.2,0,0
prankster,0.2,0,0
exhaustiveness,0.2,0,0
commie,0.2,0,0
outpost,0.2,0,0
jazzily,0.2,0,0
yaay,0.2,0,0
movies,0.2,0,0
unpalatably,0.2,0,0
muteness,0.2,0,0
skinniness,0.2,0,1
insubstantial,0.2,0,1
cusp,0.2,0,0
formfitting,0.2,0,0
hatless,0.2,0,0
evolved,0.2,0,0
feudalist,0.2,0,0
denominational,0.2,0,0
fetishist,0.2,0,0
corsage,0.2,0,1
bosom,0.2,0,0
ragman,0.2,0,0
vibes,0.2,0,0
countrywide,0.2,0,0
sinned,0.2,0,0
sender,0.2,0,0
facing,0.2,0,0
vanished,0.2,0,0
oligarch,0.2,0,0
chopped,0.2,0,0
cretinous,0.2,0,0
yelper,0.2,0,0
hypodermic,0.2,0,0
incestuously,0.2,0,0
worshiper,0.2,0,0
dandelion,0.2,0,0
lump,0.2,0,0
trichloroethylene,0.2,0,0
fluoridation,0.2,0,0
delectability,0.2,0,0
dangit,0.2,0,1
realness,0.18,0,0
horntail,0.18,0,0
peppy,0.18,0,1
penetrability,0.18,0,0
flashiness,0.18,0,0
electrolyze,0.18,0,0
superpower,0.18,0,0
lovelife,0.18,0,0
curiousness,0.18,0,0
climactically,0.18,0,0
darkside,0.18,0,0
headless,0.18,0,0
undraped,0.18,0,0
tieback,0.18,0,0
lollapalooza,0.18,0,0
hydra,0.18,0,0
mythmaker,0.18,0,0
folate,0.18,0,0
providential,0.18,0,0
outsized,0.18,0,0
nonacid,0.18,0,0
merit,0.18,0,0
temporize,0.18,0,0
clung,0.18,0,0
shellproof,0.18,0,0
communalism,0.18,0,0
inextensible,0.18,0,0
rocketry,0.18,0,0
reincorporation,0.18,0,0
surrounding,0.18,0,0
dragged,0.18,0,0
cartful,0.18,0,0
semiprecious,0.18,0,0
circumventor,0.17,0,0
renunciation,0.17,0,0
revaccinate,0.17,0,0
championship,0.17,0,0
unfrock,0.17,0,0
concoctor,0.17,0,0
candescence,0.17,0,0
adulatory,0.17,0,0
magnitude,0.17,0,0
goatish,0.17,0,0
anachronism,0.17,0,0
incredulity,0.17,0,0
discriminant,0.17,0,0
miniskirt,0.17,0,0
ethnologist,0.17,0,0
serialize,0.17,0,0
decliner,0.17,0,0
slothfulness,0.17,0,0
deductible,0.17,0,0
pardonable,0.17,0,0
antifascist,0.17,0,0
raptor,0.17,0,0
ambidextrously,0.17,0,0
fleshless,0.17,0,1
judged,0.17,0,0
grassroots,0.17,0,0
kilometric,0.17,0,0
suppliant,0.17,0,0
rickets,0.17,0,0
deformability,0.17,0,0
expedited,0.17,0,0
nonproductive,0.17,0,0
aftergame,0.17,0,0
underbody,0.17,0,0
irreplaceably,0.17,0,0
cockled,0.17,0,0
premed,0.17,0,0
incorrupt,0.17,0,0
congressionally,0.17,0,0
harddisk,0.17,0,0
underdevelopment,0.17,0,0
clairvoyance,0.17,0,0
pleader,0.17,0,0
caper,0.17,0,0
avertable,0.17,0,0
hairsplitter,0.17,0,0
haircutter,0.17,0,0
cancelable,0.17,0,0
evangelically,0.17,0,0
airmanship,0.17,0,0
neologism,0.17,0,0
denture,0.17,0,0
seducible,0.17,0,0
tomb,0.17,0,0
blither,0.17,0,0
justthebeginning,0.17,0,0
amethyst,0.17,0,0
tempo,0.17,0,0
foreworn,0.17,0,0
impalpability,0.17,0,0
scrapper,0.17,0,0
hollyhock,0.17,0,0
gutsy,0.17,0,0
reform,0.17,0,0
hostess,0.17,0,0
illegalize,0.17,0,0
knifeless,0.17,0,0
urine,0.17,0,0
judicious,0.17,0,0
smooch,0.17,0,0
jarhead,0.17,0,0
palisade,0.17,0,0
intraocular,0.17,0,0
preshow,0.17,0,0
microbe,0.17,0,0
recommendation,0.17,0,0
darkroom,0.17,0,0
transitory,0.17,0,0
amenability,0.17,0,0
pumper,0.17,0,0
declamation,0.17,0,0
innumerate,0.17,0,0
anesthesiologist,0.17,0,0
capslock,0.17,0,0
measurer,0.17,0,0
relinquishment,0.17,0,0
loquacious,0.17,0,0
antitoxic,0.17,0,0
diffidently,0.17,0,1
featherweight,0.17,0,0
newyear,0.17,0,0
seawall,0.17,0,0
altruism,0.17,0,0
protrusive,0.17,0,0
reconversion,0.17,0,0
turnover,0.17,0,0
whimsically,0.17,0,0
talon,0.17,0,0
scampi,0.17,0,0
python,0.17,0,0
commandership,0.17,0,0
learn,0.17,0,0
lustily,0.17,0,0
impermeable,0.17,0,0
fanlike,0.17,0,0
depilation,0.17,0,0
quaker,0.17,0,0
tutorship,0.17,0,0
unalike,0.17,0,0
disciplinable,0.17,0,0
irrespectively,0.17,0,0
woodland,0.17,0,0
lowest,0.17,0,1
topology,0.17,0,0
insipid,0.17,0,1
redetect,0.17,0,0
devalued,0.17,0,0
billing,0.17,0,0
coyly,0.17,0,0
thrower,0.17,0,0
handiwork,0.17,0,0
cutter,0.17,0,0
debone,0.17,0,0
splashdown,0.17,0,0
warrantless,0.17,0,0
aplenty,0.17,0,0
interactive,0.17,0,0
rebook,0.17,0,0
goalkeeper,0.17,0,0
grassless,0.17,0,0
decongestive,0.17,0,0
civilized,0.17,0,0
woodcarving,0.17,0,0
anagrammatic,0.17,0,0
deposable,0.17,0,0
dissect,0.17,0,0
headcount,0.17,0,0
coagulant,0.17,0,0
canter,0.17,0,0
masterclass,0.17,0,0
dismissive,0.17,0,0
pickoff,0.17,0,0
unempirical,0.17,0,0
manure,0.17,0,0
rutting,0.17,0,0
bagpiper,0.17,0,0
dependability,0.17,0,0
debonair,0.17,0,0
massager,0.17,0,0
untying,0.17,0,0
boldface,0.17,0,0
copulation,0.17,0,0
symptomatically,0.17,0,0
stripper,0.17,0,0
cortisone,0.17,0,0
brawniness,0.17,0,0
thoroughbred,0.17,0,0
mummification,0.17,0,0
selflove,0.17,0,0
crypto,0.17,0,0
naughtily,0.17,0,0
nondefense,0.17,0,0
reevaluation,0.17,0,0
wrapped,0.17,0,0
unbolt,0.17,0,0
efficacy,0.17,0,0
professionalization,0.17,0,0
snappiness,0.17,0,0
redub,0.17,0,0
dehydrator,0.17,0,0
kinglike,0.17,0,0
attractable,0.17,0,0
handbill,0.17,0,0
restack,0.17,0,0
spuriousness,0.17,0,0
bisexuality,0.17,0,0
pushup,0.17,0,0
musky,0.17,0,0
digester,0.17,0,0
dairymaid,0.17,0,0
pack,0.17,0,0
whirlybird,0.17,0,0
switcheroo,0.17,0,0
overbeat,0.17,0,0
certification,0.17,0,0
megadeal,0.17,0,0
featureless,0.17,0,0
irremovable,0.17,0,0
indebted,0.17,0,0
cantwin,0.17,0,0
tomfool,0.17,0,0
embryonic,0.17,0,0
lamely,0.17,0,0
cosignatory,0.17,0,0
mindset,0.17,0,0
effeminize,0.17,0,0
eclipser,0.17,0,0
crass,0.17,0,0
amour,0.17,0,0
communist,0.17,0,0
consecrate,0.17,0,0
sitter,0.17,0,0
scantly,0.17,0,0
lemme,0.17,0,0
fraternization,0.17,0,0
indigestible,0.17,0,0
hah,0.17,0,0
unrewarded,0.17,0,0
chromatically,0.17,0,0
companionable,0.17,0,0
redshirt,0.17,0,0
ash,0.17,0,0
refuter,0.17,0,0
tectonic,0.17,0,0
macarena,0.17,0,0
gesticulatory,0.17,0,0
contriteness,0.17,0,0
feds,0.17,0,0
inefficacious,0.17,0,0
disbarred,0.17,0,0
pushpin,0.17,0,0
footsteps,0.17,0,0
orphanage,0.17,0,0
extenuator,0.17,0,0
reiteration,0.17,0,0
bozo,0.17,0,0
stop,0.17,0,0
countermotion,0.17,0,0
digitalis,0.17,0,0
falsifiable,0.17,0,0
chopping,0.17,0,0
mailbox,0.17,0,0
unreserved,0.17,0,1
skeletal,0.17,0,0
unarguable,0.17,0,0
roundhouse,0.17,0,0
mainsail,0.17,0,0
unaccredited,0.17,0,0
genital,0.17,0,0
unrehearsed,0.17,0,0
aquifer,0.17,0,0
decisional,0.17,0,0
saleslady,0.17,0,0
diddle,0.17,0,0
incomprehensiveness,0.17,0,0
antipoverty,0.17,0,0
monopolistically,0.17,0,0
woolgatherer,0.17,0,0
pediment,0.17,0,0
normalness,0.17,0,0
framed,0.17,0,0
unaccountably,0.17,0,0
unusable,0.17,0,0
inflate,0.17,0,0
unlikeness,0.17,0,0
submerse,0.17,0,0
familytime,0.17,0,0
crackerjack,0.17,0,0
discontinuous,0.17,0,0
influx,0.17,0,0
aspirer,0.17,0,0
chuckler,0.17,0,0
incensory,0.17,0,0
whitewash,0.17,0,0
megastar,0.17,0,0
approving,0.17,0,0
foliaged,0.17,0,0
redeemer,0.17,0,0
splat,0.17,0,0
medic,0.17,0,0
buxomness,0.17,0,0
commonness,0.17,0,0
fathead,0.17,0,0
radioscopy,0.17,0,0
continence,0.17,0,0
stoma,0.17,0,0
antipapal,0.17,0,0
referred,0.17,0,0
cite,0.17,0,0
use,0.17,0,0
populate,0.17,0,0
sizably,0.17,0,0
pervasiveness,0.17,0,0
redeploy,0.17,0,0
acclimatize,0.17,0,0
verbally,0.17,0,0
creedless,0.17,0,0
compunction,0.17,0,0
intermittently,0.17,0,0
discontinuously,0.17,0,0
barnstormer,0.17,0,0
steerable,0.17,0,0
tactfully,0.17,0,1
nonconductor,0.17,0,0
wild,0.17,0,1
tistheseason,0.17,0,0
operatically,0.17,0,0
smoochy,0.17,0,0
bodysurf,0.17,0,0
squatted,0.17,0,0
rebels,0.17,0,0
inductiveness,0.17,0,0
barefacedness,0.17,0,0
boudoir,0.17,0,0
outfielder,0.17,0,0
muffle,0.17,0,0
counterpart,0.17,0,0
tenuously,0.17,0,0
insinuate,0.17,0,0
jawline,0.17,0,0
billable,0.17,0,0
emotionally,0.17,0,0
priced,0.17,0,0
unshielded,0.17,0,0
irradiator,0.17,0,0
peskiness,0.17,0,1
divisibly,0.17,0,0
repatriation,0.17,0,0
ideal,0.17,0,0
universality,0.17,0,0
peeler,0.17,0,0
whiskerless,0.17,0,0
extensively,0.17,0,0
semisweet,0.17,0,0
unrecalled,0.17,0,0
relatable,0.17,0,0
oafishness,0.17,0,0
bikini,0.17,0,0
rematch,0.17,0,0
dicks,0.17,0,0
expectorant,0.17,0,0
linchpin,0.17,0,0
exportability,0.17,0,0
equipper,0.17,0,0
runny,0.17,0,0
armpit,0.17,0,0
gustiness,0.17,0,0
contrariness,0.17,0,0
playmaking,0.17,0,0
joyride,0.17,0,0
gastroenterological,0.17,0,0
unpaved,0.17,0,0
entrench,0.17,0,0
honourable,0.17,0,0
warhorse,0.17,0,0
deflective,0.17,0,0
yearlong,0.17,0,0
punter,0.17,0,0
overgrow,0.17,0,0
jumpable,0.17,0,0
urethane,0.17,0,0
nein,0.17,0,0
intestine,0.17,0,0
forwarding,0.17,0,0
thicker,0.17,0,0
inessential,0.17,0,0
ineffectually,0.17,0,0
acuteness,0.17,0,0
prat,0.17,0,0
dematerialization,0.17,0,0
mongoloid,0.17,0,0
antiquation,0.17,0,0
orthopedist,0.17,0,0
amoebic,0.17,0,0
stuffiness,0.17,0,0
defend,0.17,0,1
shutting,0.17,0,0
gumming,0.17,0,0
talismanic,0.17,0,0
fatso,0.17,0,0
municipalize,0.17,0,0
microsphere,0.17,0,0
preordination,0.17,0,0
ritualistically,0.17,0,0
unequivocal,0.17,0,0
helicopter,0.17,0,0
unenclosed,0.17,0,0
narrowly,0.17,0,0
omissible,0.17,0,0
precociousness,0.17,0,0
oof,0.17,0,0
cementation,0.17,0,0
frumpily,0.17,0,0
palpability,0.17,0,0
largest,0.17,0,0
issueless,0.17,0,0
affectivity,0.17,0,0
consummator,0.17,0,0
endless,0.17,0,0
metaphysically,0.17,0,0
facilitation,0.17,0,0
unrevised,0.17,0,0
feedback,0.17,0,0
incomplete,0.17,0,0
grower,0.17,0,0
industrial,0.17,0,0
reputedly,0.17,0,0
negligee,0.17,0,0
defied,0.17,0,0
revalue,0.17,0,0
carnality,0.17,0,0
nebulously,0.17,0,0
finalists,0.17,0,0
existentialistic,0.17,0,0
unimpressed,0.17,0,1
quarried,0.17,0,0
oneself,0.17,0,0
sonogram,0.17,0,0
applies,0.17,0,0
excursionist,0.17,0,0
antimilitarist,0.17,0,0
coachman,0.17,0,0
xmas,0.17,0,0
abridged,0.17,0,0
insipient,0.17,0,0
crunchy,0.17,0,0
sideshow,0.17,0,0
unsnapped,0.17,0,0
detectible,0.17,0,0
biopharmaceutical,0.17,0,0
bilinear,0.17,0,0
reroll,0.17,0,0
capitalism,0.17,0,0
masquerader,0.17,0,0
recompose,0.17,0,1
electrifiable,0.17,0,0
promiscuously,0.17,0,0
perkiness,0.17,0,0
electorally,0.17,0,0
freezable,0.17,0,0
inseparable,0.17,0,0
carbonation,0.17,0,0
prearranged,0.17,0,0
pitter,0.17,0,0
itinerantly,0.17,0,0
foxglove,0.17,0,0
penetrator,0.17,0,0
circumnavigation,0.17,0,0
focalization,0.17,0,0
suds,0.17,0,0
solemnize,0.17,0,0
popularize,0.17,0,0
workfare,0.17,0,0
cochlea,0.17,0,0
senescence,0.17,0,0
wino,0.17,0,0
footy,0.17,0,0
breathy,0.17,0,0
dippy,0.17,0,0
negativist,0.17,0,0
switchman,0.17,0,0
demystify,0.17,0,0
tatty,0.17,0,0
gawkiness,0.17,0,0
coreless,0.17,0,0
pro,0.17,0,0
nipper,0.17,0,0
chemotherapist,0.17,0,0
unsubordinated,0.17,0,0
dater,0.17,0,0
incongruousness,0.17,0,0
fob,0.17,0,0
tester,0.17,0,0
pericardium,0.17,0,0
mannish,0.17,0,0
plasterwork,0.17,0,0
vulcan,0.17,0,0
unthread,0.17,0,0
responder,0.17,0,0
obsolesce,0.17,0,0
lineup,0.17,0,0
preventable,0.17,0,0
reclaim,0.17,0,0
superiorly,0.17,0,0
congruously,0.17,0,0
tooling,0.17,0,0
conjectural,0.17,0,0
cirque,0.17,0,0
descent,0.17,0,0
feudalistic,0.17,0,0
clipping,0.17,0,0
eggnog,0.17,0,0
anthropogenic,0.17,0,0
americanize,0.17,0,0
eardrop,0.17,0,0
reset,0.17,0,0
pretest,0.17,0,0
yeti,0.17,0,0
configure,0.17,0,0
horned,0.17,0,0
automation,0.17,0,0
premier,0.17,0,0
outsource,0.17,0,0
schoolhouse,0.17,0,0
friggen,0.17,0,0
times,0.17,0,0
chivalrous,0.17,0,0
touristic,0.17,0,0
postulator,0.17,0,0
bimbo,0.17,0,0
overeducated,0.17,0,0
homey,0.17,0,0
radiobiology,0.17,0,0
topmost,0.17,0,0
declaim,0.17,0,0
estrogenic,0.17,0,0
expeditious,0.17,0,0
rencontre,0.17,0,0
gosh,0.17,0,0
impenetrableness,0.17,0,0
craftily,0.17,0,0
repost,0.17,0,0
pragmatist,0.17,0,0
ably,0.17,0,0
airfreight,0.17,0,0
trailblazer,0.17,0,0
showcase,0.17,0,0
burliness,0.17,0,0
confection,0.17,0,0
loveable,0.17,0,1
individuality,0.17,0,0
glassmaking,0.17,0,0
wakeful,0.17,0,1
ploy,0.17,0,0
approved,0.17,0,0
activation,0.17,0,0
cutoff,0.17,0,0
feudally,0.17,0,0
overtype,0.17,0,0
unmerged,0.17,0,0
urbanize,0.17,0,0
reactivity,0.17,0,0
plateful,0.17,0,0
dryer,0.17,0,0
decomposed,0.17,0,0
pigeonhole,0.17,0,0
unvoiced,0.17,0,0
beatable,0.17,0,0
unilateralist,0.17,0,0
unpreserved,0.17,0,0
headpin,0.17,0,0
psychoactive,0.17,0,0
twistable,0.17,0,0
industrialization,0.17,0,0
outta,0.17,0,0
associative,0.17,0,0
pst,0.17,0,0
fungicide,0.17,0,0
neuropsychology,0.17,0,0
ferryman,0.17,0,0
penknife,0.17,0,0
unadvisedly,0.17,0,0
independency,0.17,0,0
goalless,0.17,0,0
arrived,0.17,0,0
galvanism,0.17,0,0
cheerleader,0.17,0,0
peripherally,0.17,0,0
scorecard,0.17,0,0
neuron,0.17,0,0
backstreet,0.17,0,0
inelegant,0.17,0,0
knobbed,0.17,0,0
unsighted,0.17,0,0
scorebook,0.17,0,0
inexactly,0.17,0,0
potbellied,0.17,0,0
douse,0.17,0,0
historic,0.17,0,0
prohibitionist,0.17,0,0
commodification,0.17,0,0
businessman,0.17,0,0
force,0.17,0,0
extraordinary,0.17,0,0
decline,0.17,0,0
unfertile,0.17,0,0
vaporize,0.17,0,0
unappreciable,0.17,0,0
policies,0.17,0,0
rescale,0.17,0,0
autoinfection,0.17,0,0
perfunctory,0.17,0,0
snicker,0.17,0,0
exactly,0.17,0,0
payphone,0.17,0,0
invocative,0.17,0,0
masked,0.17,0,0
pettiness,0.17,0,0
stopping,0.17,0,0
bloodworm,0.17,0,0
fritter,0.17,0,0
opposability,0.17,0,0
razzamatazz,0.17,0,0
collage,0.17,0,0
enshrinement,0.17,0,0
reactivation,0.17,0,0
digestive,0.17,0,0
crowfoot,0.17,0,0
jostler,0.17,0,0
unseeing,0.17,0,0
watertight,0.17,0,0
unskillfully,0.17,0,0
cohabitate,0.15,0,0
unboxed,0.15,0,0
representable,0.15,0,0
anthropocentric,0.15,0,0
shrimper,0.15,0,0
contrivance,0.15,0,0
trilling,0.15,0,0
forwarder,0.15,0,0
recompile,0.15,0,0
housedress,0.15,0,0
ridding,0.15,0,0
trod,0.15,0,0
corrodibility,0.15,0,0
ammonium,0.15,0,0
reconviction,0.15,0,0
photogenic,0.15,0,1
exotica,0.15,0,0
pastorale,0.15,0,1
syncopation,0.15,0,0
uncongealed,0.15,0,0
jewish,0.15,0,0
anthologize,0.15,0,0
selectee,0.15,0,0
cheaply,0.15,0,1
unheeding,0.15,0,0
twisty,0.15,0,0
polygamous,0.15,0,0
consorter,0.15,0,0
vagrantly,0.15,0,0
electro,0.15,0,0
cant,0.14,0,0
amulet,0.14,0,0
discriminative,0.14,0,0
tinfoil,0.14,0,0
hypnotically,0.14,0,0
personable,0.14,0,1
loaner,0.14,0,0
guildsman,0.14,0,0
coagulate,0.14,0,0
tousle,0.14,0,0
electable,0.14,0,0
chatroom,0.14,0,0
nonparticipant,0.14,0,0
preciously,0.14,0,0
dork,0.14,0,0
ovary,0.14,0,0
abstention,0.14,0,0
canning,0.14,0,0
insurability,0.14,0,0
phantomlike,0.14,0,0
resolvability,0.14,0,0
honk,0.14,0,0
slinky,0.14,0,0
portraitist,0.14,0,0
recluse,0.14,0,1
stereotypic,0.14,0,0
sanguineness,0.14,0,1
moleskin,0.14,0,0
unfeasibly,0.14,0,0
coathanger,0.14,0,0
delocalization,0.14,0,0
unalterable,0.14,0,0
varicosity,0.14,0,0
pertly,0.14,0,0
palatable,0.14,0,0
ignition,0.14,0,1
aggregative,0.14,0,0
superfluously,0.14,0,0
lowermost,0.14,0,0
unsweetened,0.14,0,0
waterbed,0.14,0,0
wastewater,0.14,0,0
engrain,0.14,0,0
changeably,0.14,0,0
abstainer,0.14,0,0
dyed,0.14,0,0
antigrowth,0.14,0,0
comparability,0.14,0,0
almighty,0.14,0,0
checkmark,0.14,0,0
ruminative,0.14,0,1
connotatively,0.14,0,0
salami,0.14,0,0
playstation,0.14,0,0
unbridgeable,0.14,0,0
propagator,0.14,0,0
commemoration,0.14,0,0
repetitiousness,0.14,0,0
roofer,0.14,0,0
bedpan,0.14,0,0
glacier,0.14,0,0
cleverness,0.14,0,0
horny,0.14,0,0
bowshot,0.14,0,0
prewar,0.14,0,0
perish,0.14,0,-1
calculatedly,0.14,0,0
upscale,0.14,0,1
surplus,0.14,0,0
dismountable,0.14,0,0
cliche,0.14,0,0
indirection,0.14,0,0
grown,0.14,0,0
trendiness,0.14,0,0
bacteriologic,0.14,0,0
desert,0.14,0,0
converge,0.14,0,0
nonappearance,0.14,0,0
transmigration,0.14,0,0
emissive,0.14,0,0
interdependence,0.14,0,0
flop,0.14,0,0
goalkeeping,0.14,0,0
jokeless,0.14,0,0
splotch,0.14,0,0
humanoid,0.14,0,0
predetermine,0.14,0,0
closure,0.14,0,0
voting,0.14,0,0
rebuttal,0.14,0,0
interceptive,0.14,0,0
breast,0.14,0,0
magnifying,0.14,0,0
curio,0.14,0,0
shift,0.14,0,0
sunless,0.14,0,1
lyrics,0.14,0,0
holdout,0.14,0,0
tabasco,0.14,0,0
forkful,0.14,0,0
capitalistically,0.14,0,0
conscious,0.14,0,0
impartial,0.14,0,0
infinite,0.14,0,0
hypersonic,0.14,0,0
absorbed,0.14,0,0
spoils,0.14,0,0
sticklike,0.14,0,0
stained,0.14,0,0
incommunicative,0.14,0,0
unfelt,0.14,0,0
expositional,0.14,0,0
inhalant,0.14,0,0
inconclusively,0.14,0,0
sensual,0.14,0,1
markup,0.14,0,0
upholstery,0.14,0,0
aqualung,0.14,0,0
procreation,0.14,0,0
sports,0.14,0,0
bunkmate,0.14,0,0
warehouseman,0.14,0,0
thereof,0.14,0,0
pimpled,0.14,0,0
benchwarmer,0.14,0,0
unallied,0.14,0,0
molding,0.14,0,0
frivolousness,0.14,0,0
chiefly,0.14,0,0
impassible,0.14,0,0
amphibious,0.14,0,0
concubine,0.14,0,0
teeny,0.14,0,0
apace,0.14,0,0
vomiter,0.14,0,0
hopscotch,0.14,0,0
observer,0.14,0,0
alright,0.14,0,0
unlisted,0.14,0,0
weaker,0.14,0,1
consummate,0.14,0,0
kaleidoscopic,0.14,0,0
ungraded,0.14,0,0
status,0.14,0,0
affectedly,0.14,0,0
namelessness,0.14,0,0
trucker,0.14,0,0
splint,0.14,0,0
petrochemical,0.14,0,0
tailings,0.14,0,0
brotherly,0.14,0,0
outweigh,0.14,0,0
outsight,0.14,0,0
caroler,0.14,0,0
lowercase,0.14,0,0
hollow,0.14,0,0
yodel,0.14,0,0
systemize,0.14,0,0
resurrect,0.14,0,0
initial,0.14,0,0
figured,0.14,0,0
airforce,0.14,0,0
signet,0.14,0,0
taxpayer,0.14,0,0
teamwork,0.14,0,0
wizardry,0.14,0,0
storefront,0.14,0,0
flicker,0.14,0,0
parthenogenesis,0.14,0,0
unscrew,0.14,0,0
zany,0.14,0,0
jazziness,0.14,0,0
benefaction,0.14,0,0
denomination,0.14,0,0
considerably,0.14,0,0
fess,0.14,0,0
nonscheduled,0.14,0,0
soapbox,0.14,0,0
procurer,0.14,0,0
peewee,0.14,0,0
unexecuted,0.14,0,0
bootie,0.14,0,0
horizon,0.14,0,0
euphemistic,0.14,0,0
bourgeois,0.14,0,0
quality,0.14,0,0
apartment,0.14,0,0
cubicle,0.14,0,0
unrecompensed,0.14,0,0
nightspot,0.14,0,0
donated,0.14,0,0
bigger,0.14,0,0
inkblot,0.14,0,0
provincialism,0.14,0,0
egoism,0.14,0,0
babysit,0.14,0,0
backboned,0.14,0,0
gatherable,0.14,0,0
templar,0.14,0,0
dissimilation,0.14,0,0
bearing,0.14,0,0
coaxer,0.14,0,0
snapper,0.14,0,0
inexpressibility,0.14,0,0
unknowing,0.14,0,0
bramble,0.14,0,0
blocky,0.14,0,0
farmhand,0.14,0,0
bible,0.14,0,0
submittal,0.14,0,0
conglomeration,0.14,0,0
indecisively,0.14,0,0
mythmaking,0.14,0,0
heroism,0.14,0,0
awhile,0.14,0,0
apostrophize,0.14,0,0
inventor,0.14,0,0
reoccur,0.14,0,0
inheritability,0.14,0,0
invest,0.14,0,0
moralistic,0.14,0,0
beau,0.14,0,0
scraper,0.14,0,0
clang,0.14,0,0
crosscheck,0.14,0,0
discerning,0.14,0,0
doubly,0.14,0,0
birdie,0.14,0,0
fertile,0.14,0,0
renegotiable,0.14,0,0
accessary,0.14,0,0
braces,0.14,0,0
wielder,0.14,0,0
bather,0.14,0,0
rubble,0.14,0,0
reich,0.14,0,0
noncommunist,0.14,0,0
defunct,0.14,0,1
egalitarianism,0.14,0,0
indestructibility,0.14,0,0
sulfate,0.14,0,0
omniscient,0.14,0,0
polymorphous,0.14,0,0
primness,0.14,0,0
downswing,0.14,0,0
investable,0.14,0,0
ovulate,0.14,0,0
expostulatory,0.14,0,0
digressively,0.14,0,0
depth,0.14,0,0
recognised,0.14,0,0
trampoline,0.14,0,0
approbation,0.14,0,0
tradable,0.14,0,0
antitheist,0.14,0,0
brainlessness,0.14,0,0
environmentalist,0.14,0,0
demean,0.14,0,0
antisubmarine,0.14,0,0
reign,0.14,0,0
unfilled,0.14,0,0
headmost,0.14,0,0
alchemic,0.14,0,0
adventurer,0.14,0,0
ascendancy,0.14,0,0
vortices,0.14,0,0
contriver,0.14,0,0
sykes,0.14,0,0
unredeemed,0.14,0,0
disentangle,0.14,0,0
dissipate,0.14,0,1
undeserved,0.14,0,0
goaltender,0.14,0,0
cheesiness,0.14,0,0
surety,0.14,0,1
staked,0.14,0,0
chirper,0.14,0,0
unreligious,0.14,0,0
unnecessarily,0.14,0,0
feeler,0.14,0,0
ineligibility,0.14,0,0
obstetrics,0.14,0,0
nameless,0.14,0,0
certain,0.14,0,1
perennial,0.14,0,0
theistic,0.14,0,0
unsharpened,0.14,0,0
pentagram,0.14,0,0
gigantism,0.14,0,0
imposed,0.14,0,0
bifurcation,0.14,0,0
prevention,0.14,0,0
averter,0.14,0,0
inception,0.14,0,0
boxing,0.14,0,0
flyby,0.14,0,0
guarder,0.14,0,0
biochemically,0.14,0,0
obsolescent,0.14,0,0
loader,0.14,0,0
needful,0.14,0,0
adder,0.14,0,0
nonfood,0.14,0,0
matriarchy,0.14,0,0
bidding,0.14,0,0
titans,0.14,0,0
preternaturally,0.14,0,0
pussycat,0.14,0,0
promulgate,0.14,0,0
responsive,0.14,0,0
onion,0.14,0,0
profiler,0.14,0,0
casteless,0.14,0,0
repackage,0.14,0,0
unreachably,0.14,0,0
inculpable,0.14,0,0
sniff,0.14,0,0
antifundamentalist,0.14,0,0
infra,0.14,0,0
denaturize,0.14,0,0
suburban,0.14,0,0
aboveground,0.14,0,0
postwar,0.14,0,0
pageantry,0.14,0,0
stylishly,0.14,0,0
tonelessly,0.14,0,0
splice,0.14,0,0
lagoon,0.14,0,1
oddity,0.14,0,0
demos,0.14,0,0
sacker,0.14,0,0
glug,0.14,0,0
chasteness,0.14,0,0
latent,0.14,0,0
unsheathed,0.14,0,0
endurance,0.14,0,0
mumble,0.14,0,0
limpness,0.14,0,0
impartiality,0.14,0,0
unarmed,0.14,0,0
interrogative,0.14,0,0
thermoelectric,0.14,0,0
suckerfish,0.14,0,0
resister,0.14,0,0
decrease,0.14,0,0
deserved,0.14,0,0
debris,0.14,0,0
arty,0.14,0,0
featherbrain,0.14,0,0
myopically,0.14,0,0
reputational,0.14,0,0
strip,0.14,0,0
industrialize,0.14,0,0
disproven,0.14,0,0
hooknose,0.14,0,0
habitual,0.14,0,0
imitatively,0.14,0,0
anabolic,0.14,0,0
christmaseve,0.14,0,1
cloning,0.14,0,0
consensus,0.14,0,0
regularity,0.14,0,0
outreach,0.14,0,0
thaw,0.14,0,0
repetition,0.14,0,0
selfness,0.14,0,0
mainly,0.14,0,0
protegee,0.14,0,0
defined,0.14,0,0
taxability,0.14,0,0
unstop,0.14,0,0
unilingual,0.14,0,0
ruff,0.14,0,0
meatiness,0.14,0,0
unweave,0.14,0,0
customizer,0.14,0,0
souls,0.14,0,0
fandangle,0.14,0,0
reshape,0.14,0,0
digger,0.14,0,0
methadone,0.14,0,0
resiliency,0.14,0,1
pheromone,0.14,0,0
ultrasonic,0.14,0,0
insensible,0.14,0,0
ado,0.14,0,0
drifter,0.14,0,1
reforge,0.14,0,0
displayer,0.14,0,0
sprinter,0.14,0,0
nap,0.14,0,1
prospection,0.14,0,0
limousine,0.14,0,0
univalve,0.14,0,0
groggy,0.14,0,1
hatter,0.14,0,0
quickest,0.14,0,0
inductivity,0.14,0,0
shrink,0.14,0,0
mythologize,0.14,0,0
palatably,0.14,0,0
glasshouse,0.14,0,0
cull,0.14,0,0
waterless,0.14,0,0
sailfish,0.14,0,0
forgo,0.14,0,0
hairnet,0.14,0,0
liberationist,0.14,0,0
polarization,0.14,0,0
appealable,0.14,0,0
muppet,0.14,0,0
fortunes,0.14,0,0
opacity,0.14,0,0
muster,0.14,0,0
paunchiness,0.14,0,0
noblewoman,0.14,0,0
rust,0.14,0,0
insolation,0.14,0,0
braze,0.14,0,0
gorger,0.14,0,0
entice,0.14,0,1
supersaturate,0.14,0,0
cartouche,0.14,0,0
quintillion,0.14,0,0
countercharge,0.14,0,0
jaguar,0.14,0,0
oxymoron,0.14,0,0
horn,0.14,0,0
understandably,0.14,0,0
start,0.14,0,0
juries,0.14,0,0
nouveau,0.14,0,0
guestless,0.14,0,0
echinacea,0.14,0,0
electroluminescent,0.14,0,0
asynchronous,0.14,0,0
smitten,0.14,0,0
moneywise,0.14,0,0
cashier,0.14,0,0
monetization,0.14,0,0
conjunctional,0.14,0,0
endoscopic,0.14,0,0
swell,0.14,0,0
whiten,0.14,0,0
cheeks,0.14,0,0
presumably,0.14,0,1
ironmonger,0.14,0,0
baklava,0.14,0,0
laziness,0.14,0,0
quibbler,0.14,0,1
hookah,0.14,0,0
tonnage,0.14,0,0
roost,0.14,0,0
florescence,0.14,0,0
unknowingness,0.14,0,0
tucker,0.14,0,0
observational,0.14,0,0
happyvalentinesday,0.14,0,0
chloromethane,0.14,0,0
undrafted,0.14,0,0
dues,0.14,0,0
countersubject,0.14,0,0
lessening,0.14,0,0
questionnaire,0.14,0,0
collider,0.14,0,0
jubilee,0.14,0,1
miniscule,0.14,0,0
misapply,0.14,0,0
unsalaried,0.14,0,0
junket,0.14,0,0
cyberneticist,0.14,0,0
concoctive,0.14,0,0
womanly,0.14,0,0
immortally,0.14,0,0
indisputable,0.14,0,0
soready,0.14,0,0
polygraphist,0.14,0,0
stenographic,0.14,0,0
sacrament,0.14,0,0
slit,0.14,0,0
unstuck,0.14,0,0
brandy,0.14,0,0
moralistically,0.14,0,0
mingled,0.14,0,0
omnisciently,0.14,0,0
prayforme,0.14,0,0
symptomless,0.14,0,0
decrement,0.14,0,0
diagrammatical,0.14,0,0
deputation,0.14,0,0
hierarchy,0.14,0,0
butterfingers,0.14,0,0
covalence,0.14,0,0
kindergartner,0.14,0,0
very,0.14,0,0
menially,0.14,0,0
winged,0.14,0,0
acceptant,0.14,0,0
duplicate,0.14,0,0
satyr,0.14,0,0
reprogram,0.14,0,0
practise,0.14,0,0
landlubber,0.14,0,0
overspread,0.14,0,0
shagginess,0.14,0,0
dividedness,0.14,0,0
cryptogam,0.14,0,0
lordly,0.14,0,0
intercity,0.14,0,0
combatable,0.14,0,0
fruitcake,0.14,0,0
remodel,0.14,0,0
ecclesiasticism,0.14,0,0
journey,0.14,0,0
mammary,0.14,0,0
knoblike,0.14,0,0
ducky,0.14,0,0
influence,0.14,0,0
stoniness,0.14,0,0
rendezvous,0.14,0,0
foxhunt,0.14,0,0
television,0.14,0,0
countermeasure,0.14,0,0
sign,0.14,0,0
expediently,0.14,0,0
fettuccine,0.14,0,0
inhabitability,0.14,0,0
trailside,0.14,0,0
bullfrog,0.14,0,0
reddish,0.14,0,0
lol,0.14,0,0
reallocation,0.14,0,0
discipliner,0.14,0,0
undeterminable,0.14,0,0
redolent,0.14,0,0
unconsolidated,0.14,0,0
intended,0.14,0,0
cup,0.14,0,0
title,0.14,0,0
denationalization,0.14,0,0
disguisable,0.14,0,0
bookkeeping,0.14,0,0
med,0.14,0,0
sputnik,0.14,0,0
armored,0.14,0,0
imprecisely,0.14,0,0
permeate,0.14,0,0
adherently,0.14,0,0
evangelize,0.14,0,0
jay,0.14,0,0
nonsexual,0.14,0,0
vast,0.14,0,0
storyline,0.14,0,0
tantric,0.14,0,0
translator,0.14,0,0
expellant,0.14,0,0
reprocess,0.14,0,0
interbreed,0.14,0,0
electrosurgical,0.14,0,0
stall,0.14,0,0
omnivore,0.14,0,0
comprehension,0.14,0,0
watercolorist,0.14,0,0
ropes,0.14,0,0
compactor,0.14,0,0
pinwheel,0.14,0,0
recitation,0.14,0,0
conk,0.14,0,0
physical,0.14,0,0
fleabite,0.14,0,0
federalist,0.14,0,0
technophile,0.13,0,0
safetypin,0.13,0,0
unconquered,0.13,0,0
fated,0.13,0,0
supersonic,0.13,0,0
owing,0.12,0,0
devoted,0.12,0,0
essay,0.12,0,0
paganism,0.12,0,0
hoody,0.12,0,0
changeling,0.12,0,0
tropical,0.12,0,0
washboard,0.12,0,0
equalitarianism,0.12,0,0
nonpartisanship,0.12,0,0
countless,0.12,0,0
recent,0.12,0,0
most,0.12,0,0
drink,0.12,0,0
rakish,0.12,0,1
ways,0.12,0,0
obsoleteness,0.12,0,0
cryptographic,0.12,0,0
civilised,0.12,0,0
littoral,0.12,0,0
grandstand,0.12,0,0
sorority,0.12,0,0
deification,0.12,0,0
eschew,0.12,0,0
circling,0.12,0,0
internalize,0.12,0,0
uninfringeable,0.12,0,0
engage,0.12,0,0
mug,0.12,0,0
submerged,0.12,0,0
reality,0.12,0,0
immunization,0.12,0,0
flaxseed,0.12,0,0
buckish,0.12,0,0
actor,0.12,0,0
nonathletic,0.12,0,0
frosted,0.12,0,0
contradictor,0.12,0,0
adventurist,0.12,0,0
company,0.12,0,0
felt,0.12,0,0
antithesis,0.12,0,0
coolant,0.12,0,0
gamesmanship,0.12,0,0
emery,0.12,0,0
sage,0.12,0,0
hydrologist,0.12,0,0
supportability,0.12,0,0
differing,0.12,0,0
headteacher,0.12,0,0
uncaught,0.12,0,0
privy,0.12,0,0
subito,0.12,0,0
glassware,0.12,0,0
facially,0.12,0,0
bombay,0.12,0,0
regulative,0.12,0,0
arboreal,0.12,0,0
unacquainted,0.12,0,1
banquette,0.12,0,0
betting,0.12,0,0
expositor,0.12,0,0
footless,0.12,0,0
pivotally,0.12,0,0
resistive,0.12,0,0
shuffle,0.12,0,0
induce,0.12,0,0
turpentine,0.12,0,0
misperceive,0.12,0,0
counterforce,0.12,0,0
weedy,0.12,0,0
travel,0.12,0,0
mump,0.12,0,0
rule,0.12,0,0
asymmetrical,0.12,0,0
stashed,0.12,0,0
skillful,0.12,0,0
invocator,0.12,0,0
surrogate,0.12,0,0
hornpipe,0.12,0,0
miscellanea,0.12,0,0
disambiguation,0.12,0,0
strove,0.12,0,0
pageboy,0.12,0,0
pursue,0.12,0,0
deduction,0.12,0,0
pellet,0.12,0,0
intersex,0.12,0,0
skeleton,0.12,0,1
governorship,0.12,0,0
jute,0.12,0,0
blazer,0.12,0,0
unorthodoxy,0.12,0,0
income,0.12,0,0
canyon,0.12,0,0
inactivation,0.12,0,0
colleague,0.12,0,0
inopportunity,0.12,0,0
honker,0.12,0,0
albinism,0.12,0,0
afterparty,0.12,0,0
geek,0.12,0,0
parent,0.12,0,0
virology,0.12,0,0
aquanaut,0.12,0,0
paymaster,0.12,0,0
vernal,0.12,0,0
epicureanism,0.12,0,0
promotional,0.12,0,0
interim,0.12,0,0
nationalization,0.12,0,0
nonrecurring,0.12,0,0
thinkin,0.12,0,0
involvement,0.12,0,0
noise,0.12,0,0
gullet,0.12,0,0
rearmost,0.12,0,0
interchangeable,0.12,0,0
security,0.12,0,1
livelong,0.12,0,0
hardening,0.12,0,0
polarity,0.12,0,0
scamper,0.12,0,0
exonerator,0.12,0,0
prevalence,0.12,0,0
armless,0.12,0,0
indians,0.12,0,0
lager,0.12,0,0
softball,0.12,0,0
occlusive,0.12,0,0
squinter,0.12,0,0
indiscernibly,0.12,0,0
java,0.12,0,0
expectance,0.12,0,0
diddlysquat,0.12,0,0
edit,0.12,0,0
occupier,0.12,0,0
rat,0.12,0,0
whitehead,0.12,0,0
absorbent,0.12,0,0
brainer,0.12,0,0
gigantic,0.12,0,0
specifiable,0.12,0,0
comradeship,0.12,0,0
sand,0.12,0,0
electrographic,0.12,0,0
incense,0.12,0,0
picturesque,0.12,0,1
diuretic,0.12,0,0
indent,0.12,0,0
iconology,0.12,0,0
washhouse,0.12,0,0
insoluble,0.12,0,0
sectionalism,0.12,0,0
backbend,0.12,0,0
patrimonial,0.12,0,0
curriculum,0.12,0,0
reinvention,0.12,0,0
pharmacy,0.12,0,0
ancientness,0.12,0,0
amorphous,0.12,0,0
magpie,0.12,0,0
whisky,0.12,0,0
nuptial,0.12,0,0
aimless,0.12,0,0
lawgiving,0.12,0,0
query,0.12,0,0
retentive,0.12,0,0
irreproachably,0.12,0,0
theater,0.12,0,0
accueil,0.12,0,0
exactness,0.12,0,0
promulgation,0.12,0,0
decision,0.12,0,0
woo,0.12,0,0
lagged,0.12,0,1
debenture,0.12,0,0
terms,0.12,0,0
magnetic,0.12,0,0
discolor,0.12,0,0
discipline,0.12,0,0
outthink,0.12,0,0
fiscal,0.12,0,0
knighthood,0.12,0,0
colorize,0.12,0,0
nonstandard,0.12,0,0
bellows,0.12,0,0
passbook,0.12,0,0
freshmen,0.12,0,0
rut,0.12,0,0
divested,0.12,0,0
conjuncture,0.12,0,0
chimpanzee,0.12,0,0
coactivity,0.12,0,0
syrup,0.12,0,0
sidelong,0.12,0,0
cell,0.12,0,0
earlobe,0.12,0,0
clinker,0.12,0,0
affirmative,0.12,0,0
legion,0.12,0,0
pervading,0.12,0,0
garnet,0.12,0,0
backburner,0.12,0,0
modernism,0.12,0,0
classical,0.12,0,0
wham,0.12,0,0
god,0.12,0,0
helmet,0.12,0,0
harper,0.12,0,0
heavens,0.12,0,0
brace,0.12,0,0
conversational,0.12,0,0
sudsy,0.12,0,0
churchgoer,0.12,0,0
causation,0.12,0,0
prowess,0.12,0,0
dig,0.12,0,0
shortstop,0.12,0,0
goaltending,0.12,0,0
retailer,0.12,0,0
blown,0.12,0,0
gyrator,0.12,0,0
happenstance,0.12,0,0
godly,0.12,0,0
unequivocally,0.12,0,0
shapelessness,0.12,0,0
liberator,0.12,0,0
sightseer,0.12,0,0
expression,0.12,0,0
kilowatt,0.12,0,0
brat,0.12,0,0
neurogenesis,0.12,0,0
effort,0.12,0,0
babylon,0.12,0,0
hunch,0.12,0,0
juju,0.12,0,0
kingless,0.12,0,0
dumbness,0.12,0,0
bulkhead,0.12,0,0
bisexualism,0.12,0,0
exaggerative,0.12,0,0
smarter,0.12,0,0
straddle,0.12,0,0
flack,0.12,0,0
feigner,0.12,0,0
buckeye,0.12,0,0
fitted,0.12,0,0
gloominess,0.12,0,-1
pontiff,0.12,0,0
fortress,0.12,0,0
installer,0.12,0,0
topped,0.12,0,0
nomadism,0.12,0,0
moonwalker,0.12,0,0
remind,0.12,0,0
cementer,0.12,0,0
concluding,0.12,0,0
anew,0.12,0,0
drizzle,0.12,0,0
chief,0.12,0,0
attention,0.12,0,0
ceramics,0.12,0,0
hut,0.12,0,1
sizzle,0.12,0,0
curtailer,0.12,0,0
frontier,0.12,0,0
unseeded,0.12,0,0
stilt,0.12,0,0
bistro,0.12,0,0
enlarge,0.12,0,0
milk,0.12,0,0
dissemination,0.12,0,0
circuit,0.12,0,0
euphemist,0.12,0,0
mice,0.12,0,0
divisionism,0.12,0,0
impersonator,0.12,0,0
bell,0.12,0,0
tolerably,0.12,0,0
beard,0.12,0,0
squirrel,0.12,0,0
normalcy,0.12,0,0
planets,0.12,0,0
asymmetric,0.12,0,0
wolfhound,0.12,0,0
northernmost,0.12,0,0
draft,0.12,0,0
conditional,0.12,0,0
incubational,0.12,0,0
renovated,0.12,0,0
hybridize,0.12,0,0
televised,0.12,0,0
tilt,0.12,0,0
ingress,0.12,0,0
electromagnetism,0.12,0,0
satin,0.12,0,0
heterozygote,0.12,0,0
culminate,0.12,0,0
lymph,0.12,0,0
electrocardiographic,0.12,0,0
immunologic,0.12,0,0
uninformed,0.12,0,0
grafter,0.12,0,0
preordain,0.12,0,0
relevant,0.12,0,0
footsie,0.12,0,0
mycoplasma,0.12,0,0
dedication,0.12,0,0
centripetal,0.12,0,0
strikingly,0.12,0,0
astringent,0.12,0,0
calculating,0.12,0,0
remit,0.12,0,0
taco,0.12,0,0
ornamentation,0.12,0,0
churchman,0.12,0,0
chunkiness,0.12,0,0
upwards,0.12,0,0
soblessed,0.12,0,0
deskwork,0.12,0,0
bowers,0.12,0,0
beef,0.12,0,0
attempter,0.12,0,0
seedling,0.12,0,0
unassisted,0.12,0,0
germinal,0.12,0,0
height,0.12,0,0
canon,0.12,0,0
inflector,0.12,0,0
revealer,0.12,0,0
salesmanship,0.12,0,0
coronation,0.12,0,0
lessee,0.12,0,0
unspecified,0.12,0,0
kickball,0.12,0,0
pickle,0.12,0,0
retook,0.12,0,0
innumerable,0.12,0,0
suv,0.12,0,0
tuesdays,0.12,0,0
whereof,0.12,0,0
gathering,0.12,0,0
snoot,0.12,0,0
could,0.12,0,0
revisal,0.12,0,0
vodka,0.12,0,0
interested,0.12,0,0
eagerness,0.12,0,1
nonattendance,0.12,0,0
pharmaceutical,0.12,0,0
spitball,0.12,0,0
microscopy,0.12,0,0
bootstrap,0.12,0,0
hatchway,0.12,0,0
unshackle,0.12,0,0
paltriness,0.12,0,1
rapping,0.12,0,0
cretins,0.12,0,0
transcontinental,0.12,0,0
presidency,0.12,0,0
cove,0.12,0,0
simulator,0.12,0,0
demobilization,0.12,0,0
diamonds,0.12,0,0
gammon,0.12,0,0
fact,0.12,0,0
blunt,0.12,0,0
byword,0.12,0,0
waterfront,0.12,0,0
waxwork,0.12,0,0
hatchery,0.12,0,0
postal,0.12,0,0
vernacular,0.12,0,0
truce,0.12,0,0
milky,0.12,0,0
tidings,0.12,0,0
multinuclear,0.12,0,0
wade,0.12,0,0
rock,0.12,0,0
nonfamily,0.12,0,0
globalist,0.12,0,0
gad,0.12,0,0
operative,0.12,0,0
businesslike,0.12,0,0
newsgathering,0.12,0,0
matchbook,0.12,0,0
bottler,0.12,0,0
hypothetic,0.12,0,0
quarry,0.12,0,0
wiseguy,0.12,0,0
farmworker,0.12,0,0
formalism,0.12,0,0
undistinguishable,0.12,0,0
unclassified,0.12,0,0
interwoven,0.12,0,0
denature,0.12,0,0
batch,0.12,0,0
demount,0.12,0,0
exportable,0.12,0,0
void,0.12,0,0
vegan,0.12,0,0
laudatory,0.12,0,1
quicksilver,0.12,0,0
perforated,0.12,0,0
trapeze,0.12,0,0
supremacy,0.12,0,0
computerize,0.12,0,0
importantly,0.12,0,0
gazelle,0.12,0,0
chlorinate,0.12,0,0
transitiveness,0.12,0,0
inaudible,0.12,0,0
teardown,0.12,0,0
buttercream,0.12,0,0
yellow,0.12,0,0
supermodel,0.12,0,0
vicariousness,0.12,0,0
uninhibited,0.12,0,0
pour,0.12,0,0
unplowed,0.12,0,1
arthropod,0.12,0,0
sensibleness,0.12,0,1
trading,0.12,0,0
toastmaster,0.12,0,0
fishmonger,0.12,0,0
block,0.12,0,0
timeout,0.12,0,0
airs,0.12,0,0
advocacy,0.12,0,0
nasally,0.12,0,0
thumbprint,0.12,0,0
prompt,0.12,0,0
wherewithal,0.12,0,0
painted,0.12,0,0
withstand,0.12,0,0
mutterer,0.12,0,0
purebred,0.12,0,0
hmmm,0.12,0,0
proceeds,0.12,0,0
nominee,0.12,0,0
sectorial,0.12,0,0
inference,0.12,0,0
alpine,0.12,0,0
bundle,0.12,0,0
garner,0.12,0,0
secularist,0.12,0,0
departmental,0.12,0,0
keeper,0.12,0,0
insurable,0.12,0,0
powerhouse,0.12,0,0
playwright,0.12,0,0
nonconforming,0.12,0,0
incompressibility,0.12,0,0
jaundiced,0.12,0,0
vie,0.12,0,0
foresee,0.12,0,0
vinegary,0.12,0,0
gymnastics,0.12,0,0
lifeblood,0.12,0,0
primrose,0.12,0,0
girlfriend,0.12,0,0
drip,0.12,0,0
muskrat,0.12,0,0
snacks,0.12,0,0
vase,0.12,0,0
pinfold,0.12,0,0
impersonalize,0.12,0,0
birthday,0.12,0,0
disestablishment,0.12,0,0
flanked,0.12,0,0
lymphoid,0.12,0,0
bounteously,0.12,0,0
drill,0.12,0,0
osprey,0.12,0,0
unpledged,0.12,0,0
disparate,0.12,0,0
demagnetize,0.12,0,0
unroofed,0.12,0,1
medicare,0.12,0,0
acuity,0.12,0,0
zillion,0.12,0,0
overhang,0.12,0,0
unnamable,0.12,0,0
unanimity,0.12,0,0
overwrite,0.12,0,0
cur,0.12,0,0
otherness,0.12,0,0
stairway,0.12,0,0
unconnected,0.12,0,0
thirds,0.12,0,0
polymerize,0.12,0,0
pant,0.12,0,0
uneducated,0.12,0,0
cogitation,0.12,0,0
productive,0.12,0,0
freckly,0.12,0,0
spout,0.12,0,0
grasper,0.12,0,0
water,0.12,0,0
burp,0.12,0,0
poundage,0.12,0,0
wiseass,0.12,0,0
predefine,0.12,0,0
inducement,0.12,0,0
stereoscopically,0.12,0,0
nonworking,0.12,0,0
outspokenly,0.12,0,0
tat,0.12,0,0
diverter,0.12,0,0
tugging,0.12,0,1
prognosticator,0.12,0,0
vermouth,0.12,0,0
hydrangea,0.12,0,0
enlarged,0.12,0,0
attain,0.12,0,0
frockless,0.12,0,0
rephrase,0.12,0,0
refurbish,0.12,0,0
wonderment,0.12,0,1
potpie,0.12,0,0
designate,0.12,0,0
transmittable,0.12,0,0
accelerator,0.12,0,0
anon,0.12,0,0
omnibus,0.12,0,0
biostatistics,0.12,0,0
trombone,0.12,0,0
shutterbug,0.12,0,0
submit,0.12,0,0
devolvement,0.12,0,0
admitting,0.12,0,0
nonsingular,0.12,0,0
renown,0.12,0,0
possessive,0.12,0,0
discernment,0.12,0,0
daemon,0.12,0,0
russet,0.12,0,0
occupancy,0.12,0,0
jargon,0.12,0,0
assembled,0.12,0,0
sweepstake,0.12,0,0
beaten,0.12,0,0
developing,0.12,0,0
replacement,0.12,0,0
esoteric,0.12,0,0
initiator,0.12,0,0
disuse,0.12,0,0
thermoelectrically,0.12,0,0
divisibility,0.12,0,0
retry,0.12,0,0
stiffener,0.12,0,0
outgun,0.12,0,0
dressiness,0.12,0,0
ahead,0.12,0,0
emigrant,0.12,0,0
alchemy,0.12,0,0
briefing,0.12,0,0
chop,0.12,0,0
liqueur,0.12,0,0
minor,0.12,0,0
inherent,0.12,0,0
comedic,0.12,0,0
defensibility,0.12,0,0
clue,0.12,0,0
crimp,0.11,0,0
sirloin,0.11,0,0
jackrabbit,0.11,0,0
raincoat,0.11,0,0
utterance,0.11,0,0
system,0.11,0,0
counteract,0.11,0,0
unscripted,0.11,0,0
reinstate,0.11,0,0
median,0.11,0,0
natively,0.11,0,0
plating,0.11,0,0
aby,0.11,0,0
reservation,0.11,0,0
busied,0.11,0,0
aquaplane,0.11,0,0
deferrer,0.11,0,0
relicense,0.11,0,0
teens,0.11,0,0
smartphone,0.11,0,0
chapter,0.11,0,0
forreal,0.11,0,0
wiry,0.11,0,0
sixties,0.11,0,0
exculpate,0.11,0,0
unwire,0.11,0,0
financial,0.11,0,0
congressional,0.11,0,0
divide,0.11,0,0
oestrogen,0.11,0,0
incredibly,0.11,0,0
convertible,0.11,0,0
yippee,0.11,0,0
elocutionist,0.11,0,0
matchup,0.11,0,0
creation,0.11,0,0
symbolic,0.11,0,0
mouthful,0.11,0,0
foamy,0.11,0,0
scoff,0.11,0,0
publishing,0.11,0,0
subtract,0.11,0,0
unconsidered,0.11,0,0
discolored,0.11,0,0
greenleaf,0.11,0,0
corroborate,0.11,0,0
task,0.11,0,0
refining,0.11,0,0
bakersfield,0.11,0,0
martian,0.11,0,0
impress,0.11,0,0
extractor,0.11,0,0
penetrable,0.11,0,0
courser,0.11,0,0
comeback,0.11,0,0
quota,0.11,0,0
cupping,0.11,0,0
circumstance,0.11,0,0
nightclub,0.11,0,1
raven,0.11,0,0
decree,0.11,0,0
ilk,0.11,0,0
bevel,0.11,0,0
postmodernism,0.11,0,0
whereabouts,0.11,0,0
organic,0.11,0,0
extra,0.11,0,0
view,0.11,0,0
apologist,0.11,0,0
crosstalk,0.11,0,0
pharmacotherapy,0.11,0,0
spindle,0.11,0,0
flex,0.11,0,0
dabble,0.11,0,0
schoolbook,0.11,0,0
gutter,0.11,0,0
contester,0.11,0,0
contractive,0.11,0,0
mono,0.11,0,0
kingfish,0.11,0,0
realign,0.11,0,0
linoleum,0.11,0,0
hypotenuse,0.11,0,0
culpably,0.11,0,0
ephemeral,0.11,0,0
undesignated,0.11,0,0
outskirts,0.11,0,0
ingest,0.11,0,0
eyelet,0.11,0,0
credibleness,0.11,0,0
complexly,0.11,0,0
preconvention,0.11,0,0
geotectonic,0.11,0,0
sixty,0.11,0,0
republication,0.11,0,0
coyote,0.11,0,0
teeth,0.11,0,0
blacktop,0.11,0,0
distinguished,0.11,0,0
territory,0.11,0,0
viscous,0.11,0,0
evaluation,0.11,0,0
undocumented,0.11,0,0
falconry,0.11,0,0
vibratory,0.11,0,0
stager,0.11,0,0
boxlike,0.11,0,0
permission,0.11,0,0
narrate,0.11,0,0
possessing,0.11,0,0
dependent,0.11,0,0
gills,0.11,0,0
inspiratory,0.11,0,0
frank,0.11,0,0
rampart,0.11,0,0
theism,0.11,0,0
megabit,0.11,0,0
predicator,0.11,0,0
omelette,0.11,0,0
interviewer,0.11,0,0
infinitely,0.11,0,0
onward,0.11,0,0
proportionate,0.11,0,0
continual,0.11,0,0
counterbrace,0.11,0,0
bronchi,0.11,0,0
recognise,0.11,0,0
networker,0.11,0,0
compulsorily,0.11,0,0
anesthesiology,0.11,0,0
astronomy,0.11,0,0
wonderer,0.11,0,0
workbook,0.11,0,0
sugar,0.11,0,0
convey,0.11,0,0
last,0.11,0,0
cosine,0.11,0,0
recite,0.11,0,0
assertion,0.11,0,0
conversion,0.11,0,0
suspender,0.11,0,0
chemical,0.11,0,0
deformable,0.11,0,0
preselect,0.11,0,0
hyperbolical,0.11,0,0
burger,0.11,0,0
latex,0.11,0,0
deliberate,0.11,0,0
wrestler,0.11,0,0
noncertified,0.11,0,0
playact,0.11,0,0
psychics,0.11,0,0
responsively,0.11,0,0
cylindricality,0.11,0,0
empire,0.11,0,0
samurai,0.11,0,0
cart,0.11,0,0
extraterrestrial,0.11,0,0
bottlenose,0.11,0,0
inhabited,0.11,0,0
genie,0.11,0,0
housekeeping,0.11,0,0
visit,0.11,0,0
calling,0.11,0,0
counterproof,0.11,0,0
entrepreneurship,0.11,0,0
barterer,0.11,0,0
kettledrummer,0.11,0,0
installment,0.11,0,0
inexistence,0.11,0,0
applicant,0.11,0,0
civic,0.11,0,0
entropy,0.11,0,0
sasquatch,0.11,0,0
expository,0.11,0,0
granulated,0.11,0,0
merrymaker,0.11,0,1
tweezer,0.11,0,0
surfboard,0.11,0,0
vibration,0.11,0,0
godisgreat,0.11,0,0
nostril,0.11,0,0
coupling,0.11,0,0
betcha,0.11,0,0
neuropsychiatry,0.11,0,0
backshift,0.11,0,0
pushback,0.11,0,0
proofread,0.11,0,0
tipping,0.11,0,0
lineation,0.11,0,0
causable,0.11,0,0
meaningful,0.11,0,0
hegemonic,0.11,0,0
waterpolo,0.11,0,0
indeterminable,0.11,0,0
volts,0.11,0,0
mucous,0.11,0,0
confederate,0.11,0,0
gorilla,0.11,0,0
ness,0.11,0,0
activate,0.11,0,0
stratospheric,0.11,0,0
cutaneous,0.11,0,0
predictor,0.11,0,0
circumferential,0.11,0,0
readmission,0.11,0,0
evangelizer,0.11,0,0
disciplinarian,0.11,0,0
circumciser,0.11,0,0
unissued,0.11,0,0
oregano,0.11,0,0
grease,0.11,0,0
departmentalism,0.11,0,0
beanstalk,0.11,0,0
sunshade,0.11,0,0
fluoroscopic,0.11,0,0
nailfile,0.11,0,0
husky,0.11,0,0
those,0.11,0,0
marxism,0.11,0,0
subpopulation,0.11,0,0
subsurface,0.11,0,0
bowels,0.11,0,0
bachelorism,0.11,0,0
prod,0.11,0,0
estimation,0.11,0,0
logging,0.11,0,0
fiancee,0.11,0,0
completing,0.11,0,0
navigation,0.11,0,0
puppetry,0.11,0,0
deletion,0.11,0,0
unfarmed,0.11,0,0
psychoanalytic,0.11,0,0
inferentially,0.11,0,0
furnish,0.11,0,0
distract,0.11,0,0
astigmatic,0.11,0,0
concoction,0.11,0,0
drier,0.11,0,0
install,0.11,0,0
smirk,0.11,0,0
tenure,0.11,0,0
gauging,0.11,0,0
waterman,0.11,0,0
winch,0.11,0,0
idiom,0.11,0,0
throwaway,0.11,0,0
ideality,0.11,0,0
negligently,0.11,0,0
spore,0.11,0,0
interparty,0.11,0,0
weatherproof,0.11,0,0
cymbal,0.11,0,0
forensics,0.11,0,0
saga,0.11,0,0
conclusion,0.11,0,0
nopoint,0.11,0,0
innovator,0.11,0,0
tempered,0.11,0,0
inbred,0.11,0,0
accounts,0.11,0,0
tartar,0.11,0,0
stalwart,0.11,0,0
syllabi,0.11,0,0
spill,0.11,0,0
cerebrum,0.11,0,0
official,0.11,0,0
pigeon,0.11,0,0
angulation,0.11,0,0
cryonic,0.11,0,0
boulder,0.11,0,0
fecundity,0.11,0,0
peroxide,0.11,0,0
apologizer,0.11,0,0
karaoke,0.11,0,0
narration,0.11,0,0
fatherland,0.11,0,0
heedfully,0.11,0,0
maxim,0.11,0,0
ignored,0.11,0,1
interject,0.11,0,0
crotch,0.11,0,0
skidoo,0.11,0,0
breakpoint,0.11,0,0
interaction,0.11,0,0
plaintiff,0.11,0,0
caucus,0.11,0,0
discretionary,0.11,0,0
exoticism,0.11,0,0
fictitious,0.11,0,0
preschool,0.11,0,0
alter,0.11,0,0
unlit,0.11,0,0
cinder,0.11,0,0
reestablish,0.11,0,0
childlessness,0.11,0,0
deoxidization,0.11,0,0
taskbar,0.11,0,0
superwoman,0.11,0,0
blood,0.11,0,0
colloquial,0.11,0,0
sappy,0.11,0,1
referendum,0.11,0,0
intercede,0.11,0,0
allocator,0.11,0,0
ultraviolet,0.11,0,0
evaluator,0.11,0,0
unclassifiable,0.11,0,0
entranceway,0.11,0,0
unremitted,0.11,0,0
asphalt,0.11,0,0
supercar,0.11,0,0
nude,0.11,0,0
negotiator,0.11,0,0
thick,0.11,0,0
cuff,0.11,0,0
imitated,0.11,0,0
assignment,0.11,0,0
anvil,0.11,0,0
dip,0.11,0,0
jetsam,0.11,0,0
clinger,0.11,0,0
starburst,0.11,0,0
epitaph,0.11,0,0
circularly,0.11,0,0
survivorship,0.11,0,0
vest,0.11,0,0
circular,0.11,0,0
eddy,0.11,0,0
exposition,0.11,0,0
caballero,0.11,0,0
twinning,0.11,0,0
vatican,0.11,0,0
didactic,0.11,0,0
male,0.11,0,0
expiration,0.11,0,0
inaudibility,0.11,0,0
stilts,0.11,0,0
czar,0.11,0,0
dyke,0.11,0,0
overlap,0.11,0,0
entrepreneur,0.11,0,0
unpunctuated,0.11,0,0
rove,0.11,0,0
pluck,0.11,0,0
sliver,0.11,0,0
undulate,0.11,0,0
history,0.11,0,1
trendy,0.11,0,0
elaboration,0.11,0,0
wheelchair,0.11,0,0
caveat,0.11,0,0
advert,0.11,0,0
caseworker,0.11,0,0
midbrain,0.11,0,0
meteoritic,0.11,0,0
downed,0.11,0,0
pictorial,0.11,0,0
crystallite,0.11,0,0
sexology,0.11,0,0
obviate,0.11,0,0
creditor,0.11,0,0
hourly,0.11,0,0
examine,0.11,0,0
discontinuousness,0.11,0,0
domino,0.11,0,0
flameproof,0.11,0,0
nonunion,0.11,0,0
date,0.11,0,0
permeably,0.11,0,0
bankroll,0.11,0,0
amplify,0.11,0,0
lynx,0.11,0,0
modern,0.11,0,0
alleged,0.11,0,0
fawn,0.11,0,0
outlast,0.11,0,0
warble,0.11,0,0
toby,0.11,0,0
delocalize,0.11,0,0
foreignness,0.11,0,0
glitter,0.11,0,0
converted,0.11,0,0
burrower,0.11,0,0
toxicology,0.11,0,0
communicability,0.11,0,0
syllable,0.11,0,0
workbag,0.11,0,0
incubator,0.11,0,0
roundup,0.11,0,0
detection,0.11,0,0
artery,0.11,0,0
wirer,0.11,0,0
pervader,0.11,0,0
categorically,0.11,0,0
chairwoman,0.11,0,0
must,0.11,0,0
peasant,0.11,0,0
life,0.11,0,0
retrace,0.11,0,0
unsown,0.11,0,0
pushchair,0.11,0,0
coffeehouse,0.11,0,0
carnivorousness,0.11,0,0
knob,0.11,0,0
solicitant,0.11,0,0
petitioner,0.11,0,0
thistle,0.11,0,0
codeless,0.11,0,0
zygotic,0.11,0,0
countertransference,0.11,0,0
should,0.11,0,0
radiochemical,0.11,0,0
intention,0.11,0,0
lymphocyte,0.11,0,0
corset,0.11,0,0
kneeling,0.11,0,0
causal,0.11,0,0
virtual,0.11,0,0
ungreased,0.11,0,0
invariance,0.11,0,0
opposites,0.11,0,0
yearbook,0.11,0,0
commission,0.11,0,0
mantled,0.11,0,0
inconspicuousness,0.11,0,0
copying,0.11,0,0
fry,0.11,0,0
dressy,0.11,0,0
federalize,0.11,0,0
playwriting,0.11,0,0
topping,0.11,0,0
conjugal,0.11,0,0
uncased,0.11,0,0
playback,0.11,0,0
antitoxin,0.11,0,0
curb,0.11,0,0
victor,0.11,0,0
accentuation,0.11,0,0
excusatory,0.11,0,0
particularism,0.11,0,0
anabolism,0.11,0,0
warranty,0.11,0,0
minuteman,0.11,0,0
ergot,0.11,0,0
dollar,0.11,0,0
guideboard,0.11,0,0
flirtation,0.11,0,0
curvilinear,0.11,0,0
heritage,0.11,0,0
laboratorial,0.11,0,0
sake,0.11,0,0
beholder,0.11,0,0
bagging,0.11,0,0
hotel,0.11,0,0
stash,0.11,0,0
gazette,0.11,0,0
diatonic,0.11,0,0
decorate,0.11,0,0
pole,0.11,0,0
apologise,0.11,0,0
punk,0.11,0,0
electrification,0.11,0,0
descendent,0.11,0,0
reptile,0.11,0,0
disaggregate,0.11,0,0
inconsecutive,0.11,0,0
pensiveness,0.11,0,1
stereoscopic,0.11,0,0
border,0.11,0,0
statistic,0.11,0,0
carbonization,0.11,0,0
speakeasy,0.11,0,0
gap,0.11,0,0
belly,0.11,0,0
vibrational,0.11,0,0
unlabeled,0.11,0,0
yaw,0.11,0,0
involver,0.11,0,0
pursuance,0.11,0,0
intonation,0.11,0,0
imitation,0.11,0,0
subconscious,0.11,0,0
poeticism,0.11,0,0
speaker,0.11,0,0
flatworm,0.11,0,0
commiserative,0.11,0,1
chucker,0.11,0,0
variations,0.11,0,0
chateau,0.11,0,0
nucleic,0.11,0,0
bloater,0.11,0,0
airbase,0.11,0,0
acknowledge,0.11,0,0
detergent,0.11,0,0
trine,0.11,0,0
sling,0.11,0,0
exhibit,0.11,0,0
antirevisionist,0.11,0,0
conclude,0.11,0,0
spaniel,0.11,0,0
patrol,0.11,0,0
memoriesiwontforget,0.11,0,0
pop,0.11,0,0
waterloo,0.11,0,0
presentable,0.11,0,0
element,0.11,0,0
establishment,0.11,0,0
registrar,0.11,0,0
mentalist,0.11,0,0
orientalist,0.11,0,0
actualization,0.11,0,0
affiliated,0.11,0,0
anhydrous,0.11,0,0
corroborator,0.11,0,0
continue,0.11,0,0
size,0.11,0,0
ay,0.11,0,0
triplicate,0.11,0,0
tar,0.11,0,0
countryman,0.11,0,0
floater,0.11,0,0
indicate,0.11,0,0
nomore,0.11,0,0
bellied,0.11,0,0
savings,0.11,0,0
foreteller,0.11,0,0
nondisclosure,0.11,0,0
unsnap,0.11,0,0
rehabilitative,0.11,0,0
millennially,0.11,0,0
bastion,0.11,0,0
republican,0.11,0,0
steeliness,0.11,0,0
mime,0.11,0,0
assumer,0.11,0,0
pylon,0.11,0,0
howsoever,0.11,0,0
fend,0.11,0,0
amalgamation,0.11,0,0
pawnbroker,0.11,0,0
meantime,0.11,0,0
inform,0.11,0,0
newlife,0.11,0,0
catchword,0.11,0,0
adulterously,0.11,0,0
unbanked,0.11,0,0
retell,0.11,0,0
roughly,0.11,0,0
moralization,0.11,0,0
streaming,0.11,0,0
thereupon,0.11,0,0
salute,0.11,0,0
pediatric,0.11,0,0
ironic,0.11,0,0
firehouse,0.11,0,0
wording,0.11,0,0
compensator,0.11,0,0
umpire,0.11,0,0
intersect,0.11,0,0
truncation,0.11,0,0
contractually,0.11,0,0
clarion,0.11,0,0
slouch,0.11,0,1
graph,0.11,0,0
phenomenological,0.11,0,0
correspond,0.11,0,0
twirl,0.11,0,0
infrequent,0.11,0,0
expedient,0.11,0,0
spermatozoa,0.11,0,0
boilermaker,0.11,0,0
reconciler,0.11,0,0
stray,0.11,0,0
superlative,0.11,0,0
percept,0.11,0,0
clarification,0.11,0,0
dropper,0.11,0,0
waitress,0.11,0,0
acidity,0.11,0,0
frontispiece,0.11,0,0
thoroughfare,0.11,0,0
congressman,0.11,0,0
motherliness,0.11,0,1
cleavability,0.11,0,0
retrieval,0.11,0,0
germination,0.11,0,0
somatic,0.11,0,0
leastwise,0.11,0,0
overbuilt,0.11,0,0
ordnance,0.11,0,0
statin,0.11,0,0
invoice,0.11,0,0
permitting,0.11,0,0
incept,0.11,0,0
instinct,0.11,0,0
rubbery,0.11,0,0
cereals,0.11,0,0
mouse,0.11,0,0
moistly,0.11,0,0
logic,0.11,0,0
veronica,0.11,0,0
newcomer,0.11,0,0
bergamot,0.11,0,0
earworm,0.11,0,0
nay,0.11,0,0
carpenter,0.11,0,0
doubling,0.11,0,0
insurance,0.11,0,0
grapelike,0.11,0,0
sortie,0.11,0,0
spoonful,0.11,0,0
cholesterol,0.11,0,0
irony,0.11,0,0
lackluster,0.11,0,0
quadruped,0.11,0,0
distillatory,0.11,0,0
polygonal,0.11,0,0
vulvar,0.11,0,0
inanimateness,0.11,0,0
photocopy,0.11,0,0
sulfite,0.11,0,0
unit,0.11,0,0
orientate,0.11,0,0
heliography,0.11,0,0
lovechild,0.11,0,0
lined,0.11,0,0
visualize,0.11,0,0
ligature,0.11,0,0
adolescently,0.11,0,0
majority,0.11,0,0
multilateral,0.11,0,0
administration,0.11,0,0
plough,0.11,0,0
deformational,0.11,0,0
proverb,0.11,0,0
mending,0.11,0,1
divestment,0.11,0,0
banquet,0.11,0,0
intimacy,0.11,0,0
discard,0.11,0,0
shouter,0.11,0,1
stud,0.11,0,0
myspace,0.11,0,0
cursively,0.11,0,0
calipers,0.11,0,0
generalist,0.11,0,0
unaccompanied,0.11,0,0
dependant,0.11,0,0
bastard,0.11,0,0
dominion,0.11,0,0
groom,0.11,0,0
spiritualism,0.11,0,0
royalty,0.11,0,0
warrants,0.11,0,0
excavator,0.11,0,0
comical,0.11,0,1
eyewash,0.11,0,0
socket,0.11,0,0
stacker,0.11,0,0
apprise,0.11,0,0
micron,0.11,0,0
eyeblink,0.11,0,0
overvalue,0.11,0,0
carrier,0.11,0,0
neurophysiological,0.11,0,0
valuable,0.11,0,0
irrespective,0.11,0,0
preventive,0.11,0,0
puttylike,0.11,0,0
ensue,0.11,0,0
welder,0.11,0,0
freight,0.11,0,0
teakwood,0.11,0,0
limb,0.11,0,0
peculiarly,0.11,0,0
dart,0.11,0,0
counterplea,0.11,0,0
longways,0.11,0,0
buffet,0.11,0,0
hearst,0.11,0,0
inventory,0.11,0,0
triple,0.11,0,0
micronucleus,0.11,0,0
practiced,0.11,0,0
mountain,0.1,0,0
stockyard,0.1,0,0
haircutting,0.1,0,0
module,0.1,0,0
deflection,0.1,0,0
smokestack,0.1,0,0
franchisee,0.1,0,0
coating,0.1,0,0
sentry,0.1,0,0
sark,0.1,0,0
leftwing,0.1,0,0
braless,0.1,0,0
dingbat,0.1,0,0
cruciate,0.1,0,0
eyes,0.1,0,0
sideway,0.1,0,0
someday,0.1,0,0
president,0.1,0,0
posse,0.1,0,0
petrie,0.1,0,0
simultaneously,0.1,0,0
indicator,0.1,0,0
beholden,0.1,0,0
archdiocese,0.1,0,0
corner,0.1,0,0
taken,0.1,0,0
refraction,0.1,0,0
rewind,0.1,0,0
unplugged,0.1,0,0
fishbone,0.1,0,0
etiology,0.1,0,0
checkmate,0.1,0,0
gold,0.1,0,0
minstrel,0.1,0,0
nonoccurrence,0.1,0,0
borrow,0.1,0,0
deformer,0.1,0,0
comb,0.1,0,0
plow,0.1,0,0
daughterly,0.1,0,0
highest,0.1,0,0
extemporary,0.1,0,0
flora,0.1,0,0
mud,0.1,0,0
standout,0.1,0,0
afterload,0.1,0,0
uncommented,0.1,0,0
declaratory,0.1,0,0
reinvest,0.1,0,0
objector,0.1,0,0
algebra,0.1,0,0
testimony,0.1,0,0
gunstock,0.1,0,0
uterine,0.1,0,0
fen,0.1,0,0
behaviour,0.1,0,0
wits,0.1,0,0
depletive,0.1,0,0
invalid,0.1,0,0
advocator,0.1,0,0
contend,0.1,0,0
waterhole,0.1,0,0
pirate,0.1,0,0
admirer,0.1,0,1
unlettered,0.1,0,0
illuminator,0.1,0,0
nondiscretionary,0.1,0,0
reread,0.1,0,0
adjudicative,0.1,0,0
inversely,0.1,0,0
pajama,0.1,0,0
announcement,0.1,0,0
evaporative,0.1,0,0
juvenile,0.1,0,0
symbolism,0.1,0,0
registration,0.1,0,0
leaderless,0.1,0,0
amperage,0.1,0,0
electrophysiological,0.1,0,0
legalize,0.1,0,0
outpouring,0.1,0,0
peering,0.1,0,0
incisory,0.1,0,0
raffle,0.1,0,0
inquiry,0.1,0,0
pogo,0.1,0,0
housefly,0.1,0,0
redistribute,0.1,0,0
derivativeness,0.1,0,0
undiscoverable,0.1,0,0
labia,0.1,0,0
prepare,0.1,0,0
tarlike,0.1,0,0
opposable,0.1,0,0
refashion,0.1,0,0
intonate,0.1,0,0
create,0.1,0,0
alkalize,0.1,0,0
curl,0.1,0,0
supersede,0.1,0,0
intel,0.1,0,0
maximization,0.1,0,0
archivist,0.1,0,0
shellfish,0.1,0,0
program,0.1,0,0
conveniences,0.1,0,0
implantable,0.1,0,0
switchover,0.1,0,0
log,0.1,0,0
unobvious,0.1,0,0
stockowner,0.1,0,0
embed,0.1,0,0
vaulted,0.1,0,0
daybook,0.1,0,0
identify,0.1,0,0
militia,0.1,0,0
webcam,0.1,0,0
prescient,0.1,0,0
body,0.1,0,0
countermarch,0.1,0,0
fistula,0.1,0,0
separable,0.1,0,0
gastro,0.1,0,0
aorta,0.1,0,0
housemaid,0.1,0,0
prescribe,0.1,0,0
vertebral,0.1,0,0
uncooked,0.1,0,0
sexually,0.1,0,0
champs,0.1,0,1
antimonarchical,0.1,0,0
snapshot,0.1,0,0
breech,0.1,0,0
random,0.1,0,0
mick,0.1,0,0
stepson,0.1,0,0
invisible,0.1,0,0
rake,0.1,0,0
pronouncement,0.1,0,0
concertina,0.1,0,0
production,0.1,0,0
retranslate,0.1,0,0
timing,0.1,0,0
mandamus,0.1,0,0
hearer,0.1,0,0
psychological,0.1,0,0
commitment,0.1,0,0
manufacture,0.1,0,0
religious,0.1,0,0
bloodhound,0.1,0,0
specially,0.1,0,0
fibrotic,0.1,0,0
sequel,0.1,0,0
intending,0.1,0,0
decal,0.1,0,0
improvise,0.1,0,0
macrograph,0.1,0,0
biomedical,0.1,0,0
matchstick,0.1,0,0
repentantly,0.1,0,0
subsist,0.1,0,0
appropriator,0.1,0,0
unregistered,0.1,0,0
top,0.1,0,0
drove,0.1,0,0
unfinished,0.1,0,0
interrelate,0.1,0,0
funniness,0.1,0,0
outdone,0.1,0,0
oxidized,0.1,0,0
bloomer,0.1,0,0
interlocution,0.1,0,0
reserves,0.1,0,0
map,0.1,0,0
underwood,0.1,0,0
graphics,0.1,0,0
disjunctively,0.1,0,0
coax,0.1,0,0
review,0.1,0,0
frontrunner,0.1,0,0
thicket,0.1,0,0
posture,0.1,0,0
remembrance,0.1,0,0
stereotyped,0.1,0,0
microcontroller,0.1,0,0
emporium,0.1,0,0
gatherer,0.1,0,0
manifold,0.1,0,0
secrete,0.1,0,0
mythologist,0.1,0,0
conditionally,0.1,0,0
foray,0.1,0,0
stereo,0.1,0,0
allure,0.1,0,0
expediency,0.1,0,0
metabolite,0.1,0,0
operator,0.1,0,0
oysterman,0.1,0,0
copped,0.1,0,0
flyer,0.1,0,0
encomium,0.1,0,0
colors,0.1,0,0
areola,0.1,0,0
windblown,0.1,0,1
continuing,0.1,0,0
pick,0.1,0,0
receipt,0.1,0,0
moorish,0.1,0,0
legislatively,0.1,0,0
summarily,0.1,0,0
whooper,0.1,0,0
whimsicalness,0.1,0,0
tripartite,0.1,0,0
dexterousness,0.1,0,0
nonclinical,0.1,0,0
switcher,0.1,0,0
applier,0.1,0,0
prenatal,0.1,0,0
putative,0.1,0,0
detective,0.1,0,0
shingle,0.1,0,0
muffler,0.1,0,0
amalgam,0.1,0,0
semiconsciously,0.1,0,0
there,0.1,0,0
citation,0.1,0,0
unwed,0.1,0,1
sunbed,0.1,0,0
vacuously,0.1,0,0
translational,0.1,0,0
veritably,0.1,0,0
fraternity,0.1,0,0
hunk,0.1,0,0
wine,0.1,0,0
credited,0.1,0,0
mislocate,0.1,0,0
differences,0.1,0,0
morphism,0.1,0,0
distinguishable,0.1,0,0
nonsymmetrical,0.1,0,0
crock,0.1,0,0
pulmonologist,0.1,0,0
announced,0.1,0,0
follicular,0.1,0,0
macaroon,0.1,0,0
lineated,0.1,0,0
choreograph,0.1,0,0
sis,0.1,0,0
passcode,0.1,0,0
shredded,0.1,0,0
prophet,0.1,0,0
brethren,0.1,0,0
parish,0.1,0,0
lace,0.1,0,0
wetting,0.1,0,0
downhaul,0.1,0,0
bin,0.1,0,0
forceps,0.1,0,0
washtub,0.1,0,0
emit,0.1,0,0
caterer,0.1,0,0
protract,0.1,0,0
portal,0.1,0,0
arrangement,0.1,0,0
transmission,0.1,0,0
present,0.1,0,0
encircle,0.1,0,0
actuation,0.1,0,0
anus,0.1,0,0
hunter,0.1,0,0
unfenced,0.1,0,0
deliberator,0.1,0,0
feasibility,0.1,0,0
zionism,0.1,0,0
gas,0.1,0,0
demonstration,0.1,0,0
sec,0.1,0,0
circled,0.1,0,0
due,0.1,0,0
incase,0.1,0,0
smudgy,0.1,0,0
doggishly,0.1,0,0
compile,0.1,0,0
workup,0.1,0,0
exothermic,0.1,0,0
electrolyte,0.1,0,0
feudal,0.1,0,0
procure,0.1,0,0
mariachi,0.1,0,0
multicourse,0.1,0,0
symbolist,0.1,0,0
mount,0.1,0,0
iterative,0.1,0,0
catabolism,0.1,0,0
anthropomorphosis,0.1,0,0
vegetarian,0.1,0,0
marl,0.1,0,0
politic,0.1,0,0
analogism,0.1,0,0
orthogenetic,0.1,0,0
dialect,0.1,0,0
workforce,0.1,0,0
dna,0.1,0,0
hitless,0.1,0,0
subatomic,0.1,0,0
fuzz,0.1,0,0
defensible,0.1,0,0
straightness,0.1,0,0
frivolity,0.1,0,1
untradeable,0.1,0,0
nationalize,0.1,0,0
answer,0.1,0,0
retaliative,0.1,0,0
underneath,0.1,0,0
shifter,0.1,0,0
sex,0.1,0,0
imprecise,0.1,0,0
because,0.1,0,0
taught,0.1,0,0
legislate,0.1,0,0
sharpener,0.1,0,0
urologist,0.1,0,0
ragtime,0.1,0,0
amoxicillin,0.1,0,0
lamprey,0.1,0,0
doctrine,0.1,0,0
consort,0.1,0,0
shipment,0.1,0,0
canine,0.1,0,0
leotard,0.1,0,0
spoof,0.1,0,0
wiles,0.1,0,0
deer,0.1,0,0
dash,0.1,0,0
deck,0.1,0,0
legislation,0.1,0,0
conductor,0.1,0,0
critter,0.1,0,0
grunt,0.1,0,0
organ,0.1,0,0
overnighter,0.1,0,0
multiplayer,0.1,0,0
wrought,0.1,0,0
diverging,0.1,0,0
mantis,0.1,0,0
grade,0.1,0,0
commuter,0.1,0,0
founder,0.1,0,0
repack,0.1,0,0
pseudo,0.1,0,0
token,0.1,0,0
short,0.1,0,0
forked,0.1,0,0
basketful,0.1,0,0
permitted,0.1,0,0
resale,0.1,0,0
congregationally,0.1,0,0
sucker,0.1,0,0
community,0.1,0,0
diagnostically,0.1,0,0
trawl,0.1,0,0
bookmarker,0.1,0,0
croft,0.1,0,0
precedence,0.1,0,0
timed,0.1,0,0
halfhearted,0.1,0,1
vainness,0.1,0,0
subcommand,0.1,0,0
thirsty,0.1,0,0
naval,0.1,0,0
cacao,0.1,0,0
tomatoes,0.1,0,0
only,0.1,0,0
maypole,0.1,0,0
prolongation,0.1,0,0
affidavit,0.1,0,0
hemostasis,0.1,0,0
dint,0.1,0,0
prospective,0.1,0,0
colored,0.1,0,0
exert,0.1,0,1
disbursal,0.1,0,0
micromechanics,0.1,0,0
denote,0.1,0,0
inverted,0.1,0,0
mimic,0.1,0,0
manifesto,0.1,0,0
stalls,0.1,0,0
falcon,0.1,0,0
hourglass,0.1,0,0
data,0.1,0,0
migrate,0.1,0,0
messily,0.1,0,0
fort,0.1,0,0
pepper,0.1,0,0
harrier,0.09,0,0
millionaire,0.09,0,0
ergometer,0.09,0,0
universalism,0.09,0,0
uppercase,0.09,0,0
untouchable,0.09,0,0
firmness,0.09,0,0
nonmedical,0.09,0,0
darkish,0.09,0,0
practicality,0.09,0,0
macerate,0.09,0,0
highlander,0.09,0,0
reapportion,0.09,0,0
brachiosaurus,0.09,0,0
universities,0.09,0,0
affinitive,0.09,0,0
overbite,0.09,0,0
readdress,0.09,0,0
watercraft,0.09,0,0
uptown,0.09,0,0
hypothermal,0.09,0,0
stern,0.09,0,1
unoriginally,0.09,0,0
cigarillo,0.09,0,0
judiciousness,0.09,0,0
destined,0.09,0,0
consequentially,0.09,0,0
superstar,0.09,0,0
brightness,0.09,0,0
dib,0.09,0,0
deciduousness,0.09,0,0
incontestability,0.09,0,0
toughness,0.09,0,0
overtly,0.09,0,0
inclusively,0.09,0,0
identified,0.09,0,0
incliner,0.09,0,0
tersely,0.09,0,0
believe,0.09,0,1
nonscientific,0.09,0,0
skull,0.09,0,0
unified,0.09,0,0
handily,0.09,0,0
angora,0.09,0,0
episodically,0.09,0,0
waistline,0.09,0,0
handmaiden,0.09,0,0
macrophysics,0.09,0,0
scrubbiness,0.08,0,0
monographer,0.08,0,0
empathically,0.08,0,0
trainable,0.08,0,0
tinkerer,0.08,0,0
friends,0.08,0,0
duplicability,0.08,0,0
erectness,0.08,0,0
officeholder,0.08,0,0
hydrocarbon,0.08,0,0
semitrailer,0.08,0,0
motorization,0.08,0,0
annexation,0.08,0,0
noncontributory,0.08,0,0
flagellum,0.08,0,0
shoeless,0.08,0,0
woodchopper,0.08,0,0
tinkler,0.08,0,0
quarterstaff,0.08,0,0
radiological,0.08,0,0
subtenant,0.08,0,0
nobleman,0.08,0,0
gunsmith,0.08,0,0
vicarage,0.08,0,0
unapplied,0.08,0,0
ragtop,0.08,0,0
headshake,0.08,0,0
mathematic,0.08,0,0
runabout,0.08,0,0
craniofacial,0.08,0,0
internet,0.08,0,0
songwriting,0.08,0,0
redactor,0.08,0,0
benzyl,0.08,0,0
personage,0.08,0,0
cervical,0.08,0,0
thelife,0.08,0,0
subtest,0.08,0,0
rower,0.08,0,0
colloid,0.08,0,0
fiddlestick,0.08,0,0
moralist,0.08,0,0
motorize,0.08,0,0
monolithic,0.08,0,0
sorceress,0.08,0,0
summed,0.08,0,0
accountancy,0.08,0,0
seeder,0.08,0,0
boredom,0.08,0,1
indubitable,0.08,0,0
shortcake,0.08,0,0
distributor,0.08,0,0
unmerge,0.08,0,0
cookie,0.08,0,0
overabundant,0.08,0,0
pumice,0.08,0,0
sustain,0.08,0,0
denseness,0.08,0,0
seahorse,0.08,0,0
correlated,0.08,0,0
gasworks,0.08,0,0
chorally,0.08,0,0
neurobehavioral,0.08,0,0
oculist,0.08,0,0
ultrathin,0.08,0,0
immunoglobulin,0.08,0,0
haggis,0.08,0,0
transpacific,0.08,0,0
dialectical,0.08,0,0
spirit,0.08,0,0
fishbowl,0.08,0,0
affixer,0.08,0,0
egghead,0.08,0,0
tiredly,0.08,0,0
pruner,0.08,0,0
beltline,0.08,0,0
tibetan,0.08,0,0
presentably,0.08,0,0
hypodermis,0.08,0,0
emulative,0.08,0,0
glaciate,0.08,0,0
popover,0.08,0,0
prohibitor,0.08,0,0
frosting,0.08,0,0
taxidermist,0.08,0,0
unrented,0.08,0,0
headworker,0.08,0,0
squiggle,0.08,0,0
biggish,0.08,0,0
replenishment,0.08,0,0
darwinism,0.08,0,0
curricular,0.08,0,0
nitrite,0.08,0,0
tabloid,0.08,0,0
ambient,0.08,0,0
bipod,0.08,0,0
commemoratory,0.08,0,0
postmodern,0.08,0,0
dioxide,0.08,0,0
philologically,0.08,0,0
psychically,0.08,0,0
borehole,0.08,0,0
inductively,0.08,0,0
blowfish,0.08,0,0
nonelection,0.08,0,0
casework,0.08,0,0
semisecret,0.08,0,0
interpretive,0.08,0,0
longtime,0.08,0,0
spokeswoman,0.08,0,0
neuroendocrine,0.08,0,0
foretold,0.08,0,0
producer,0.08,0,0
enunciator,0.08,0,0
chinaman,0.08,0,0
beardy,0.08,0,0
sidecar,0.08,0,0
phonogram,0.08,0,0
quizmaster,0.08,0,0
lightwood,0.08,0,0
recognizability,0.08,0,0
unnoted,0.07,0,0
arranger,0.07,0,0
calculability,0.07,0,0
contributory,0.07,0,0
cerebellum,0.07,0,0
widespread,0.07,0,0
cornhusk,0.07,0,0
soupspoon,0.07,0,0
verbalize,0.07,0,0
aquaculture,0.07,0,0
took,0.07,0,0
electrometric,0.07,0,0
nickelodeon,0.07,0,0
saccharine,0.07,0,0
oversized,0.07,0,0
underpinning,0.07,0,0
alternator,0.07,0,0
pitch,0.07,0,0
swing,0.07,0,0
cephalopod,0.07,0,0
intercorrelation,0.07,0,0
ectodermal,0.07,0,0
remarket,0.07,0,0
colonially,0.07,0,0
absolvable,0.07,0,0
envelop,0.07,0,0
packaging,0.07,0,0
anamorphic,0.07,0,0
definiteness,0.07,0,0
scanned,0.07,0,0
kinesiology,0.07,0,0
embryological,0.07,0,0
autumnal,0.07,0,0
redevelop,0.07,0,0
conditionality,0.07,0,0
drool,0.07,0,0
interrelation,0.07,0,0
stonecutter,0.07,0,0
mutt,0.07,0,0
expediter,0.07,0,0
holdfast,0.07,0,0
carotid,0.07,0,0
oddball,0.07,0,0
mouth,0.02,0,0
coagulation,0.01,0,0
combinative,0.0,0,0
young,0.0,0,0
untied,0.0,0,0
invite,0.0,0,0
monarchist,0.0,0,0
protozoa,0.0,0,0
patently,0.0,0,0
coed,0.0,0,0
measurable,0.0,0,0
seedless,0.0,0,0
unfertilized,0.0,0,0
workboat,0.0,0,0
birthrate,0.0,0,0
stoke,0.0,0,0
granulation,0.0,0,0
monoxide,0.0,0,0
photometry,0.0,0,0
cherries,0.0,0,0
reader,0.0,0,0
fontsize,0.0,0,0
biosphere,0.0,0,0
loosening,0.0,0,0
postmenstrual,0.0,0,0
potentiality,0.0,0,0
remindful,0.0,0,0
rollout,0.0,0,0
navigational,0.0,0,0
livable,0.0,0,0
counteragent,0.0,0,0
comparableness,0.0,0,0
electroluminescence,0.0,0,0
midland,0.0,0,0
denominator,0.0,0,0
screensaver,0.0,0,0
restitute,0.0,0,0
bugler,0.0,0,0
northeastwardly,0.0,0,0
unexercised,0.0,0,0
acrostic,0.0,0,0
outdo,0.0,0,0
dorsally,0.0,0,0
wireframe,0.0,0,0
oatcake,0.0,0,0
mica,0.0,0,0
disenchantment,0.0,0,-1
noworries,0.0,0,0
washerwoman,0.0,0,0
ax,0.0,0,0
snowball,0.0,0,0
miscellaneously,0.0,0,0
audibility,0.0,0,0
administrant,0.0,0,0
individual,0.0,0,0
foxily,0.0,0,0
livestock,0.0,0,0
anthropologist,0.0,0,0
telescopic,0.0,0,0
crustiness,0.0,0,0
intergenerational,0.0,0,0
fractional,0.0,0,0
consigner,0.0,0,0
exculpatory,0.0,0,0
yardmaster,0.0,0,0
mailserver,0.0,0,0
universally,0.0,0,0
undoubtedly,0.0,0,0
poster,0.0,0,0
language,0.0,0,0
professorship,0.0,0,0
seaplane,0.0,0,0
adaptor,0.0,0,0
photon,0.0,0,0
whatmakesmesmile,0.0,0,0
scimitar,0.0,0,0
forties,0.0,0,0
dissatisfy,0.0,0,0
crystallize,0.0,0,0
colossus,0.0,0,0
neurosurgeon,0.0,0,0
diabetes,0.0,0,0
forego,0.0,0,0
congestible,0.0,0,0
prose,0.0,0,0
unbudgeted,0.0,0,0
bloodstock,0.0,0,0
digs,0.0,0,0
coinage,0.0,0,0
denominationally,0.0,0,0
hydroelectricity,0.0,0,0
beachball,0.0,0,0
belfry,0.0,0,0
etymologically,0.0,0,0
pepperoni,0.0,0,0
candlewick,0.0,0,0
acquirement,0.0,0,0
inapplicable,0.0,0,0
sophistically,0.0,0,0
undetectable,0.0,0,0
building,0.0,0,0
clocker,0.0,0,0
semiprivate,0.0,0,0
pneumatology,0.0,0,0
sailboard,0.0,0,0
obtain,0.0,0,0
manned,0.0,0,0
earl,0.0,0,0
lobe,0.0,0,0
calligraphic,0.0,0,0
dose,0.0,0,0
restaurateur,0.0,0,0
extragalactic,0.0,0,0
deregulation,0.0,0,0
uncrated,0.0,0,0
footpad,0.0,0,0
accelerometer,0.0,0,0
bow,0.0,0,0
concordance,0.0,0,0
overstitch,0.0,0,0
vintage,0.0,0,0
derogatively,0.0,0,0
reborn,0.0,0,1
rewrap,0.0,0,0
traceability,0.0,0,0
oscillator,0.0,0,0
capacitor,0.0,0,0
kayaker,0.0,0,0
rector,0.0,0,0
meteoroid,0.0,0,0
tweedy,0.0,0,0
clerkship,0.0,0,0
apostle,0.0,0,0
bulbous,0.0,0,0
curatively,0.0,0,0
bioclimatology,0.0,0,0
spurious,0.0,0,0
lengthily,0.0,0,0
condonable,0.0,0,0
derivate,0.0,0,0
reappraise,0.0,0,0
answering,0.0,0,0
were,0.0,0,0
collectable,0.0,0,0
regional,0.0,0,0
pair,0.0,0,0
lightswitch,0.0,0,0
lactated,0.0,0,0
preemption,0.0,0,0
macroclimatic,0.0,0,0
compatible,0.0,0,0
poppet,0.0,0,0
stepsister,0.0,0,0
circulative,0.0,0,0
waist,0.0,0,0
downrange,0.0,0,0
adorer,0.0,0,0
genotype,0.0,0,0
hemi,0.0,0,0
poplar,0.0,0,0
trainload,0.0,0,0
allusively,0.0,0,0
commensurably,0.0,0,0
localness,0.0,0,0
consignee,0.0,0,0
sabbatical,0.0,0,0
compact,0.0,0,0
voluntarism,0.0,0,0
flatiron,0.0,0,0
hieroglyphics,0.0,0,0
bespoken,0.0,0,0
cashew,0.0,0,0
letterbox,0.0,0,0
testosterone,0.0,0,0
robin,0.0,0,0
needit,0.0,0,0
nationally,0.0,0,0
sumptuous,0.0,0,1
prelaw,0.0,0,0
amphibian,0.0,0,0
engineer,0.0,0,0
agriculturalist,0.0,0,0
salad,0.0,0,0
flowers,0.0,0,0
disclaim,0.0,0,0
trustee,0.0,0,0
artistry,0.0,0,0
midyear,0.0,0,0
packable,0.0,0,0
turkey,0.0,0,0
anecdotist,0.0,0,0
viaduct,0.0,0,0
annals,0.0,0,0
astrophysics,0.0,0,0
carter,0.0,0,0
geomagnetic,0.0,0,0
cardiologist,0.0,0,0
locative,0.0,0,0
scientist,0.0,0,0
chintz,0.0,0,0
allusive,0.0,0,0
mill,0.0,0,0
oboe,0.0,0,0
valve,0.0,0,0
quaternary,0.0,0,0
foaminess,0.0,0,0
authorities,0.0,0,0
whaler,0.0,0,0
nonperforming,0.0,0,0
alumna,0.0,0,0
multifactorial,0.0,0,0
hermetic,0.0,0,0
unmodified,0.0,0,0
logarithmical,0.0,0,0
glycoprotein,0.0,0,0
infield,0.0,0,0
pecan,0.0,0,0
nearside,0.0,0,0
differential,0.0,0,0
underexpose,0.0,0,0
letterhead,0.0,0,0
awards,0.0,0,0
saddlebag,0.0,0,0
avail,0.0,0,0
bargeman,0.0,0,0
division,0.0,0,0
nonpresidential,0.0,0,0
emulsion,0.0,0,0
clef,0.0,0,0
monarchism,0.0,0,0
tally,0.0,0,0
acrobatic,0.0,0,0
phrasemaker,0.0,0,0
homocentric,0.0,0,0
magenta,0.0,0,0
gondolier,0.0,0,0
belcher,0.0,0,0
whitewood,0.0,0,0
particulars,0.0,0,0
udder,0.0,0,0
unidentifiable,0.0,0,0
apostolicism,0.0,0,0
elaborateness,0.0,0,0
boatyard,0.0,0,0
existent,0.0,0,0
dramatist,0.0,0,0
birdcage,0.0,0,0
hierarchism,0.0,0,0
partition,0.0,0,0
biochemist,0.0,0,0
carbonize,0.0,0,0
walker,0.0,0,0
pinned,0.0,0,0
solarium,0.0,0,0
regionalist,0.0,0,0
nonscientist,0.0,0,0
unranked,0.0,0,0
contiguously,0.0,0,0
ecotype,0.0,0,0
rhino,0.0,0,0
pincer,0.0,0,0
inhouse,0.0,0,0
envisage,0.0,0,0
epicure,0.0,0,0
equitableness,0.0,0,0
policy,0.0,0,0
level,0.0,0,0
waterweed,0.0,0,0
zebra,0.0,0,0
biopolymer,0.0,0,0
moisten,0.0,0,0
crochet,0.0,0,0
rhodium,0.0,0,0
indigo,0.0,0,0
crisper,0.0,0,0
laboratory,0.0,0,0
demographically,0.0,0,0
underlay,0.0,0,0
sugarplum,0.0,0,0
boulevard,0.0,0,0
administrative,0.0,0,0
heirdom,0.0,0,0
repute,0.0,0,0
replication,0.0,0,0
wannasleep,0.0,0,0
thighbone,0.0,0,0
collocation,0.0,0,0
nominal,0.0,0,0
specialist,0.0,0,0
torso,0.0,0,0
neurobiology,0.0,0,0
scratchproof,0.0,0,0
lunchroom,0.0,0,0
multi,0.0,0,0
ceremonialism,0.0,0,0
nonreturnable,0.0,0,0
synonymy,0.0,0,0
overpass,0.0,0,0
bucketful,0.0,0,0
swayable,0.0,0,0
cockpit,0.0,0,0
toothlessly,0.0,0,0
stateswoman,0.0,0,0
nought,0.0,0,0
decoratively,0.0,0,0
recommence,0.0,0,0
atomic,0.0,0,0
galactic,0.0,0,0
untranslated,0.0,0,0
readership,0.0,0,0
musicology,0.0,0,0
requirement,0.0,0,0
thankyougod,0.0,0,0
centralization,0.0,0,0
nonproprietary,0.0,0,0
container,0.0,0,0
passer,0.0,0,0
uncorrected,0.0,0,0
contradiction,0.0,0,-1
incisor,0.0,0,0
instantaneously,0.0,0,0
mesosphere,0.0,0,0
anthologist,0.0,0,0
microphotograph,0.0,0,0
vines,0.0,0,0
exchanger,0.0,0,0
counterproposition,0.0,0,0
homesteader,0.0,0,0
empathy,0.0,0,0
carousel,0.0,0,0
tartan,0.0,0,0
idler,0.0,0,0
clergywoman,0.0,0,0
orchestrator,0.0,0,0
numerical,0.0,0,0
mustache,0.0,0,0
tonally,0.0,0,0
himself,0.0,0,0
automatism,0.0,0,0
antecede,0.0,0,0
sow,0.0,0,0
homily,0.0,0,0
hephaestus,0.0,0,0
occultism,0.0,0,0
swordtail,0.0,0,0
gentry,0.0,0,0
confederative,0.0,0,0
shamanism,0.0,0,0
necessities,0.0,0,0
bilge,0.0,0,0
repressible,0.0,0,0
grizzled,0.0,0,0
desalinate,0.0,0,0
visage,0.0,0,0
sparerib,0.0,0,0
theyll,0.0,0,0
perkily,0.0,0,0
nightdress,0.0,0,0
dichotomous,0.0,0,0
commemorator,0.0,0,0
nanotechnology,0.0,0,0
recentralization,0.0,0,0
precertification,0.0,0,0
alternate,0.0,0,0
postmaster,0.0,0,0
endower,0.0,0,0
obliqueness,0.0,0,0
nitration,0.0,0,0
deliverer,0.0,0,0
realist,0.0,0,0
noncombustible,0.0,0,0
ten,0.0,0,0
saturator,0.0,0,0
oooh,0.0,0,0
receipts,0.0,0,0
bathmat,0.0,0,0
ambidexterous,0.0,0,0
obelisk,0.0,0,0
proofreader,0.0,0,0
uneconomical,0.0,0,0
subculture,0.0,0,0
also,0.0,0,0
shipwright,0.0,0,0
amendable,0.0,0,0
anthropogenesis,0.0,0,0
redecorate,0.0,0,0
effectiveness,0.0,0,0
ethnographic,0.0,0,0
orbs,0.0,0,0
teacart,0.0,0,0
multispecies,0.0,0,0
thong,0.0,0,0
specialism,0.0,0,0
cosmologic,0.0,0,0
singly,0.0,0,0
multiprocessor,0.0,0,0
recap,0.0,0,0
stifler,0.0,0,0
singularize,0.0,0,0
subcategory,0.0,0,0
be,0.0,0,0
design,0.0,0,0
pugilism,0.0,0,0
textbook,0.0,0,0
chit,0.0,0,0
waistband,0.0,0,0
butterbean,0.0,0,0
upraise,0.0,0,0
prospectively,0.0,0,0
executive,0.0,0,0
cot,0.0,0,0
limitlessness,0.0,0,0
cutlass,0.0,0,0
confectionery,0.0,0,0
vulva,0.0,0,0
sentenced,0.0,0,0
extrapolator,0.0,0,0
replant,0.0,0,0
pheasant,0.0,0,0
ballgame,0.0,0,0
waistcoat,0.0,0,0
clubber,0.0,0,0
egg,0.0,0,0
incurrence,0.0,0,0
homegrown,0.0,0,0
pyrophosphate,0.0,0,0
mailwoman,0.0,0,0
expatriation,0.0,0,0
analytically,0.0,0,0
served,0.0,0,0
banterer,0.0,0,0
learning,0.0,0,0
exteriorization,0.0,0,0
cinematographic,0.0,0,0
preconscious,0.0,0,0
basketball,0.0,0,0
scrollbar,0.0,0,0
carpet,0.0,0,0
hexagonally,0.0,0,0
totalize,0.0,0,0
congenitally,0.0,0,0
gradualist,0.0,0,0
electrometallurgy,0.0,0,0
trolley,0.0,0,0
base,0.0,0,0
agriculture,0.0,0,0
iron,0.0,0,0
optical,0.0,0,0
convertibility,0.0,0,0
clerk,0.0,0,0
republicanism,0.0,0,0
already,0.0,0,0
braider,0.0,0,0
nonfreezing,0.0,0,0
beret,0.0,0,0
print,0.0,0,0
pendant,0.0,0,0
pebbly,0.0,0,0
unmapped,0.0,0,0
tasted,0.0,0,0
taciturnly,0.0,0,0
microreader,0.0,0,0
coronate,0.0,0,0
nietzsche,0.0,0,0
shoptalk,0.0,0,0
flashcard,0.0,0,0
textual,0.0,0,0
hexafluoride,0.0,0,0
doorkeeper,0.0,0,0
subscale,0.0,0,0
rituality,0.0,0,0
applicator,0.0,0,0
autogenesis,0.0,0,0
eclecticism,0.0,0,0
infallibleness,0.0,0,0
lockable,0.0,0,0
conservatory,0.0,0,0
ratatouille,0.0,0,0
blackish,0.0,0,0
juicily,0.0,0,0
pelican,0.0,0,0
jurisdictionally,0.0,0,0
tolerate,0.0,0,0
encyclopedic,0.0,0,0
imam,0.0,0,0
shear,0.0,0,0
fanaticize,0.0,0,0
saucepan,0.0,0,0
floorboard,0.0,0,0
biofuel,0.0,0,0
tuneable,0.0,0,0
promethean,0.0,0,0
microevolution,0.0,0,0
relational,0.0,0,0
teammates,0.0,0,0
store,0.0,0,0
osteopath,0.0,0,0
broadleaf,0.0,0,0
dealmaker,0.0,0,0
cast,0.0,0,0
devised,0.0,0,0
feminization,0.0,0,0
candlepower,0.0,0,0
spectrometric,0.0,0,0
budgie,0.0,0,0
bioclimatic,0.0,0,0
ultrafashionable,0.0,0,0
doorjamb,0.0,0,0
fryer,0.0,0,0
prepackaged,0.0,0,0
roster,0.0,0,0
northwestward,0.0,0,0
bodega,0.0,0,0
stiffly,0.0,0,0
thirteen,0.0,0,0
hardtack,0.0,0,0
chronologist,0.0,0,0
salon,0.0,0,0
odds,0.0,0,0
bought,0.0,0,0
washcloth,0.0,0,0
leaf,0.0,0,0
include,0.0,0,0
bullock,0.0,0,0
cardinality,0.0,0,0
shamefacedly,0.0,0,-1
beaconless,0.0,0,0
airily,0.0,0,0
midweek,0.0,0,0
saying,0.0,0,0
solicitously,0.0,0,0
secretariat,0.0,0,0
metaphorical,0.0,0,0
sessional,0.0,0,0
businesswoman,0.0,0,0
echelon,0.0,0,0
decorum,0.0,0,0
solidness,0.0,0,0
plantain,0.0,0,0
ointment,0.0,0,0
biogeochemistry,0.0,0,0
cryptographist,0.0,0,0
overwrap,0.0,0,0
bakery,0.0,0,0
urbanite,0.0,0,0
circumstanced,0.0,0,0
conveyable,0.0,0,0
polymath,0.0,0,0
seedcake,0.0,0,0
fungi,0.0,0,0
pray,0.0,0,0
clipper,0.0,0,0
sidewise,0.0,0,0
wear,0.0,0,0
splay,0.0,0,0
drive,0.0,0,0
seedpod,0.0,0,0
slingshot,0.0,0,0
inaccurately,0.0,0,0
planned,0.0,0,0
parliament,0.0,0,0
string,0.0,0,0
unmistakably,0.0,0,0
homophony,0.0,0,0
congressionalist,0.0,0,0
projectable,0.0,0,0
bowls,0.0,0,0
weighable,0.0,0,0
plodder,0.0,0,0
eradiate,0.0,0,0
hereby,0.0,0,0
categorist,0.0,0,0
legitimate,0.0,0,0
interreligious,0.0,0,0
herbaceous,0.0,0,0
id,0.0,0,0
nucleoprotein,0.0,0,0
embankment,0.0,0,0
foremanship,0.0,0,0
transcultural,0.0,0,0
insulator,0.0,0,0
brontosaurus,0.0,0,0
lml,0.0,0,0
describer,0.0,0,0
donor,0.0,0,0
brad,0.0,0,0
theories,0.0,0,0
westernized,0.0,0,0
interjector,0.0,0,0
boathouse,0.0,0,0
roadrunner,0.0,0,0
odorless,0.0,0,0
straightedge,0.0,0,0
electrochemistry,0.0,0,0
ophthalmoscope,0.0,0,0
classify,0.0,0,0
exercise,0.0,0,0
phenomenon,0.0,0,0
hemostatic,0.0,0,0
stepchild,0.0,0,0
doughy,0.0,0,0
brother,0.0,0,0
superbowl,0.0,0,0
invertible,0.0,0,0
protoplasmic,0.0,0,0
baritone,0.0,0,0
preindustrial,0.0,0,0
series,0.0,0,0
dissipater,0.0,0,0
breastmilk,0.0,0,0
shears,0.0,0,0
habilitation,0.0,0,0
tidily,0.0,0,0
oddness,0.0,0,0
blubberer,0.0,0,0
claimless,0.0,0,0
perforce,0.0,0,0
kiln,0.0,0,0
demilitarized,0.0,0,0
ludicrously,0.0,0,0
adjuster,0.0,0,0
destination,0.0,0,0
surname,0.0,0,0
uncarpeted,0.0,0,0
tide,0.0,0,0
cashbox,0.0,0,0
wormless,0.0,0,0
trilobite,0.0,0,0
primordially,0.0,0,0
ophthalmologist,0.0,0,0
countertype,0.0,0,0
polychord,0.0,0,0
basher,0.0,0,0
mutational,0.0,0,0
copilot,0.0,0,0
humdinger,0.0,0,0
fjord,0.0,0,0
adipose,0.0,0,0
trapezium,0.0,0,0
transiency,0.0,0,0
dataset,0.0,0,0
codifier,0.0,0,0
blowpipe,0.0,0,0
commutation,0.0,0,0
untypically,0.0,0,0
saddlecloth,0.0,0,0
interjectionally,0.0,0,0
facecloth,0.0,0,0
mass,0.0,0,0
decode,0.0,0,0
bathymetry,0.0,0,0
three,0.0,0,0
corkage,0.0,0,0
council,0.0,0,0
fresco,0.0,0,0
degrease,0.0,0,0
countersink,0.0,0,0
isothermally,0.0,0,0
angle,0.0,0,0
bimonthly,0.0,0,0
graded,0.0,0,0
astern,0.0,0,0
chiefdom,0.0,0,0
fortnightly,0.0,0,0
junctional,0.0,0,0
regenerator,0.0,0,0
prequalification,0.0,0,0
deference,0.0,0,0
sprinkle,0.0,0,0
feedstock,0.0,0,0
ceramic,0.0,0,0
varsity,0.0,0,0
duh,0.0,0,0
midwinter,0.0,0,0
boycotter,0.0,0,0
borrower,0.0,0,0
telepathy,0.0,0,0
fallowness,0.0,0,0
analogically,0.0,0,0
situational,0.0,0,0
incomparable,0.0,0,0
sliced,0.0,0,0
mezzanine,0.0,0,0
hamlet,0.0,0,0
mantle,0.0,0,0
bilateral,0.0,0,0
assessable,0.0,0,0
estimator,0.0,0,0
caribou,0.0,0,0
toothpick,0.0,0,0
attributively,0.0,0,0
scion,0.0,0,0
technology,0.0,0,0
mishmash,0.0,0,0
quantitative,0.0,0,0
sameness,0.0,0,0
extraterritorially,0.0,0,0
render,0.0,0,0
testicular,0.0,0,0
escapement,0.0,0,0
documental,0.0,0,0
harmonistically,0.0,0,0
castanet,0.0,0,0
sulphate,0.0,0,0
deviation,0.0,0,0
padre,0.0,0,0
audiovisual,0.0,0,0
autography,0.0,0,0
uncrushable,0.0,0,0
raspberries,0.0,0,0
fattener,0.0,0,0
yoke,0.0,0,0
monochord,0.0,0,0
physicist,0.0,0,0
thursday,0.0,0,0
equally,0.0,0,0
endocrinology,0.0,0,0
decamp,0.0,0,0
ventricle,0.0,0,0
intake,0.0,0,0
lymphatic,0.0,0,0
sanitation,0.0,0,0
portrayer,0.0,0,0
exotically,0.0,0,0
placer,0.0,0,0
wieldable,0.0,0,0
wadding,0.0,0,0
semiconducting,0.0,0,0
consoler,0.0,0,0
embryologist,0.0,0,0
generated,0.0,0,0
cycle,0.0,0,0
behavioral,0.0,0,0
enabler,0.0,0,0
american,0.0,0,0
plainsman,0.0,0,0
liken,0.0,0,0
italicization,0.0,0,0
northerly,0.0,0,0
now,0.0,0,0
traverse,0.0,0,0
stereoscope,0.0,0,0
indiscernible,0.0,0,0
recipe,0.0,0,0
pottery,0.0,0,0
biometrically,0.0,0,0
roundedness,0.0,0,0
entendre,0.0,0,0
rum,0.0,0,0
hydrofoil,0.0,0,0
anthropomorphic,0.0,0,0
recordplayer,0.0,0,0
comparer,0.0,0,0
backcomb,0.0,0,0
idiosyncratically,0.0,0,0
alphabet,0.0,0,0
scant,0.0,0,1
homogeny,0.0,0,0
calf,0.0,0,0
subsonic,0.0,0,0
searchable,0.0,0,0
palmistry,0.0,0,0
reductively,0.0,0,0
danes,0.0,0,0
currency,0.0,0,0
subjectively,0.0,0,0
gigabyte,0.0,0,0
leprechaun,0.0,0,0
compete,0.0,0,0
orthography,0.0,0,0
chromatograph,0.0,0,0
trees,0.0,0,0
stamper,0.0,0,0
assemble,0.0,0,0
comprehensive,0.0,0,0
aperture,0.0,0,0
coliseum,0.0,0,0
poop,0.0,0,0
terrace,0.0,0,0
organized,0.0,0,0
centurial,0.0,0,0
analogy,0.0,0,0
numerologist,0.0,0,0
riparian,0.0,0,0
incarnate,0.0,0,0
requalification,0.0,0,0
salivary,0.0,0,0
interstitial,0.0,0,0
derivability,0.0,0,0
rollers,0.0,0,0
connective,0.0,0,0
whip,0.0,0,0
gecko,0.0,0,0
silver,0.0,0,0
restart,0.0,0,0
gaffer,0.0,0,0
pocket,0.0,0,0
vitals,0.0,0,0
refit,0.0,0,0
mammy,0.0,0,0
forequarter,0.0,0,0
noticeably,0.0,0,0
sheepshearer,0.0,0,0
grammarian,0.0,0,0
become,0.0,0,0
outplacement,0.0,0,0
sailcloth,0.0,0,0
lint,0.0,0,0
wheel,0.0,0,0
remittance,0.0,0,0
synchronize,0.0,0,0
faro,0.0,0,0
bookbinder,0.0,0,0
trilateral,0.0,0,0
gesturer,0.0,0,0
landowner,0.0,0,0
vermicelli,0.0,0,0
housepainter,0.0,0,0
folklore,0.0,0,0
parts,0.0,0,0
food,0.0,0,0
gelatinization,0.0,0,0
outlook,0.0,0,0
monocular,0.0,0,0
opossum,0.0,0,0
seltzer,0.0,0,0
camelback,0.0,0,0
bracket,0.0,0,0
jellyroll,0.0,0,0
nonfatal,0.0,0,0
tux,0.0,0,0
caterpillar,0.0,0,0
toolmaker,0.0,0,0
tresses,0.0,0,0
imparter,0.0,0,0
exponent,0.0,0,0
constitutively,0.0,0,0
navigator,0.0,0,0
upmost,0.0,0,0
improvisatory,0.0,0,0
ketchup,0.0,0,0
photofinisher,0.0,0,0
preponderancy,0.0,0,0
northwardly,0.0,0,0
showgirl,0.0,0,0
infusion,0.0,0,0
brigadier,0.0,0,0
shoelaces,0.0,0,0
beetroot,0.0,0,0
carbolic,0.0,0,0
roving,0.0,0,0
allot,0.0,0,0
copyright,0.0,0,0
orient,0.0,0,0
demographic,0.0,0,0
ketone,0.0,0,0
primates,0.0,0,0
freed,0.0,0,0
goulash,0.0,0,0
sphincter,0.0,0,0
caused,0.0,0,0
eligibly,0.0,0,0
conservatism,0.0,0,0
newspaperman,0.0,0,0
numeracy,0.0,0,0
chivalric,0.0,0,0
groin,0.0,0,0
watch,0.0,0,0
photoelectric,0.0,0,0
prosciutto,0.0,0,0
multicast,0.0,0,0
transformable,0.0,0,0
nonchemical,0.0,0,0
sharecropper,0.0,0,0
taxonomical,0.0,0,0
harnesser,0.0,0,0
fissile,0.0,0,0
oceanography,0.0,0,0
portrait,0.0,0,0
laborer,0.0,0,0
twixt,0.0,0,0
blobbed,0.0,0,0
merchandize,0.0,0,0
moonstone,0.0,0,0
itself,0.0,0,0
spacing,0.0,0,0
banker,0.0,0,0
piped,0.0,0,0
sodium,0.0,0,0
intermediation,0.0,0,0
microphage,0.0,0,0
dualistic,0.0,0,0
reinterpretation,0.0,0,0
departmentally,0.0,0,0
referrer,0.0,0,0
pronunciation,0.0,0,0
waveform,0.0,0,0
silkworm,0.0,0,0
massiveness,0.0,0,0
fluorite,0.0,0,0
apparently,0.0,0,0
success,0.0,0,0
orally,0.0,0,0
centigrade,0.0,0,0
mathematical,0.0,0,0
wastepaper,0.0,0,0
aftermost,0.0,0,0
congregational,0.0,0,0
filly,0.0,0,0
abridgment,0.0,0,0
patron,0.0,0,0
project,0.0,0,0
sitar,0.0,0,0
marjoram,0.0,0,0
mandarin,0.0,0,0
mitochondrial,0.0,0,0
dared,0.0,0,0
ovarian,0.0,0,0
mule,0.0,0,0
playgroup,0.0,0,0
hideout,0.0,0,0
sourcebook,0.0,0,0
catfish,0.0,0,0
uncle,0.0,0,0
auditorium,0.0,0,0
leafhopper,0.0,0,0
invalidly,0.0,0,0
hornbill,0.0,0,0
harmonically,0.0,0,0
mechanism,0.0,0,0
corpsman,0.0,0,0
fastness,0.0,0,0
imbed,0.0,0,0
desktop,0.0,0,0
vernacularly,0.0,0,0
cwt,0.0,0,0
noncontact,0.0,0,0
stretchiness,0.0,0,0
meter,0.0,0,0
subtraction,0.0,0,0
dependently,0.0,0,0
screen,0.0,0,0
rhubarb,0.0,0,0
detailed,0.0,0,0
retaining,0.0,0,0
ordination,0.0,0,0
orbit,0.0,0,0
omega,0.0,0,0
microcopy,0.0,0,0
chlorate,0.0,0,0
reporter,0.0,0,0
vocabulary,0.0,0,0
cytoplast,0.0,0,0
digitally,0.0,0,0
quadruplex,0.0,0,0
electronically,0.0,0,0
christianity,0.0,0,0
ultrafine,0.0,0,0
precognitive,0.0,0,0
fumeless,0.0,0,0
chock,0.0,0,0
decentralization,0.0,0,0
flotsam,0.0,0,0
rope,0.0,0,0
graphic,0.0,0,0
ovular,0.0,0,0
edibleness,0.0,0,0
labial,0.0,0,0
sojourn,0.0,0,0
cardstock,0.0,0,0
recombination,0.0,0,0
inkstand,0.0,0,0
autistic,0.0,0,0
locknut,0.0,0,0
lark,0.0,0,0
apropos,0.0,0,0
arthroscopy,0.0,0,0
ambidextrousness,0.0,0,0
forcer,0.0,0,0
host,0.0,0,0
airman,0.0,0,0
bisect,0.0,0,0
sawfish,0.0,0,0
dictation,0.0,0,0
constituently,0.0,0,0
parallel,0.0,0,0
uncompetitive,0.0,0,0
juryman,0.0,0,0
rightly,0.0,0,0
fashionmonger,0.0,0,0
soapstone,0.0,0,0
torque,0.0,0,0
peppercorn,0.0,0,0
knitted,0.0,0,0
archaically,0.0,0,0
recruits,0.0,0,0
electrolytic,0.0,0,0
detectable,0.0,0,0
talented,0.0,0,0
unfunny,0.0,0,1
telephotographic,0.0,0,0
samsonite,0.0,0,0
ergo,0.0,0,0
noteworthy,0.0,0,0
brushless,0.0,0,0
sorting,0.0,0,0
betty,0.0,0,0
nonexecutive,0.0,0,0
copybook,0.0,0,0
constructer,0.0,0,0
deciduous,0.0,0,0
nanotube,0.0,0,0
nonparent,0.0,0,0
dunderhead,0.0,0,0
microarray,0.0,0,0
spyglass,0.0,0,0
mogul,0.0,0,0
czech,0.0,0,0
appraisal,0.0,0,0
aware,0.0,0,1
predominance,0.0,0,0
oxidative,0.0,0,0
stockroom,0.0,0,0
viscously,0.0,0,0
realty,0.0,0,0
amuser,0.0,0,0
receivership,0.0,0,0
analyst,0.0,0,0
validity,0.0,0,0
areole,0.0,0,0
relate,0.0,0,0
reproducible,0.0,0,0
ted,0.0,0,0
heliotype,0.0,0,0
travelable,0.0,0,0
principal,0.0,0,0
boards,0.0,0,0
dualistically,0.0,0,0
minister,0.0,0,0
goofiness,0.0,0,0
homonym,0.0,0,0
mentality,0.0,0,0
postembryonic,0.0,0,0
photodecomposition,0.0,0,0
helium,0.0,0,0
literality,0.0,0,0
extrasolar,0.0,0,0
upholsterer,0.0,0,0
wayfarer,0.0,0,0
exerciser,0.0,0,0
intermesh,0.0,0,0
boca,0.0,0,0
zoo,0.0,0,0
swift,0.0,0,0
fiat,0.0,0,0
touchback,0.0,0,0
adjust,0.0,0,0
filthily,0.0,0,0
liner,0.0,0,0
guesstimate,0.0,0,0
aeronautical,0.0,0,0
beluga,0.0,0,0
describe,0.0,0,0
differentiator,0.0,0,0
parametrical,0.0,0,0
pursuant,0.0,0,0
crispness,0.0,0,0
hired,0.0,0,0
symbolization,0.0,0,0
poo,0.0,0,0
ruler,0.0,0,0
blobby,0.0,0,0
spanish,0.0,0,0
downspout,0.0,0,0
diverseness,0.0,0,0
climatologist,0.0,0,0
noggin,0.0,0,0
ossification,0.0,0,0
drafty,0.0,0,1
hubba,0.0,0,0
unclamp,0.0,0,0
honeypot,0.0,0,0
homebody,0.0,0,0
current,0.0,0,0
studies,0.0,0,0
seventeenth,0.0,0,0
expediential,0.0,0,0
thermosetting,0.0,0,0
neurotransmission,0.0,0,0
perpetually,0.0,0,0
hybridism,0.0,0,0
repairment,0.0,0,0
subcutaneously,0.0,0,0
mythological,0.0,0,0
rotator,0.0,0,0
tech,0.0,0,0
integrated,0.0,0,0
periodical,0.0,0,0
smarten,0.0,0,0
canadian,0.0,0,0
diffusive,0.0,0,0
erroneously,0.0,0,0
inexhaustibility,0.0,0,0
earnings,0.0,0,0
accountably,0.0,0,0
fold,0.0,0,0
icicled,0.0,0,0
callboy,0.0,0,0
rescrub,0.0,0,0
outdoorsman,0.0,0,0
ornithologist,0.0,0,0
above,0.0,0,0
memento,0.0,0,0
stereograph,0.0,0,0
whittler,0.0,0,0
yachtsmanship,0.0,0,0
slough,0.0,0,0
intravascular,0.0,0,0
powerboat,0.0,0,0
collate,0.0,0,0
dachshund,0.0,0,0
impoverish,0.0,0,0
resurrected,0.0,0,0
unfermented,0.0,0,0
add,0.0,0,0
assiduously,0.0,0,0
horseshoe,0.0,0,0
climatologically,0.0,0,0
logarithmic,0.0,0,0
gauze,0.0,0,0
emblematic,0.0,0,0
leasable,0.0,0,0
eyebath,0.0,0,0
wan,0.0,0,0
iloveher,0.0,0,0
solidifier,0.0,0,0
identical,0.0,0,0
shouldn,0.0,0,0
bisexually,0.0,0,0
striped,0.0,0,0
tabs,0.0,0,0
landless,0.0,0,0
hydrosphere,0.0,0,0
sockless,0.0,0,0
subdirectory,0.0,0,0
backbench,0.0,0,0
phonetic,0.0,0,0
club,0.0,0,0
trigonometry,0.0,0,0
warehoused,0.0,0,0
retread,0.0,0,0
octopod,0.0,0,0
brown,0.0,0,0
criminologist,0.0,0,0
renderer,0.0,0,0
ere,0.0,0,0
event,0.0,0,0
conflated,0.0,0,0
luminousness,0.0,0,0
preclusive,0.0,0,0
horizontally,0.0,0,0
administrable,0.0,0,0
flowerless,0.0,0,0
rarefied,0.0,0,0
scientific,0.0,0,0
issuer,0.0,0,0
figureless,0.0,0,0
granule,0.0,0,0
businessmen,0.0,0,0
peopled,0.0,0,0
simultaneousness,0.0,0,0
naturalistic,0.0,0,0
cowhand,0.0,0,0
tetracycline,0.0,0,0
whippy,0.0,0,1
chisel,0.0,0,0
summarizer,0.0,0,0
superimpose,0.0,0,0
superannuation,0.0,0,0
chieftainship,0.0,0,0
plowed,0.0,0,0
appellant,0.0,0,0
actualize,0.0,0,0
demonstrate,0.0,0,0
lute,0.0,0,0
transparence,0.0,0,0
inculpably,0.0,0,0
coriander,0.0,0,0
minivan,0.0,0,0
constructivist,0.0,0,0
cooler,0.0,0,0
painkiller,0.0,0,0
suffix,0.0,0,0
ecospecies,0.0,0,0
stoner,0.0,0,0
dopamine,0.0,0,0
northwestwardly,0.0,0,0
juggler,0.0,0,0
matchlessly,0.0,0,0
enlightenment,0.0,0,0
taxidermy,0.0,0,0
bisexual,0.0,0,0
bachelordom,0.0,0,0
thousand,0.0,0,0
oneday,0.0,0,0
gage,0.0,0,0
prevision,0.0,0,0
materiel,0.0,0,0
cuter,0.0,0,0
nonacademic,0.0,0,0
advantageously,0.0,0,0
perfunctorily,0.0,0,0
freepost,0.0,0,0
vat,0.0,0,0
supervisorial,0.0,0,0
douser,0.0,0,0
vacuum,0.0,0,0
middleweight,0.0,0,0
spadework,0.0,0,0
gelatinously,0.0,0,0
omniscience,0.0,0,0
diss,0.0,0,0
function,0.0,0,0
apartments,0.0,0,0
boatmanship,0.0,0,0
zone,0.0,0,0
activeness,0.0,0,0
formalistic,0.0,0,0
flattener,0.0,0,0
lampoonist,0.0,0,0
biodiversity,0.0,0,0
waterline,0.0,0,0
resolver,0.0,0,0
sugarloaf,0.0,0,0
dogtooth,0.0,0,0
integral,0.0,0,0
digit,0.0,0,0
indisputableness,0.0,0,0
rivet,0.0,0,0
epidemiology,0.0,0,0
backsight,0.0,0,0
inextinguishable,0.0,0,0
plotter,0.0,0,0
shipping,0.0,0,0
associatively,0.0,0,0
chromolithograph,0.0,0,0
chinchilla,0.0,0,0
mantel,0.0,0,0
fernlike,0.0,0,0
dockworker,0.0,0,0
fringeless,0.0,0,0
toward,0.0,0,0
interpretational,0.0,0,0
flowchart,0.0,0,0
floatability,0.0,0,0
rosily,0.0,0,0
coextensively,0.0,0,0
psychoanalytical,0.0,0,0
creationist,0.0,0,0
bioengineer,0.0,0,0
cossack,0.0,0,0
fletch,0.0,0,0
untruthfully,0.0,0,0
horse,0.0,0,0
graphite,0.0,0,0
leftism,0.0,0,0
west,0.0,0,0
anticorrosion,0.0,0,0
synopses,0.0,0,0
curatorship,0.0,0,0
farsightedness,0.0,0,0
utilitarian,0.0,0,0
emancipative,0.0,0,0
dentine,0.0,0,0
confit,0.0,0,0
chlorine,0.0,0,0
biracialism,0.0,0,0
anatomize,0.0,0,0
eave,0.0,0,0
poetry,0.0,0,0
impart,0.0,0,0
illustrator,0.0,0,0
demonstrating,0.0,0,0
yellows,0.0,0,0
sassy,0.0,0,0
cemented,0.0,0,0
alliterative,0.0,0,0
blurb,0.0,0,0
royalist,0.0,0,0
province,0.0,0,0
clever,0.0,0,0
biz,0.0,0,0
propellant,0.0,0,0
whether,0.0,0,0
cyclic,0.0,0,0
moveably,0.0,0,0
conifer,0.0,0,0
hogwash,0.0,0,0
coauthor,0.0,0,0
secondary,0.0,0,0
stenographer,0.0,0,0
frothiness,0.0,0,0
fallibility,0.0,0,0
histologist,0.0,0,0
morphology,0.0,0,0
spectrographic,0.0,0,0
rehash,0.0,0,0
accepter,0.0,0,0
bibliographically,0.0,0,0
papermaker,0.0,0,0
withholder,0.0,0,0
isotope,0.0,0,0
drone,0.0,0,0
magnetometer,0.0,0,0
metacarpal,0.0,0,0
mediate,0.0,0,0
processor,0.0,0,0
woodworker,0.0,0,0
label,0.0,0,0
indistinguishable,0.0,0,0
glossary,0.0,0,0
syracuse,0.0,0,0
confirmative,0.0,0,0
beefeater,0.0,0,0
therapist,0.0,0,0
skittle,0.0,0,0
nonequivalent,0.0,0,0
assembler,0.0,0,0
unpatrolled,0.0,0,0
biogenetically,0.0,0,0
vibraphone,0.0,0,0
fusibility,0.0,0,0
locomotive,0.0,0,0
hieroglyph,0.0,0,0
expressionistic,0.0,0,0
safelight,0.0,0,0
candidateship,0.0,0,0
accountant,0.0,0,0
tetragon,0.0,0,0
immaterialist,0.0,0,0
microbiology,0.0,0,0
demographical,0.0,0,0
mockingbird,0.0,0,0
necessitation,0.0,0,0
carburetor,0.0,0,0
unitarily,0.0,0,0
pagan,0.0,0,0
type,0.0,0,0
poly,0.0,0,0
resistively,0.0,0,0
manuscript,0.0,0,0
attitudinal,0.0,0,0
granulate,0.0,0,0
tallboy,0.0,0,0
payload,0.0,0,0
scifi,0.0,0,0
elemental,0.0,0,0
years,0.0,0,0
reiterated,0.0,0,0
congress,0.0,0,0
improviser,0.0,0,0
deliberateness,0.0,0,0
dragoon,0.0,0,0
checkbox,0.0,0,0
demythologize,0.0,0,0
consolidate,0.0,0,0
uncouthness,0.0,0,0
grange,0.0,0,0
intersexuality,0.0,0,0
effaceable,0.0,0,0
galaxy,0.0,0,0
booklore,0.0,0,0
oratorical,0.0,0,0
redder,0.0,0,0
mural,0.0,0,0
daughter,0.0,0,0
billfold,0.0,0,0
gradualness,0.0,0,0
consultancy,0.0,0,0
sonorously,0.0,0,0
unlaced,0.0,0,0
spectroscopic,0.0,0,0
thankgod,0.0,0,0
microbalance,0.0,0,0
rebrand,0.0,0,0
photoengraver,0.0,0,0
automaker,0.0,0,0
underscore,0.0,0,0
epoch,0.0,0,0
acrobatically,0.0,0,0
cumulate,0.0,0,0
quarterdeck,0.0,0,0
retexture,0.0,0,0
colorfast,0.0,0,0
incisive,0.0,0,0
reemphasize,0.0,0,0
halfpenny,0.0,0,0
plenum,0.0,0,0
anamorphous,0.0,0,0
zoologist,0.0,0,0
realm,0.0,0,0
steak,0.0,0,0
factory,0.0,0,0
prismatic,0.0,0,0
chaliced,0.0,0,0
pinch,0.0,0,0
barrister,0.0,0,0
unfroze,0.0,0,0
sic,0.0,0,0
worksheet,0.0,0,0
isotopic,0.0,0,0
nosepiece,0.0,0,0
ply,0.0,0,0
writ,0.0,0,0
adjudicate,0.0,0,0
literature,0.0,0,0
trader,0.0,0,0
literacy,0.0,0,0
account,0.0,0,0
photometer,0.0,0,0
examined,0.0,0,0
augmentable,0.0,0,0
tallish,0.0,0,0
compositely,0.0,0,0
criterion,0.0,0,0
incisively,0.0,0,0
impervious,0.0,0,0
freeman,0.0,0,0
overtop,0.0,0,0
erecter,0.0,0,0
wallaby,0.0,0,0
access,0.0,0,0
chromatography,0.0,0,0
citrus,0.0,0,0
vaginal,0.0,0,0
rudimentarily,0.0,0,0
hydrogel,0.0,0,0
exterritorial,0.0,0,0
greenbelt,0.0,0,0
seminarian,0.0,0,0
bookbinding,0.0,0,0
plankton,0.0,0,0
aircraftsman,0.0,0,0
plumber,0.0,0,0
foregoer,0.0,0,0
innately,0.0,0,0
southside,0.0,0,0
triad,0.0,0,0
prophetess,0.0,0,0
ore,0.0,0,0
signature,0.0,0,0
cravat,0.0,0,0
trivial,0.0,0,0
reacquire,0.0,0,0
intradepartmental,0.0,0,0
evaporator,0.0,0,0
foliate,0.0,0,0
processing,0.0,0,0
trouser,0.0,0,0
wight,0.0,0,0
amphibiousness,0.0,0,0
modem,0.0,0,0
deductively,0.0,0,0
awake,0.0,0,1
pork,0.0,0,0
resources,0.0,0,0
unrecorded,0.0,0,0
ninety,0.0,0,0
signification,0.0,0,0
lamination,0.0,0,0
potpourri,0.0,0,0
wireworker,0.0,0,0
aegis,0.0,0,0
mongrel,0.0,0,0
kitchenware,0.0,0,0
decommission,0.0,0,0
superfluid,0.0,0,0
deviled,0.0,0,0
femininely,0.0,0,0
sculpture,0.0,0,0
eclair,0.0,0,0
timetable,0.0,0,0
sponger,0.0,0,0
onstage,0.0,0,0
tracheal,0.0,0,0
dealership,0.0,0,0
biannually,0.0,0,0
farthing,0.0,0,0
encrust,0.0,0,0
publication,0.0,0,0
arithmetical,0.0,0,0
kiddo,0.0,0,0
obligatory,0.0,0,0
inset,0.0,0,0
functionalize,0.0,0,0
perpendicular,0.0,0,0
hurly,0.0,0,1
tiptoe,0.0,0,0
unendorsed,0.0,0,0
hatbox,0.0,0,0
diluteness,0.0,0,0
wheelie,0.0,0,0
acceptableness,0.0,0,0
logistics,0.0,0,0
formulator,0.0,0,0
foundationalism,0.0,0,0
radial,0.0,0,0
network,0.0,0,0
unshared,0.0,0,0
interchanged,0.0,0,0
stereoscopy,0.0,0,0
beefsteak,0.0,0,0
etc,0.0,0,0
commentate,0.0,0,0
scepter,0.0,0,0
biochip,0.0,0,0
scholarship,0.0,0,0
postglacial,0.0,0,0
addressbook,0.0,0,0
astrophysical,0.0,0,0
solar,0.0,0,0
rhomboid,0.0,0,0
deckhouse,0.0,0,0
representative,0.0,0,0
housecleaner,0.0,0,0
clavicle,0.0,0,0
neutrality,0.0,0,0
intangibility,0.0,0,0
optimization,0.0,0,0
allowance,0.0,0,0
preponderant,0.0,0,0
infallibility,0.0,0,0
marimba,0.0,0,0
semipermeable,0.0,0,0
rapidly,0.0,0,0
furless,0.0,0,0
stenograph,0.0,0,0
doughnut,0.0,0,0
clearway,0.0,0,0
parties,0.0,0,0
mags,0.0,0,0
caramelize,0.0,0,0
equivalent,0.0,0,0
hypophosphate,0.0,0,0
persona,0.0,0,0
erst,0.0,0,0
subassembly,0.0,0,0
speech,0.0,0,0
alike,0.0,0,0
funder,0.0,0,0
demarcation,0.0,0,0
intercontinental,0.0,0,0
idiographic,0.0,0,0
webcrawler,0.0,0,0
recode,0.0,0,0
undetected,0.0,0,0
veal,0.0,0,0
overview,0.0,0,0
butlery,0.0,0,0
imputative,0.0,0,0
retro,0.0,0,0
satirize,0.0,0,0
opinionate,0.0,0,0
endoplasm,0.0,0,0
delineable,0.0,0,0
disestablish,0.0,0,0
tenets,0.0,0,0
biannual,0.0,0,0
jambalaya,0.0,0,0
imperishability,0.0,0,0
unarm,0.0,0,0
gem,0.0,0,0
margin,0.0,0,0
engraving,0.0,0,0
frequenter,0.0,0,0
figuration,0.0,0,0
unknown,0.0,0,0
reactant,0.0,0,0
came,0.0,0,0
orbitofrontal,0.0,0,0
bye,0.0,0,0
reenactment,0.0,0,0
seventeen,0.0,0,0
equilaterally,0.0,0,0
chaser,0.0,0,0
autorotation,0.0,0,0
haphazardly,0.0,0,0
decimalization,0.0,0,0
derivative,0.0,0,0
amalgamate,0.0,0,0
exchange,0.0,0,0
raising,0.0,0,0
entomology,0.0,0,0
northeastward,0.0,0,0
kilos,0.0,0,0
was,0.0,0,0
hasn,0.0,0,0
haddock,0.0,0,0
stood,0.0,0,0
societal,0.0,0,0
wharf,0.0,0,0
nigh,0.0,0,0
childminder,0.0,0,0
dossier,0.0,0,0
rounder,0.0,0,0
autobiographic,0.0,0,0
disembroil,0.0,0,0
uncivilly,0.0,0,0
prattler,0.0,0,0
nephrology,0.0,0,0
bastarding,0.0,0,0
anonymity,0.0,0,0
motorbike,0.0,0,-1
verbal,0.0,0,0
accidently,0.0,0,0
equivocal,0.0,0,0
billy,0.0,0,0
bacteriologist,0.0,0,0
workwoman,0.0,0,0
biologically,0.0,0,0
binocular,0.0,0,0
brb,0.0,0,0
threshold,0.0,0,0
jersey,0.0,0,0
ethical,0.0,0,0
peabody,0.0,0,0
existentialism,0.0,0,0
bibliophile,0.0,0,0
stereotypical,0.0,0,0
permissively,0.0,0,0
conservatoire,0.0,0,0
astral,0.0,0,0
adaptively,0.0,0,0
selfishness,0.0,0,0
pepperbox,0.0,0,0
otherwise,0.0,0,0
lane,0.0,0,0
indecipherable,0.0,0,0
aerologist,0.0,0,0
relock,0.0,0,0
tonsil,0.0,0,0
equate,0.0,0,0
vertices,0.0,0,0
geological,0.0,0,0
musician,0.0,0,0
cleavable,0.0,0,0
unfiltered,0.0,0,0
smarty,0.0,0,0
fertileness,0.0,0,0
miscellaneous,0.0,0,0
liquefied,0.0,0,0
underuse,0.0,0,0
experience,0.0,0,0
substituted,0.0,0,0
predestine,0.0,0,0
enactor,0.0,0,0
explored,0.0,0,0
cognitional,0.0,0,0
vibe,0.0,0,0
meatloaf,0.0,0,0
thumbhole,0.0,0,0
tycoon,0.0,0,0
ethnic,0.0,0,0
slat,0.0,0,0
stockpile,0.0,0,0
timer,0.0,0,0
playability,0.0,0,0
claymore,0.0,0,0
deskjet,0.0,0,0
causeway,0.0,0,0
perceptual,0.0,0,0
lovebirds,0.0,0,0
went,0.0,0,0
predicative,0.0,0,0
docudrama,0.0,0,0
intermediator,0.0,0,0
boltlike,0.0,0,0
baptist,0.0,0,0
braille,0.0,0,0
innermost,0.0,0,0
exegesis,0.0,0,0
inch,0.0,0,0
crosscut,0.0,0,0
eskimo,0.0,0,0
jewel,0.0,0,0
nubile,0.0,0,0
oxygenator,0.0,0,0
unsigned,0.0,0,0
psychology,0.0,0,0
choir,0.0,0,0
allegiance,0.0,0,0
modulus,0.0,0,0
chainmail,0.0,0,0
counterexample,0.0,0,0
pamphleteer,0.0,0,0
indexer,0.0,0,0
link,0.0,0,0
know,0.0,0,0
indirectly,0.0,0,0
unquoted,0.0,0,0
excellency,0.0,0,0
buttonhole,0.0,0,0
increment,0.0,0,0
taper,0.0,0,0
extant,0.0,0,0
tastebud,0.0,0,0
occasional,0.0,0,0
glued,0.0,0,0
pharaoh,0.0,0,0
underpants,0.0,0,0
coccyx,0.0,0,0
recordable,0.0,0,0
legitimization,0.0,0,0
licensure,0.0,0,0
finlike,0.0,0,0
barrelhead,0.0,0,0
precedential,0.0,0,0
stovepipe,0.0,0,0
bal,0.0,0,0
revised,0.0,0,0
unrepeated,0.0,0,0
cipher,0.0,0,0
storage,0.0,0,0
swiss,0.0,0,0
backstop,0.0,0,0
degradable,0.0,0,0
staple,0.0,0,0
sidekick,0.0,0,0
logarithmically,0.0,0,0
about,0.0,0,0
dealer,0.0,0,0
issuance,0.0,0,0
avid,0.0,0,0
specialty,0.0,0,0
wattle,0.0,0,0
plait,0.0,0,0
telephoto,0.0,0,0
fangless,0.0,0,0
corpuscular,0.0,0,0
euro,0.0,0,0
indiscriminately,0.0,0,0
antiquary,0.0,0,0
developable,0.0,0,0
squamous,0.0,0,0
contortionist,0.0,0,0
spendable,0.0,0,0
definably,0.0,0,0
diffusion,0.0,0,0
handwrite,0.0,0,0
puffin,0.0,0,0
epistle,0.0,0,0
revisable,0.0,0,0
matriculate,0.0,0,0
basketwork,0.0,0,0
tine,0.0,0,0
sarong,0.0,0,0
sagebrush,0.0,0,0
womankind,0.0,0,0
intuitional,0.0,0,0
dialectal,0.0,0,0
cymbalist,0.0,0,0
framework,0.0,0,0
faun,0.0,0,0
deductive,0.0,0,0
pigheadedly,0.0,0,0
sermon,0.0,0,0
witness,0.0,0,0
jauntily,0.0,0,0
circumscriptive,0.0,0,0
phosphoresce,0.0,0,0
billion,0.0,0,0
nothingness,0.0,0,0
tool,0.0,0,0
admitter,0.0,0,0
clipsheet,0.0,0,0
ranchero,0.0,0,0
ascertained,0.0,0,0
jawless,0.0,0,0
barebone,0.0,0,0
espouse,0.0,0,0
manganese,0.0,0,0
reciprocal,0.0,0,0
whatever,0.0,0,0
writer,0.0,0,0
interconnect,0.0,0,0
adage,0.0,0,0
tachometry,0.0,0,0
ornament,0.0,0,0
extraterritorial,0.0,0,0
mortifier,0.0,0,0
chronometric,0.0,0,0
intelligibly,0.0,0,0
granite,0.0,0,0
monogenesis,0.0,0,0
westernization,0.0,0,0
open,0.0,0,0
lowlands,0.0,0,0
dispersion,0.0,0,0
aphorism,0.0,0,0
macrobiotic,0.0,0,0
diffuseness,0.0,0,0
prig,0.0,0,0
fallibly,0.0,0,0
unstaffed,0.0,0,0
cartridge,0.0,0,0
bunkbed,0.0,0,0
radiometer,0.0,0,0
capitation,0.0,0,0
scrollwork,0.0,0,0
machine,0.0,0,0
recommender,0.0,0,0
recompress,0.0,0,0
plasm,0.0,0,0
unbutton,0.0,0,0
marquis,0.0,0,0
authenticity,0.0,0,0
livability,0.0,0,0
temp,0.0,0,0
hyperbola,0.0,0,0
nonsectarian,0.0,0,0
platypus,0.0,0,0
doc,0.0,0,0
ray,0.0,0,0
homebuilding,0.0,0,0
deline,0.0,0,0
inductor,0.0,0,0
polycentric,0.0,0,0
bide,0.0,0,0
client,0.0,0,0
ovum,0.0,0,0
booger,0.0,0,0
chinstrap,0.0,0,0
curbside,0.0,0,0
meerkat,0.0,0,0
digitizer,0.0,0,0
slatted,0.0,0,0
selectable,0.0,0,0
dormer,0.0,0,0
dictionary,0.0,0,0
keystone,0.0,0,0
bibliographer,0.0,0,0
porosity,0.0,0,0
tutor,0.0,0,0
ana,0.0,0,0
volumetrically,0.0,0,0
thesaurus,0.0,0,0
forte,0.0,0,0
orthodox,0.0,0,0
baldy,0.0,0,0
uterus,0.0,0,0
codename,0.0,0,0
puck,0.0,0,0
realtor,0.0,0,0
polytechnic,0.0,0,0
fadedness,0.0,0,0
tabulation,0.0,0,0
interlink,0.0,0,0
unreferenced,0.0,0,0
centrifugation,0.0,0,0
john,0.0,0,0
nakedly,0.0,0,0
suffragist,0.0,0,0
photographically,0.0,0,0
terminologically,0.0,0,0
ordainment,0.0,0,0
shaven,0.0,0,0
seem,0.0,0,0
telegraphy,0.0,0,0
signify,0.0,0,0
nicest,0.0,0,1
orbital,0.0,0,0
couldn,0.0,0,0
milkweed,0.0,0,0
eyeliner,0.0,0,0
telecom,0.0,0,0
altimeter,0.0,0,0
sobriety,0.0,0,0
elementally,0.0,0,0
reclassification,0.0,0,0
monophasic,0.0,0,0
soulmate,0.0,0,0
diocesan,0.0,0,0
bipolarity,0.0,0,0
imagery,0.0,0,0
formalize,0.0,0,0
numerate,0.0,0,0
decibel,0.0,0,0
fund,0.0,0,0
fast,0.0,0,0
cosmonaut,0.0,0,0
directivity,0.0,0,0
demagnetization,0.0,0,0
obstetric,0.0,0,0
afield,0.0,0,0
solute,0.0,0,0
libation,0.0,0,0
electorship,0.0,0,0
paperhanger,0.0,0,0
arbitrative,0.0,0,0
windpipe,0.0,0,0
hometown,0.0,0,0
transpiration,0.0,0,0
barman,0.0,0,0
eminence,0.0,0,0
unstained,0.0,0,0
actress,0.0,0,0
metatarsal,0.0,0,0
woodcarver,0.0,0,0
nonsubscriber,0.0,0,0
boned,0.0,0,0
patriotically,0.0,0,0
retroactively,0.0,0,0
bioluminescent,0.0,0,0
parallelization,0.0,0,0
bringer,0.0,0,0
blotting,0.0,0,0
either,0.0,0,0
merchandisable,0.0,0,0
exercisable,0.0,0,0
untoasted,0.0,0,0
progesterone,0.0,0,0
exemplar,0.0,0,0
fireplug,0.0,0,0
recommitment,0.0,0,0
outrank,0.0,0,0
antipersonnel,0.0,0,0
forum,0.0,0,0
gastronomic,0.0,0,0
concentrically,0.0,0,0
scholarliness,0.0,0,0
undergo,0.0,0,0
unlived,0.0,0,0
hydrometric,0.0,0,0
hedger,0.0,0,0
dustbin,0.0,0,0
windup,0.0,0,0
changed,0.0,0,0
airmail,0.0,0,0
signage,0.0,0,0
starter,0.0,0,0
flagless,0.0,0,0
unaided,0.0,0,0
flavorful,0.0,0,0
nineteen,0.0,0,0
composite,0.0,0,0
nonimmigrant,0.0,0,0
eulogizer,0.0,0,0
creational,0.0,0,0
rectification,0.0,0,0
cryptograph,0.0,0,0
unidentifiably,0.0,0,0
mackintosh,0.0,0,0
viewer,0.0,0,0
cornhusker,0.0,0,0
corporally,0.0,0,0
nutlike,0.0,0,0
cardinalship,0.0,0,0
syndicator,0.0,0,0
counterevidence,0.0,0,0
moo,0.0,0,0
intermolecular,0.0,0,0
unbreakable,0.0,0,0
symbolical,0.0,0,0
uppermost,0.0,0,0
aspects,0.0,0,0
unwedded,0.0,0,0
psycholinguistic,0.0,0,0
salesmen,0.0,0,0
inbox,0.0,0,0
shovel,0.0,0,0
freestanding,0.0,0,0
pulley,0.0,0,0
logarithm,0.0,0,0
hymnist,0.0,0,0
cheesecloth,0.0,0,0
description,0.0,0,0
semiconductor,0.0,0,0
saucer,0.0,0,0
reorganizer,0.0,0,0
alliterate,0.0,0,0
authorless,0.0,0,0
industrialist,0.0,0,0
extinguishable,0.0,0,0
legionary,0.0,0,0
stank,0.0,0,0
science,0.0,0,0
nonstudent,0.0,0,0
nebula,0.0,0,0
cincher,0.0,0,0
upside,0.0,0,0
structurally,0.0,0,0
transferring,0.0,0,0
annunciate,0.0,0,0
elucidator,0.0,0,0
precisely,0.0,0,0
zorro,0.0,0,0
empathize,0.0,0,0
twinset,0.0,0,0
phase,0.0,0,0
postposition,0.0,0,0
ranch,0.0,0,0
reducibility,0.0,0,0
refigure,0.0,0,0
centigram,0.0,0,0
auction,0.0,0,0
arcane,0.0,0,0
microcrystalline,0.0,0,0
yearling,0.0,0,0
glitz,0.0,0,-1
glossy,0.0,0,0
cadency,0.0,0,0
extemporaneously,0.0,0,0
brochure,0.0,0,0
verdantly,0.0,0,0
coconut,0.0,0,0
cogent,0.0,0,0
acquisitions,0.0,0,1
whichever,0.0,0,0
windscreen,0.0,0,0
zoographical,0.0,0,0
counterview,0.0,0,0
historiography,0.0,0,0
neurology,0.0,0,0
kinesthesia,0.0,0,0
dimensional,0.0,0,0
epsilon,0.0,0,0
tanker,0.0,0,0
privileged,0.0,0,1
personifier,0.0,0,0
ovulation,0.0,0,0
chattel,0.0,0,0
vasculature,0.0,0,0
terminologist,0.0,0,0
deferrable,0.0,0,0
barter,0.0,0,0
reimburse,0.0,0,0
side,0.0,0,0
tape,0.0,0,0
emcee,0.0,0,0
stratification,0.0,0,0
autosuggestion,0.0,0,0
piedmont,0.0,0,0
etcetera,0.0,0,0
venerate,0.0,0,0
statutorily,0.0,0,0
forename,0.0,0,0
videotape,0.0,0,0
ferryboat,0.0,0,0
capsulated,0.0,0,0
led,0.0,0,0
multistoried,0.0,0,0
fictionalize,0.0,0,0
isotonic,0.0,0,0
moorland,0.0,0,0
harness,0.0,0,0
immoderately,0.0,0,0
immaterially,0.0,0,0
stocky,0.0,0,0
functional,0.0,0,0
embossed,0.0,0,0
career,0.0,0,0
nonconformist,0.0,0,0
generalized,0.0,0,0
relativistic,0.0,0,0
methodology,0.0,0,0
grosser,0.0,0,0
declinable,0.0,0,0
liege,0.0,0,0
biosensor,0.0,0,0
republish,0.0,0,0
subspecies,0.0,0,0
nutshell,0.0,0,0
rotisserie,0.0,0,0
extrinsically,0.0,0,0
dialectally,0.0,0,0
time,0.0,0,0
haberdashery,0.0,0,0
aka,0.0,0,0
hyperspace,0.0,0,0
similarly,0.0,0,0
dextrose,0.0,0,0
villager,0.0,0,0
polygenesis,0.0,0,0
tertiary,0.0,0,0
astrophysicist,0.0,0,0
verboseness,0.0,0,0
pygmy,0.0,0,0
proprietorship,0.0,0,0
audio,0.0,0,0
neolithic,0.0,0,0
crystallized,0.0,0,0
schilling,0.0,0,0
kaput,0.0,0,0
sacrum,0.0,0,0
neuropsychological,0.0,0,0
carbohydrate,0.0,0,0
deal,0.0,0,0
amoeba,0.0,0,0
tricolor,0.0,0,0
advertised,0.0,0,0
disposed,0.0,0,0
stave,0.0,0,0
leek,0.0,0,0
scholarly,0.0,0,0
microbar,0.0,0,0
superoxide,0.0,0,0
suction,0.0,0,0
photolithograph,0.0,0,0
specimen,0.0,0,0
lexicologist,0.0,0,0
estuary,0.0,0,0
undusted,0.0,0,0
flotilla,0.0,0,0
nil,0.0,0,0
stoneworker,0.0,0,0
cosmopolitan,0.0,0,0
milkshake,0.0,0,0
multitude,0.0,0,0
paperback,0.0,0,0
zucchini,0.0,0,0
pivot,0.0,0,0
oracle,0.0,0,0
teaspoonful,0.0,0,0
knickknack,0.0,0,0
viewership,0.0,0,0
glaciation,0.0,0,0
formalist,0.0,0,0
underpass,0.0,0,0
judiciously,0.0,0,0
polymeric,0.0,0,0
persuadable,0.0,0,0
briefness,0.0,0,0
malapropism,0.0,0,0
total,0.0,0,0
hotlist,0.0,0,0
acupressure,0.0,0,0
bilateralism,0.0,0,0
equivocally,0.0,0,0
gallbladder,0.0,0,0
physiology,0.0,0,0
callowness,0.0,0,0
mandatorily,0.0,0,0
coverslip,0.0,0,0
proposal,0.0,0,0
allegeable,0.0,0,0
randomly,0.0,0,0
binocularly,0.0,0,0
bibliomania,0.0,0,0
slotting,0.0,0,0
intangible,0.0,0,0
plethora,0.0,0,0
possessor,0.0,0,0
cow,0.0,0,0
ska,0.0,0,0
stylus,0.0,0,0
infallible,0.0,0,0
conquistador,0.0,0,0
neutralism,0.0,0,0
autonomic,0.0,0,0
unimpeachably,0.0,0,0
accede,0.0,0,0
shipbuilder,0.0,0,0
manga,0.0,0,0
lobbyism,0.0,0,0
unobserved,0.0,0,0
alamo,0.0,0,0
fibrosis,0.0,0,0
again,0.0,0,0
anthropomorphically,0.0,0,0
cabinet,0.0,0,0
dilatable,0.0,0,0
ambit,0.0,0,0
tobacconist,0.0,0,0
conscript,0.0,0,0
hummingbird,0.0,0,0
feet,0.0,0,0
recognizably,0.0,0,0
shortchange,0.0,0,0
clapboard,0.0,0,0
aide,0.0,0,0
citizenry,0.0,0,0
yesterday,0.0,0,0
polygamic,0.0,0,0
conga,0.0,0,0
postbox,0.0,0,0
equivocate,0.0,0,0
linker,0.0,0,0
phylogenic,0.0,0,0
bowlful,0.0,0,0
replicant,0.0,0,0
coexistent,0.0,0,0
voluminous,0.0,0,0
pantyhose,0.0,0,0
quorum,0.0,0,0
chum,0.0,0,0
squib,0.0,0,0
currently,0.0,0,0
glazer,0.0,0,0
ideologically,0.0,0,0
exuberate,0.0,0,0
interpret,0.0,0,0
wheelsman,0.0,0,0
biofilm,0.0,0,0
crossway,0.0,0,0
stories,0.0,0,0
vector,0.0,0,0
monosodium,0.0,0,0
geiger,0.0,0,0
ovenware,0.0,0,0
introspect,0.0,0,0
transom,0.0,0,0
druidic,0.0,0,0
unbarred,0.0,0,0
methodological,0.0,0,0
grapes,0.0,0,0
democracy,0.0,0,0
exhibitory,0.0,0,0
mocha,0.0,0,0
reburial,0.0,0,0
doe,0.0,0,0
conduct,0.0,0,0
immunologist,0.0,0,0
vulcanic,0.0,0,0
papaya,0.0,0,0
judicial,0.0,0,0
reticulate,0.0,0,0
footstone,0.0,0,0
subchapter,0.0,0,0
mahjong,0.0,0,0
ended,0.0,0,0
preliterate,0.0,0,0
upwardly,0.0,0,0
disarticulate,0.0,0,0
rug,0.0,0,0
practicability,0.0,0,0
iodine,0.0,0,0
plaque,0.0,0,0
gastronomically,0.0,0,0
compacter,0.0,0,0
homologue,0.0,0,0
principally,0.0,0,0
serially,0.0,0,0
wheatgrass,0.0,0,0
milieu,0.0,0,0
imperceptivity,0.0,0,0
procreate,0.0,0,0
centralistic,0.0,0,0
modeler,0.0,0,0
powder,0.0,0,0
tribeswoman,0.0,0,0
retrospection,0.0,0,0
photosynthetic,0.0,0,0
catalogue,0.0,0,0
ethically,0.0,0,0
stool,0.0,0,0
colorization,0.0,0,0
crunchiness,0.0,0,0
under,0.0,0,0
preprogram,0.0,0,0
paleographical,0.0,0,0
centimeter,0.0,0,0
nonparty,0.0,0,0
vicar,0.0,0,0
service,0.0,0,0
coatroom,0.0,0,0
cumulativeness,0.0,0,0
christ,0.0,0,0
manage,0.0,0,0
mortem,0.0,0,0
metaphysic,0.0,0,0
thermo,0.0,0,0
pay,0.0,0,0
phonology,0.0,0,0
word,0.0,0,0
unplugging,0.0,0,0
clownishly,0.0,0,0
doorframe,0.0,0,0
lung,0.0,0,0
wis,0.0,0,0
all,0.0,0,0
arrear,0.0,0,0
gov,0.0,0,0
residence,0.0,0,0
definitional,0.0,0,0
pasties,0.0,0,0
observability,0.0,0,0
nevermind,0.0,0,0
assimilator,0.0,0,0
grocer,0.0,0,0
tillage,0.0,0,0
kookaburra,0.0,0,0
homogenize,0.0,0,0
echoer,0.0,0,0
unconfined,0.0,0,0
ninetyfold,0.0,0,0
squeegee,0.0,0,0
disc,0.0,0,0
vertebra,0.0,0,0
boss,0.0,0,0
published,0.0,0,0
demobilize,0.0,0,0
aerially,0.0,0,0
perfusion,0.0,0,0
exemptible,0.0,0,0
hearable,0.0,0,0
giblet,0.0,0,0
bisymmetry,0.0,0,0
centricity,0.0,0,0
expunger,0.0,0,0
breadless,0.0,0,0
everyplace,0.0,0,0
greaseproof,0.0,0,0
footgear,0.0,0,0
appendage,0.0,0,0
moccasin,0.0,0,0
carafe,0.0,0,0
lycra,0.0,0,0
novelization,0.0,0,0
irreducibly,0.0,0,0
homeward,0.0,0,0
hydrologic,0.0,0,0
metadata,0.0,0,0
quartile,0.0,0,0
pillowcase,0.0,0,0
instrumentally,0.0,0,0
capitulatory,0.0,0,0
boldness,0.0,0,0
nontrade,0.0,0,0
limiter,0.0,0,0
rooster,0.0,0,0
beelike,0.0,0,0
cherubim,0.0,0,0
backhoe,0.0,0,0
lumpy,0.0,0,0
flagstone,0.0,0,0
meteorology,0.0,0,0
stools,0.0,0,0
nanometer,0.0,0,0
curtsy,0.0,0,0
progressivity,0.0,0,0
margarine,0.0,0,0
interdivision,0.0,0,0
tallow,0.0,0,0
octopi,0.0,0,0
multimodality,0.0,0,0
tallies,0.0,0,0
gigahertz,0.0,0,0
enfranchise,0.0,0,0
hybridization,0.0,0,0
mayonnaise,0.0,0,0
pouch,0.0,0,0
plain,0.0,0,0
fluoridate,0.0,0,0
consign,0.0,0,0
footplate,0.0,0,0
camphor,0.0,0,0
isotone,0.0,0,0
conceptually,0.0,0,0
bassoon,0.0,0,0
trillion,0.0,0,0
figuratively,0.0,0,0
comprehend,0.0,0,0
anomalously,0.0,0,0
plexiglas,0.0,0,0
endoplasmic,0.0,0,0
implementer,0.0,0,0
preproduction,0.0,0,0
simulcast,0.0,0,0
homemaker,0.0,0,0
policyholder,0.0,0,0
symbiosis,0.0,0,0
tetragonal,0.0,0,0
inclination,0.0,0,0
vocalism,0.0,0,0
reactivate,0.0,0,0
analogist,0.0,0,0
elector,0.0,0,0
lettering,0.0,0,0
grape,0.0,0,0
colloquia,0.0,0,0
carwash,0.0,0,0
grammatical,0.0,0,0
porously,0.0,0,0
acquisition,0.0,0,0
naam,0.0,0,0
plasticity,0.0,0,0
platform,0.0,0,0
others,0.0,0,0
beet,0.0,0,0
keynoter,0.0,0,0
interrelationship,0.0,0,0
palmetto,0.0,0,0
exception,0.0,0,0
vesicular,0.0,0,0
chronicle,0.0,0,0
got,0.0,0,0
industry,0.0,0,0
japanese,0.0,0,0
territories,0.0,0,0
digitalize,0.0,0,0
washbowl,0.0,0,0
reputably,0.0,0,0
syntheses,0.0,0,0
accusatively,0.0,0,0
pillbox,0.0,0,0
supertanker,0.0,0,0
witting,0.0,0,0
undercoat,0.0,0,0
deficiently,0.0,0,0
flagstick,0.0,0,0
yogurt,0.0,0,0
crushability,0.0,0,0
calculable,0.0,0,0
impermeability,0.0,0,0
handicraft,0.0,0,0
caricaturist,0.0,0,0
superintendent,0.0,0,0
dill,0.0,0,0
conduit,0.0,0,0
monopolistic,0.0,0,0
concrete,0.0,0,0
apothecary,0.0,0,0
subseries,0.0,0,0
platelet,0.0,0,0
conceder,0.0,0,0
informatory,0.0,0,0
groundmass,0.0,0,0
divest,0.0,0,0
subgrade,0.0,0,0
backspin,0.0,0,0
contractor,0.0,0,0
diversion,0.0,0,0
masque,0.0,0,0
condenser,0.0,0,0
literalist,0.0,0,0
winding,0.0,0,0
assent,0.0,0,0
mathematics,0.0,0,0
traded,0.0,0,0
zodiac,0.0,0,0
geotropically,0.0,0,0
absentness,0.0,0,0
guildhall,0.0,0,0
counterwork,0.0,0,0
monkfish,0.0,0,0
extracellular,0.0,0,0
calved,0.0,0,0
doggedly,0.0,0,0
folder,0.0,0,0
flirtatiousness,0.0,0,0
antidrug,0.0,0,0
discourser,0.0,0,0
biophysicist,0.0,0,0
quo,0.0,0,0
rectally,0.0,0,0
aerobically,0.0,0,0
unionization,0.0,0,0
organist,0.0,0,0
exponentially,0.0,0,0
cinematographically,0.0,0,0
inconsumable,0.0,0,0
female,0.0,0,0
transitively,0.0,0,0
aver,0.0,0,0
transnational,0.0,0,0
needlework,0.0,0,0
knit,0.0,0,0
resend,0.0,0,0
webbed,0.0,0,0
sardine,0.0,0,0
gyroscopic,0.0,0,0
overplant,0.0,0,0
towboat,0.0,0,0
rhetorically,0.0,0,0
hardware,0.0,0,0
carnivore,0.0,0,0
eyeful,0.0,0,0
granularly,0.0,0,0
halibut,0.0,0,0
buyer,0.0,0,0
precede,0.0,0,0
newsmaker,0.0,0,0
subcontractor,0.0,0,0
escapee,0.0,0,0
vinaigrette,0.0,0,0
provisionally,0.0,0,0
counterpane,0.0,0,0
siamese,0.0,0,0
parapet,0.0,0,0
speakerphone,0.0,0,0
founding,0.0,0,0
reverend,0.0,0,0
backpack,0.0,0,0
coeditor,0.0,0,0
webdeveloper,0.0,0,0
while,0.0,0,0
fide,0.0,0,0
brushstroke,0.0,0,0
concretely,0.0,0,0
blume,0.0,0,0
aftermarket,0.0,0,0
correlativity,0.0,0,0
tyre,0.0,0,0
swizzle,0.0,0,0
enamel,0.0,0,0
geologic,0.0,0,0
unconnectedly,0.0,0,0
onomatopoetic,0.0,0,0
laryngoscope,0.0,0,0
deacon,0.0,0,0
aura,0.0,0,0
ecology,0.0,0,0
repetitious,0.0,0,0
protestantism,0.0,0,0
supersensory,0.0,0,0
bunchy,0.0,0,0
undedicated,0.0,0,0
nonselective,0.0,0,0
laser,0.0,0,0
coattail,0.0,0,0
appellate,0.0,0,0
photoreception,0.0,0,0
informational,0.0,0,0
duct,0.0,0,0
pasteurize,0.0,0,0
cosmic,0.0,0,0
weblog,0.0,0,0
astringently,0.0,0,0
droopy,0.0,0,0
synapse,0.0,0,0
telephony,0.0,0,0
hemstitch,0.0,0,0
explanative,0.0,0,0
trilogy,0.0,0,0
borrowable,0.0,0,0
puzzler,0.0,0,0
fiduciary,0.0,0,0
realized,0.0,0,0
herd,0.0,0,0
signee,0.0,0,0
corticosteroid,0.0,0,0
orthopedically,0.0,0,0
rerecord,0.0,0,0
identically,0.0,0,0
autodidact,0.0,0,0
hyperpolarization,0.0,0,0
dead,0.0,0,0
brandish,0.0,0,0
bindery,0.0,0,0
timelessness,0.0,0,0
nonintersecting,0.0,0,0
case,0.0,0,0
chemistry,0.0,0,0
shirttail,0.0,0,0
dogface,0.0,0,0
tahiti,0.0,0,0
mega,0.0,0,0
isoform,0.0,0,0
own,0.0,0,0
congratulator,0.0,0,0
inconstantly,0.0,0,0
heritance,0.0,0,0
stainable,0.0,0,0
sportsmanly,0.0,0,0
pinstriped,0.0,0,0
humanization,0.0,0,0
kneepad,0.0,0,0
amalgamative,0.0,0,0
proprietary,0.0,0,0
geez,0.0,0,0
tailboard,0.0,0,0
snappily,0.0,0,0
anchorless,0.0,0,0
tangent,0.0,0,0
overrate,0.0,0,0
interferometer,0.0,0,0
ligament,0.0,0,0
spectatorship,0.0,0,0
coworker,0.0,0,0
duke,0.0,0,0
multiplied,0.0,0,0
scheduler,0.0,0,0
pintsize,0.0,0,0
woodpecker,0.0,0,0
literalism,0.0,0,0
acetyl,0.0,0,0
batboy,0.0,0,0
grotto,0.0,0,0
traditional,0.0,0,0
arrowless,0.0,0,0
centralized,0.0,0,0
qualifications,0.0,0,0
studiously,0.0,0,0
bearings,0.0,0,0
bricklike,0.0,0,0
contain,0.0,0,0
muffin,0.0,0,0
items,0.0,0,0
wrapper,0.0,0,0
synonym,0.0,0,0
aeronautics,0.0,0,0
shelters,0.0,0,0
hall,0.0,0,0
unreviewable,0.0,0,0
matchless,0.0,0,0
jumba,0.0,0,0
mechanization,0.0,0,0
mambo,0.0,0,0
unnumbered,0.0,0,0
damnedest,0.0,0,0
archetypically,0.0,0,0
spell,0.0,0,0
curious,0.0,0,0
transpersonal,0.0,0,0
foible,0.0,0,0
targeting,0.0,0,0
fourteen,0.0,0,0
roof,0.0,0,0
ascribe,0.0,0,0
preview,0.0,0,0
bio,0.0,0,0
vertebrae,0.0,0,0
underdog,0.0,0,0
geotropic,0.0,0,0
twain,0.0,0,0
proscriptive,0.0,0,0
bicyclist,0.0,0,0
foreseer,0.0,0,0
cloudy,0.0,0,0
logistician,0.0,0,0
thriftily,0.0,0,0
radiated,0.0,0,0
percussiveness,0.0,0,0
lumpish,0.0,0,0
thickly,0.0,0,0
colonist,0.0,0,0
compositionally,0.0,0,0
counterparty,0.0,0,0
cinemascope,0.0,0,0
unparsed,0.0,0,0
thirty,0.0,0,0
chessmen,0.0,0,0
placement,0.0,0,0
cardio,0.0,0,0
jibber,0.0,0,0
unrigged,0.0,0,0
longitudinally,0.0,0,0
agenda,0.0,0,0
educationist,0.0,0,0
solely,0.0,0,0
armband,0.0,0,0
researcher,0.0,0,0
interlibrary,0.0,0,0
disaffectedness,0.0,0,0
unicode,0.0,0,0
enumerable,0.0,0,0
palladium,0.0,0,0
nominally,0.0,0,0
leading,0.0,0,0
terminable,0.0,0,0
foursquare,0.0,0,0
magnate,0.0,0,0
undertake,0.0,0,0
someplace,0.0,0,0
abstracter,0.0,0,0
seismogram,0.0,0,0
tangency,0.0,0,0
sine,0.0,0,0
deinstitutionalization,0.0,0,0
consignable,0.0,0,0
ascorbic,0.0,0,0
seedbed,0.0,0,0
pastrami,0.0,0,0
sub,0.0,0,0
extenuation,0.0,0,0
bureau,0.0,0,0
beagle,0.0,0,0
prance,0.0,0,0
nonreligious,0.0,0,0
engrave,0.0,0,0
philistine,0.0,0,0
bullseye,0.0,0,0
provision,0.0,0,0
comptroller,0.0,0,0
agate,0.0,0,0
crumpet,0.0,0,0
psychophysicist,0.0,0,0
licenser,0.0,0,0
neuroradiology,0.0,0,0
electrocardiogram,0.0,0,0
cantonese,0.0,0,0
underside,0.0,0,0
brainy,0.0,0,0
gardener,0.0,0,0
fulfiller,0.0,0,0
endorsee,0.0,0,0
leftward,0.0,0,0
corroder,0.0,0,0
semiautomatic,0.0,0,0
allspice,0.0,0,0
ecosphere,0.0,0,0
polygene,0.0,0,0
redact,0.0,0,0
redfish,0.0,0,0
caster,0.0,0,0
duplicable,0.0,0,0
traindriver,0.0,0,0
enthrall,0.0,0,0
substation,0.0,0,0
vacancy,0.0,0,0
tuning,0.0,0,0
located,0.0,0,0
famously,0.0,0,0
constructor,0.0,0,0
stopper,0.0,0,0
griffin,0.0,0,0
songster,0.0,0,0
tubercular,0.0,0,0
hexagonal,0.0,0,0
superimposed,0.0,0,0
radiochemistry,0.0,0,0
millstream,0.0,0,0
articulateness,0.0,0,0
fractal,0.0,0,0
deeply,0.0,0,0
outstroke,0.0,0,0
infinitive,0.0,0,0
realities,0.0,0,0
unearned,0.0,0,0
astrological,0.0,0,0
told,0.0,0,0
laurel,0.0,0,0
showbusiness,0.0,0,0
reversibly,0.0,0,0
killin,0.0,0,0
calls,0.0,0,0
grant,0.0,0,0
touchscreen,0.0,0,0
inimitable,0.0,0,0
weightless,0.0,0,0
sport,0.0,0,0
multicellular,0.0,0,0
volunteers,0.0,0,0
draftswoman,0.0,0,0
mode,0.0,0,0
valiance,0.0,0,0
billabong,0.0,0,0
bodysuit,0.0,0,0
apostolically,0.0,0,0
fraction,0.0,0,0
marrow,0.0,0,0
evidence,0.0,0,0
pardon,0.0,0,0
phonologically,0.0,0,0
impressionist,0.0,0,0
gainer,0.0,0,0
epistemological,0.0,0,0
monotheistic,0.0,0,0
counterreformation,0.0,0,0
chromolithographer,0.0,0,0
creole,0.0,0,0
omnipotent,0.0,0,0
tagalong,0.0,0,0
distillate,0.0,0,0
otherworldliness,0.0,0,1
isomorphism,0.0,0,0
gaseous,0.0,0,0
legacy,0.0,0,0
perform,0.0,0,0
fossil,0.0,0,0
dome,0.0,0,0
beg,0.0,0,0
wearer,0.0,0,0
turnip,0.0,0,0
doorstop,0.0,0,0
cafeteria,0.0,0,0
dynamics,0.0,0,0
suppleness,0.0,0,0
introduction,0.0,0,0
everyman,0.0,0,0
deducibility,0.0,0,0
pincushion,0.0,0,0
serviceable,0.0,0,0
marries,0.0,0,0
secretion,0.0,0,0
wastebasket,0.0,0,0
neigh,0.0,0,0
infusible,0.0,0,0
commensurable,0.0,0,0
gristle,0.0,0,0
ecclesiastically,0.0,0,0
quadrature,0.0,0,0
expat,0.0,0,0
clipart,0.0,0,0
written,0.0,0,0
storing,0.0,0,0
typewritten,0.0,0,0
pianist,0.0,0,0
dinky,0.0,0,0
saturated,0.0,0,0
thermometric,0.0,0,0
meant,0.0,0,0
harmonize,0.0,0,0
hammering,0.0,0,-1
happen,0.0,0,0
earphone,0.0,0,0
catchall,0.0,0,0
iambic,0.0,0,0
dissipative,0.0,0,0
sculptural,0.0,0,0
participated,0.0,0,0
tungsten,0.0,0,0
concurrently,0.0,0,0
unvigilant,0.0,0,0
heifer,0.0,0,0
effect,0.0,0,0
dud,0.0,0,0
ingrowth,0.0,0,0
mammillary,0.0,0,0
instamatic,0.0,0,0
african,0.0,0,0
tibia,0.0,0,0
equation,0.0,0,0
expansionist,0.0,0,0
vantage,0.0,0,0
buttermilk,0.0,0,0
companies,0.0,0,0
oppositeness,0.0,0,0
dipstick,0.0,0,0
shalt,0.0,0,0
axle,0.0,0,0
anatomically,0.0,0,0
toiletry,0.0,0,0
pants,0.0,0,0
inflorescence,0.0,0,0
smell,0.0,0,0
dismantler,0.0,0,0
distribution,0.0,0,0
mineralogical,0.0,0,0
silverback,0.0,0,0
gastronomical,0.0,0,0
acknowledgement,0.0,0,0
pliers,0.0,0,0
polytheistic,0.0,0,0
neurovascular,0.0,0,0
enroller,0.0,0,0
unbreakably,0.0,0,0
drawing,0.0,0,0
chow,0.0,0,0
literate,0.0,0,0
exactable,0.0,0,0
prefigure,0.0,0,0
gardenlike,0.0,0,0
netbook,0.0,0,0
establish,0.0,0,0
turnstile,0.0,0,0
constitution,0.0,0,0
elusively,0.0,0,0
muddiness,0.0,0,0
semantics,0.0,0,0
illuminable,0.0,0,0
pointy,0.0,0,0
prerequisite,0.0,0,0
uncontrived,0.0,0,0
microclimatology,0.0,0,0
romancer,0.0,0,0
extraterritoriality,0.0,0,0
subtype,0.0,0,0
shatterproof,0.0,0,0
soften,0.0,0,0
paddock,0.0,0,0
nonhuman,0.0,0,0
launderer,0.0,0,0
septum,0.0,0,0
four,0.0,0,0
invaluably,0.0,0,0
multipliable,0.0,0,0
rootworm,0.0,0,0
woodcut,0.0,0,0
floweriness,0.0,0,0
gyro,0.0,0,0
internationalize,0.0,0,0
chartless,0.0,0,0
mountable,0.0,0,0
tv,0.0,0,0
telephonically,0.0,0,0
gestalt,0.0,0,0
hacienda,0.0,0,0
lac,0.0,0,0
supplementary,0.0,0,0
unvocal,0.0,0,0
wattage,0.0,0,0
oceanfront,0.0,0,0
salvager,0.0,0,0
overleap,0.0,0,0
boxers,0.0,0,0
screenplay,0.0,0,0
condense,0.0,0,0
serviceability,0.0,0,0
ingot,0.0,0,0
subgenus,0.0,0,0
prebake,0.0,0,0
dignitary,0.0,0,0
bundler,0.0,0,0
mothproof,0.0,0,0
hairdresser,0.0,0,0
charitably,0.0,0,1
cockerel,0.0,0,0
alkalinity,0.0,0,0
daymade,0.0,0,0
corolla,0.0,0,0
mum,0.0,0,0
tacitly,0.0,0,0
undersign,0.0,0,0
birthdate,0.0,0,0
unproduced,0.0,0,0
suppressor,0.0,0,0
grayish,0.0,0,0
evident,0.0,0,0
elicit,0.0,0,0
biotype,0.0,0,0
pricelist,0.0,0,0
yellowpages,0.0,0,0
quadrangular,0.0,0,0
lieutenancy,0.0,0,0
pantheism,0.0,0,0
introductory,0.0,0,0
believability,0.0,0,0
extruder,0.0,0,0
oscilloscope,0.0,0,0
posthole,0.0,0,0
figurehead,0.0,0,0
conscionable,0.0,0,0
nuptials,0.0,0,0
sportscaster,0.0,0,0
organizational,0.0,0,0
workmate,0.0,0,0
notified,0.0,0,0
snuffy,0.0,0,0
ironmaster,0.0,0,0
bicuspid,0.0,0,0
driller,0.0,0,0
hyphenated,0.0,0,0
standpoint,0.0,0,0
cultureless,0.0,0,0
violinmaker,0.0,0,0
praisejesus,0.0,0,0
mercurially,0.0,0,0
cosmologist,0.0,0,0
evanescent,0.0,0,0
appellation,0.0,0,0
transplantable,0.0,0,0
pediatrician,0.0,0,0
resistibility,0.0,0,0
veritable,0.0,0,0
fusible,0.0,0,0
thimble,0.0,0,0
mall,0.0,0,0
flightless,0.0,0,0
auto,0.0,0,0
proprietor,0.0,0,0
myfavorite,0.0,0,0
paleontological,0.0,0,0
deliverable,0.0,0,0
cremationist,0.0,0,0
turbojet,0.0,0,0
unprovoked,0.0,0,0
boxer,0.0,0,0
theorization,0.0,0,0
name,0.0,0,0
reclamation,0.0,0,0
urea,0.0,0,0
workstation,0.0,0,0
nonautomotive,0.0,0,0
pinkish,0.0,0,0
bilaterally,0.0,0,0
baptized,0.0,0,0
refectory,0.0,0,0
format,0.0,0,0
cosmographic,0.0,0,0
letters,0.0,0,0
conjecturally,0.0,0,0
metaphysician,0.0,0,0
gif,0.0,0,0
leftie,0.0,0,0
scriber,0.0,0,0
intentionality,0.0,0,0
metallurgist,0.0,0,0
exemplification,0.0,0,0
anatomy,0.0,0,0
condemner,0.0,0,0
compactly,0.0,0,0
semper,0.0,0,0
headmastership,0.0,0,0
airtime,0.0,0,0
tilde,0.0,0,0
monetary,0.0,0,0
excentricity,0.0,0,0
contemptuousness,0.0,0,0
roc,0.0,0,0
fare,0.0,0,0
bestfriend,0.0,0,0
hoofer,0.0,0,0
lizard,0.0,0,0
skylight,0.0,0,0
pooper,0.0,0,0
wallpaper,0.0,0,0
underlip,0.0,0,0
fourthly,0.0,0,0
devolutionist,0.0,0,0
protective,0.0,0,0
clumpish,0.0,0,0
portuguese,0.0,0,0
centerfield,0.0,0,0
nondairy,0.0,0,0
solidified,0.0,0,0
ethnologic,0.0,0,0
projectionist,0.0,0,0
inconclusiveness,0.0,0,0
microclimatic,0.0,0,0
kern,0.0,0,0
daylong,0.0,0,0
upgrade,0.0,0,0
contextually,0.0,0,0
birthweight,0.0,0,0
bookplate,0.0,0,0
biangular,0.0,0,0
wove,0.0,0,0
diary,0.0,0,0
run,0.0,0,0
litmus,0.0,0,0
electively,0.0,0,0
townhome,0.0,0,0
of,0.0,0,0
thine,0.0,0,0
superconducting,0.0,0,0
popularization,0.0,0,0
tangentially,0.0,0,0
preparatory,0.0,0,0
sketchpad,0.0,0,0
denier,0.0,0,0
cradler,0.0,0,0
restricted,0.0,0,1
plywood,0.0,0,0
snowbird,0.0,0,0
generational,0.0,0,0
adjacently,0.0,0,0
wingback,0.0,0,0
reductive,0.0,0,0
subcarrier,0.0,0,0
philosophically,0.0,0,0
behaviorist,0.0,0,0
microscope,0.0,0,0
dalmatian,0.0,0,0
preemptory,0.0,0,0
twice,0.0,0,0
tweezers,0.0,0,0
milliliter,0.0,0,0
entailment,0.0,0,0
circadian,0.0,0,0
batteries,0.0,0,0
revocability,0.0,0,0
typographer,0.0,0,0
heterotypical,0.0,0,0
barnstorm,0.0,0,0
unmanned,0.0,0,0
approximately,0.0,0,0
osteopathic,0.0,0,0
biceps,0.0,0,0
podiatrist,0.0,0,0
generator,0.0,0,0
semen,0.0,0,0
post,0.0,0,0
predetermined,0.0,0,0
garnish,0.0,0,0
tuna,0.0,0,0
track,0.0,0,0
intransitively,0.0,0,0
midshipman,0.0,0,0
guardroom,0.0,0,0
caregiver,0.0,0,0
interpretively,0.0,0,0
footloose,0.0,0,0
furnace,0.0,0,0
digitize,0.0,0,0
apocryphal,0.0,0,0
secretive,0.0,0,0
placed,0.0,0,0
nonpublic,0.0,0,0
falsetto,0.0,0,0
shard,0.0,0,0
indicated,0.0,0,0
ohh,0.0,0,0
nonuser,0.0,0,0
forensically,0.0,0,0
eligibility,0.0,0,0
gules,0.0,0,0
factorize,0.0,0,0
baglike,0.0,0,0
determinacy,0.0,0,0
shortwave,0.0,0,0
experientially,0.0,0,0
gadgetry,0.0,0,0
planer,0.0,0,0
optics,0.0,0,0
dinghy,0.0,0,0
oblong,0.0,0,0
smudge,0.0,0,1
ally,0.0,0,0
extrinsic,0.0,0,0
divot,0.0,0,0
commentary,0.0,0,0
sympathizer,0.0,0,0
afterbirth,0.0,0,0
slicer,0.0,0,0
poolroom,0.0,0,0
occipital,0.0,0,0
legging,0.0,0,0
sneaker,0.0,0,0
throwback,0.0,0,0
living,0.0,0,0
beginning,0.0,0,0
password,0.0,0,0
contestably,0.0,0,0
mnemonically,0.0,0,0
nub,0.0,0,0
forage,0.0,0,1
hypothetically,0.0,0,0
streetcar,0.0,0,0
webfoot,0.0,0,0
autoradiograph,0.0,0,0
parsimoniously,0.0,0,0
percolator,0.0,0,0
read,0.0,0,0
and,0.0,0,0
rehydration,0.0,0,0
realism,0.0,0,0
naturalization,0.0,0,0
neurons,0.0,0,0
jesuit,0.0,0,0
breadbin,0.0,0,0
teutonic,0.0,0,0
quadraphonic,0.0,0,0
barley,0.0,0,0
coactive,0.0,0,0
clockmaker,0.0,0,0
citable,0.0,0,0
photosynthesize,0.0,0,0
seacoast,0.0,0,0
creature,0.0,0,0
peal,0.0,0,0
kinkily,0.0,0,0
miss,0.0,0,0
dumbass,0.0,0,0
validness,0.0,0,0
TRUE,0.0,0,0
artistic,0.0,0,0
icon,0.0,0,0
internist,0.0,0,0
radiometry,0.0,0,0
homoerotism,0.0,0,0
sportscast,0.0,0,0
knew,0.0,0,0
licence,0.0,0,0
analyzed,0.0,0,0
biologist,0.0,0,0
divergently,0.0,0,0
willable,0.0,0,0
nuances,0.0,0,0
stimulatory,0.0,0,0
dumbwaiter,0.0,0,0
lugged,0.0,0,0
unbilled,0.0,0,0
centralizer,0.0,0,0
dietetic,0.0,0,0
millisecond,0.0,0,0
eternalize,0.0,0,0
bare,0.0,0,0
texture,0.0,0,0
cerebrally,0.0,0,0
insentient,0.0,0,0
alphabetic,0.0,0,0
dollish,0.0,0,0
uncorrelated,0.0,0,0
bacon,0.0,0,0
dialog,0.0,0,0
filetype,0.0,0,0
multidigit,0.0,0,0
abdominally,0.0,0,0
facilities,0.0,0,0
psychoanalytically,0.0,0,0
necessarily,0.0,0,0
globalism,0.0,0,0
closable,0.0,0,0
collaboratively,0.0,0,0
conditioned,0.0,0,0
coonskin,0.0,0,0
depthless,0.0,0,0
monosyllabically,0.0,0,0
babyhood,0.0,0,0
facet,0.0,0,0
cryogen,0.0,0,0
autographed,0.0,0,0
optic,0.0,0,0
umbilicus,0.0,0,0
touchstone,0.0,0,0
orthogonal,0.0,0,0
pavilion,0.0,0,0
stationary,0.0,0,0
rename,0.0,0,0
cerebral,0.0,0,0
lumpiness,0.0,0,0
permeable,0.0,0,0
mulatto,0.0,0,0
papillary,0.0,0,0
unfrequented,0.0,0,0
tylenol,0.0,0,0
plantar,0.0,0,0
distinguisher,0.0,0,0
waft,0.0,0,0
stamen,0.0,0,0
spokesperson,0.0,0,0
constable,0.0,0,0
composition,0.0,0,0
semiseriously,0.0,0,0
heterochromatic,0.0,0,0
photocopier,0.0,0,0
materials,0.0,0,0
knock,0.0,0,0
corporative,0.0,0,0
bicep,0.0,0,0
electroencephalogram,0.0,0,0
transmitted,0.0,0,0
person,0.0,0,0
gastroenterology,0.0,0,0
concentrator,0.0,0,0
epitomize,0.0,0,0
hectares,0.0,0,0
accreditation,0.0,0,0
governability,0.0,0,0
schnauzer,0.0,0,0
nontaxable,0.0,0,1
circumscribable,0.0,0,0
actually,0.0,0,0
synth,0.0,0,0
cabin,0.0,0,0
yehey,0.0,0,0
straw,0.0,0,0
superhuman,0.0,0,0
postscript,0.0,0,0
signor,0.0,0,0
emu,0.0,0,0
woodbin,0.0,0,0
irreducibility,0.0,0,0
cadenced,0.0,0,0
abstractor,0.0,0,0
rotatable,0.0,0,0
literalness,0.0,0,0
recorder,0.0,0,0
diffusible,0.0,0,0
lot,0.0,0,0
philosophic,0.0,0,0
motorboat,0.0,0,0
cleanout,0.0,0,0
metronomic,0.0,0,0
background,0.0,0,0
before,0.0,0,0
lemma,0.0,0,0
radioscopic,0.0,0,0
aborigine,0.0,0,0
nonorganic,0.0,0,0
pass,0.0,0,0
undersell,0.0,0,0
birdshot,0.0,0,0
asteroids,0.0,0,0
alternately,0.0,0,0
nylon,0.0,0,0
textually,0.0,0,0
lending,0.0,0,0
nudism,0.0,0,0
polysyllabically,0.0,0,0
scrabble,0.0,0,0
spatial,0.0,0,0
provincially,0.0,0,0
measurability,0.0,0,0
limbic,0.0,0,0
vellum,0.0,0,0
zoology,0.0,0,0
gangly,0.0,0,0
letting,0.0,0,0
egret,0.0,0,0
fluke,0.0,0,0
inheritance,0.0,0,0
toffee,0.0,0,0
puts,0.0,0,0
techie,0.0,0,0
exocentric,0.0,0,0
alphabetization,0.0,0,0
adieu,0.0,0,0
potable,0.0,0,0
sedimentology,0.0,0,0
precursory,0.0,0,0
viking,0.0,0,0
strudel,0.0,0,0
instrumentation,0.0,0,0
unconvertible,0.0,0,0
violist,0.0,0,0
integrator,0.0,0,0
tablespoonful,0.0,0,0
macroevolution,0.0,0,0
impermeably,0.0,0,0
cutlery,0.0,0,0
workability,0.0,0,0
coniferous,0.0,0,0
unobservable,0.0,0,0
census,0.0,0,0
convexity,0.0,0,0
micropipette,0.0,0,0
luminance,0.0,0,0
hemostat,0.0,0,0
experimentalism,0.0,0,0
sesquicentennial,0.0,0,0
artsy,0.0,0,0
jacket,0.0,0,0
stereographic,0.0,0,0
trumpet,0.0,0,0
executively,0.0,0,0
subcontract,0.0,0,0
info,0.0,0,0
undistinguished,0.0,0,0
lea,0.0,0,0
stringboard,0.0,0,0
messin,0.0,0,0
midweekly,0.0,0,0
piccolo,0.0,0,0
projective,0.0,0,0
seismographer,0.0,0,0
wheat,0.0,0,0
wintergreen,0.0,0,0
antitheses,0.0,0,0
callback,0.0,0,0
metalwork,0.0,0,0
interchange,0.0,0,0
undeleted,0.0,0,0
taster,0.0,0,0
umbrella,0.0,0,0
lobby,0.0,0,0
irreducible,0.0,0,0
heritable,0.0,0,0
padlock,0.0,0,0
typeface,0.0,0,0
zinc,0.0,0,0
remobilize,0.0,0,0
carotene,0.0,0,0
successive,0.0,0,0
noncontroversial,0.0,0,0
compliancy,0.0,0,0
firstly,0.0,0,0
retributively,0.0,0,0
gland,0.0,0,0
hematology,0.0,0,0
individualize,0.0,0,0
sassafras,0.0,0,0
progressivism,0.0,0,0
haw,0.0,0,0
endowment,0.0,0,0
fiscally,0.0,0,0
explicitly,0.0,0,0
zoologically,0.0,0,0
potash,0.0,0,0
august,0.0,0,0
manufacturer,0.0,0,0
backboard,0.0,0,0
caboose,0.0,0,0
fractionalize,0.0,0,0
duck,0.0,0,0
pho,0.0,0,0
provided,0.0,0,0
neurophysiologist,0.0,0,0
bergman,0.0,0,0
engineman,0.0,0,0
oilcan,0.0,0,0
woodcrafter,0.0,0,0
regardless,0.0,0,0
embryo,0.0,0,0
patriarchal,0.0,0,0
frill,0.0,0,0
discrete,0.0,0,0
pyrite,0.0,0,0
rotatory,0.0,0,0
iridium,0.0,0,0
drawers,0.0,0,0
assume,0.0,0,0
nonsolid,0.0,0,0
transubstantiation,0.0,0,0
polysynthetic,0.0,0,0
wiedersehen,0.0,0,0
thiamine,0.0,0,0
poc,0.0,0,0
fluorinate,0.0,0,0
bestiary,0.0,0,0
ratify,0.0,0,0
softcover,0.0,0,0
selectman,0.0,0,0
mediocre,0.0,0,0
denying,0.0,0,1
emissary,0.0,0,0
preprocessing,0.0,0,0
patrimony,0.0,0,0
sixpence,0.0,0,0
spaceship,0.0,0,0
apology,0.0,0,0
oedipal,0.0,0,0
radiophone,0.0,0,0
powertrain,0.0,0,0
ongoing,0.0,0,0
reasonable,0.0,0,0
dug,0.0,0,0
tablet,0.0,0,0
ounce,0.0,0,0
boy,0.0,0,0
album,0.0,0,0
denotation,0.0,0,0
yard,0.0,0,0
aggregator,0.0,0,0
intoxication,0.0,0,1
chevron,0.0,0,0
blowtorch,0.0,0,0
itty-bitty,0.0,0,0
yo-yo,0.0,0,0
biometeorology,0.0,0,0
cookbook,0.0,0,0
ambulatory,0.0,0,0
razzmatazz,0.0,0,0
fountainless,0.0,0,0
cofounder,0.0,0,0
unseasoned,0.0,0,0
toolbox,0.0,0,0
pentecost,0.0,0,0
expeller,0.0,0,0
reapplication,0.0,0,0
meritocracy,0.0,0,0
remainder,0.0,0,0
irreplaceable,0.0,0,0
unstamped,0.0,0,0
fatherhood,0.0,0,0
irreproducible,0.0,0,0
nylons,0.0,0,0
apparatus,0.0,0,0
triangularly,0.0,0,0
microhabitat,0.0,0,0
divisible,0.0,0,0
basically,0.0,0,0
figaro,0.0,0,0
unicyclist,0.0,0,0
pun,0.0,0,0
numerically,0.0,0,0
junction,0.0,0,0
worldwide,0.0,0,0
photoreceptor,0.0,0,0
stature,0.0,0,0
tablespoon,0.0,0,0
airspace,0.0,0,0
would,0.0,0,0
uptake,0.0,0,0
angelically,0.0,0,0
undevelopable,0.0,0,0
creationistic,0.0,0,0
saline,0.0,0,0
apostolate,0.0,0,0
femme,0.0,0,0
wombat,0.0,0,0
mealtime,0.0,0,0
ejaculatory,0.0,0,0
delta,0.0,0,0
somatically,0.0,0,0
listener,0.0,0,0
racetrack,0.0,0,0
similarity,0.0,0,0
heater,0.0,0,0
sculptured,0.0,0,0
strew,0.0,0,0
programmed,0.0,0,0
thatch,0.0,0,0
sorghum,0.0,0,0
determinism,0.0,0,0
convert,0.0,0,0
fingerlike,0.0,0,0
interactionist,0.0,0,0
brush,0.0,0,0
understandability,0.0,0,0
khan,0.0,0,0
customarily,0.0,0,0
pennies,0.0,0,0
tongued,0.0,0,0
morality,0.0,0,0
carbon,0.0,0,0
pomposity,0.0,0,0
seaboard,0.0,0,0
factorial,0.0,0,0
crosshatch,0.0,0,0
hydrokinetic,0.0,0,0
laterally,0.0,0,0
disrelish,0.0,0,0
hooplike,0.0,0,0
ripper,0.0,0,0
inclinator,0.0,0,0
unconformity,0.0,0,0
violable,0.0,0,0
inherence,0.0,0,0
breakwater,0.0,0,0
sensatory,0.0,0,0
pedestal,0.0,0,0
populace,0.0,0,0
dischargeable,0.0,0,0
expiratory,0.0,0,0
cinematize,0.0,0,0
unspecialized,0.0,0,0
reinstallation,0.0,0,0
town,0.0,0,0
ideogram,0.0,0,0
griddlecake,0.0,0,0
monocyclic,0.0,0,0
nitrocellulose,0.0,0,0
bighorn,0.0,0,0
corncob,0.0,0,0
adverbial,0.0,0,0
hectare,0.0,0,0
aircraftman,0.0,0,0
inherit,0.0,0,0
predicting,0.0,0,0
juicer,0.0,0,0
doctrinal,0.0,0,0
to,0.0,0,0
craft,0.0,0,0
macaroni,0.0,0,0
footway,0.0,0,0
journalistically,0.0,0,0
boreal,0.0,0,0
reigning,0.0,0,0
net,0.0,0,0
southwesterly,0.0,0,0
firmament,0.0,0,0
encyclopedically,0.0,0,0
jurisdiction,0.0,0,0
corp,0.0,0,0
whoever,0.0,0,0
shaper,0.0,0,0
stemmed,0.0,0,0
feminism,0.0,0,0
mudskipper,0.0,0,0
furthest,0.0,0,0
literal,0.0,0,0
qualifiable,0.0,0,0
tinsmith,0.0,0,0
interrelated,0.0,0,0
uncompromised,0.0,0,0
pictures,0.0,0,0
fax,0.0,0,0
blistery,0.0,0,0
debugger,0.0,0,0
homomorphous,0.0,0,0
portable,0.0,0,0
lab,0.0,0,0
astronaut,0.0,0,0
aircrew,0.0,0,0
streamside,0.0,0,0
vacuolar,0.0,0,0
odorously,0.0,0,0
eyedrop,0.0,0,0
eventide,0.0,0,0
theologically,0.0,0,0
wearable,0.0,0,0
watermill,0.0,0,0
musicological,0.0,0,0
seller,0.0,0,0
centrifugally,0.0,0,0
rag,0.0,0,0
havent,0.0,0,0
chem,0.0,0,0
licensor,0.0,0,0
idealistic,0.0,0,-1
unleavened,0.0,0,0
degreeless,0.0,0,0
serviceman,0.0,0,0
unanswerably,0.0,0,0
scintillator,0.0,0,0
reciprocity,0.0,0,0
dogfish,0.0,0,0
microfiche,0.0,0,0
skyward,0.0,0,0
withal,0.0,0,0
outcrop,0.0,0,0
incubate,0.0,0,0
flashily,0.0,0,0
motherland,0.0,0,0
unimportance,0.0,0,0
bipartition,0.0,0,0
whole,0.0,0,0
earmuff,0.0,0,0
transmissibility,0.0,0,0
parmesan,0.0,0,0
slaw,0.0,0,0
multicomponent,0.0,0,0
nonoperational,0.0,0,0
gunning,0.0,0,0
anterior,0.0,0,0
kahuna,0.0,0,0
trowel,0.0,0,0
incumbent,0.0,0,0
hereupon,0.0,0,0
gaming,0.0,0,0
storekeeper,0.0,0,0
monosaccharide,0.0,0,0
reutilization,0.0,0,0
libertarianism,0.0,0,0
sheldrake,0.0,0,0
swishy,0.0,0,0
hawking,0.0,0,0
cuban,0.0,0,0
newssheet,0.0,0,0
neurochemical,0.0,0,0
telephotography,0.0,0,0
seasonal,0.0,0,0
begetter,0.0,0,0
epitomizer,0.0,0,0
empirical,0.0,0,0
ephemera,0.0,0,0
sideburns,0.0,0,0
traveller,0.0,0,0
glassless,0.0,0,0
pituitary,0.0,0,0
promissory,0.0,0,0
temporal,0.0,0,0
previously,0.0,0,0
printability,0.0,0,0
chronoscope,0.0,0,0
pad,0.0,0,0
ecumenical,0.0,0,0
arable,0.0,0,0
tattooist,0.0,0,0
immateriality,0.0,0,0
halogen,0.0,0,0
comet,0.0,0,0
transubstantiate,0.0,0,0
biomechanics,0.0,0,0
mouthpiece,0.0,0,0
cinematographer,0.0,0,0
carrousel,0.0,0,0
sess,0.0,0,0
zeitgeist,0.0,0,0
separator,0.0,0,0
pearliness,0.0,0,0
lingo,0.0,0,0
larger,0.0,0,0
tune,0.0,0,0
heirs,0.0,0,0
geocentric,0.0,0,0
bulginess,0.0,0,0
reconvert,0.0,0,0
garment,0.0,0,0
illuminist,0.0,0,0
braised,0.0,0,0
brambleberry,0.0,0,0
monogamously,0.0,0,0
grappler,0.0,0,0
perennially,0.0,0,0
origami,0.0,0,0
lock,0.0,0,0
postorbital,0.0,0,0
ballpoint,0.0,0,0
conductivity,0.0,0,0
dichotomize,0.0,0,0
conceiver,0.0,0,0
geometrical,0.0,0,0
regularization,0.0,0,0
gallon,0.0,0,0
certified,0.0,0,0
holed,0.0,0,0
polyatomic,0.0,0,0
belatedly,0.0,0,0
honeycomb,0.0,0,0
rice,0.0,0,0
huntswoman,0.0,0,0
hubble,0.0,0,0
magistrate,0.0,0,0
freeware,0.0,0,0
metaphysics,0.0,0,0
demonstrable,0.0,0,0
transposable,0.0,0,0
befitting,0.0,0,0
circulate,0.0,0,0
milker,0.0,0,0
crabmeat,0.0,0,0
wordbook,0.0,0,0
relationship,0.0,0,0
psi,0.0,0,0
bonds,0.0,0,0
drake,0.0,0,0
columnist,0.0,0,0
grits,0.0,0,0
prearrangement,0.0,0,0
laminator,0.0,0,0
psychic,0.0,0,0
mindmap,0.0,0,0
yeastiness,0.0,0,0
previous,0.0,0,0
suitcase,0.0,0,0
muses,0.0,0,0
temporally,0.0,0,0
arborist,0.0,0,0
papacy,0.0,0,0
accruement,0.0,0,0
rhombus,0.0,0,0
unexcavated,0.0,0,0
corroboratively,0.0,0,0
comprisable,0.0,0,0
outsider,0.0,0,0
continuum,0.0,0,0
mascara,0.0,0,0
onset,0.0,0,0
picker,0.0,0,0
eruditeness,0.0,0,0
berlin,0.0,0,0
pennsylvania,0.0,0,0
balanceable,0.0,0,0
quadrennial,0.0,0,0
partitioner,0.0,0,0
ionize,0.0,0,0
naming,0.0,0,0
combinatorial,0.0,0,0
kappa,0.0,0,0
bequeath,0.0,0,0
stagecraft,0.0,0,0
pamphlet,0.0,0,0
evanescence,0.0,0,0
aeroplane,0.0,0,0
epidermal,0.0,0,0
memorizer,0.0,0,0
pulpy,0.0,0,0
tailback,0.0,0,0
inanimately,0.0,0,0
continued,0.0,0,0
bobbin,0.0,0,0
immutably,0.0,0,0
pointer,0.0,0,0
carnivorously,0.0,0,0
reconstitute,0.0,0,0
cable,0.0,0,0
morphologic,0.0,0,0
inalienably,0.0,0,0
indeterminist,0.0,0,0
horseless,0.0,0,0
casebook,0.0,0,0
interventionist,0.0,0,0
schoolboy,0.0,0,0
unapparent,0.0,0,0
excepting,0.0,0,0
odor,0.0,0,0
polysaccharide,0.0,0,0
electrons,0.0,0,0
version,0.0,0,0
billboard,0.0,0,0
tincture,0.0,0,0
unbounded,0.0,0,0
redevelopment,0.0,0,0
diameter,0.0,0,0
brand,0.0,0,0
microcellular,0.0,0,0
fictitiousness,0.0,0,0
phonebook,0.0,0,0
correction,0.0,0,0
sculptor,0.0,0,0
autonomously,0.0,0,0
coeducational,0.0,0,0
neoclassicist,0.0,0,0
wiki,0.0,0,0
multilingual,0.0,0,0
parametric,0.0,0,0
drapery,0.0,0,0
aeronautic,0.0,0,0
demonstratively,0.0,0,0
cache,0.0,0,0
obsequiously,0.0,0,0
disprove,0.0,0,0
contract,0.0,0,0
retention,0.0,0,0
buckskin,0.0,0,0
seamstress,0.0,0,0
wellhead,0.0,0,0
plot,0.0,0,0
tableware,0.0,0,0
aging,0.0,0,0
sanitarium,0.0,0,0
paradigmatic,0.0,0,0
filed,0.0,0,0
basketry,0.0,0,0
guessable,0.0,0,0
cauliflower,0.0,0,0
deism,0.0,0,0
hip,0.0,0,0
cavalry,0.0,0,0
descriptiveness,0.0,0,0
forest,0.0,0,0
brrr,0.0,0,0
latitudinal,0.0,0,0
acquaint,0.0,0,0
westerly,0.0,0,0
lapping,0.0,0,0
unroot,0.0,0,0
vanload,0.0,0,0
subdivide,0.0,0,0
statistical,0.0,0,0
dermis,0.0,0,0
motive,0.0,0,0
knuckler,0.0,0,0
grumbler,0.0,0,0
theorem,0.0,0,0
woodcraftsman,0.0,0,0
pokemon,0.0,0,0
bologna,0.0,0,0
headdress,0.0,0,0
prefabricate,0.0,0,0
maximize,0.0,0,0
pontifical,0.0,0,0
circumflexion,0.0,0,0
apportionment,0.0,0,0
dismount,0.0,0,0
lion,0.0,0,0
ohio,0.0,0,0
rover,0.0,0,0
affect,0.0,0,0
syntactical,0.0,0,0
snuffer,0.0,0,0
polycyclic,0.0,0,0
outwash,0.0,0,0
cretaceous,0.0,0,0
macro,0.0,0,0
wristband,0.0,0,0
spaceport,0.0,0,0
interagency,0.0,0,0
effectual,0.0,0,0
dribbler,0.0,0,0
electrotype,0.0,0,0
periodontal,0.0,0,0
mendable,0.0,0,0
parka,0.0,0,0
xylophonist,0.0,0,0
ladleful,0.0,0,0
leopard,0.0,0,0
conservator,0.0,0,0
infinitesimally,0.0,0,0
assignation,0.0,0,0
genesis,0.0,0,0
synthesizer,0.0,0,0
hotcake,0.0,0,0
behaviorism,0.0,0,0
analyzability,0.0,0,0
inoffensiveness,0.0,0,0
allusiveness,0.0,0,0
homogeneity,0.0,0,0
multicultural,0.0,0,0
incorporation,0.0,0,0
diffraction,0.0,0,0
variety,0.0,0,0
brands,0.0,0,0
windburn,0.0,0,0
monograph,0.0,0,0
bassoonist,0.0,0,0
mayfly,0.0,0,0
hoagie,0.0,0,0
phonograph,0.0,0,0
replicated,0.0,0,0
subcommittee,0.0,0,0
couscous,0.0,0,0
nonmusical,0.0,0,0
attentively,0.0,0,0
codpiece,0.0,0,0
restoring,0.0,0,1
headmistress,0.0,0,0
bioregion,0.0,0,0
eighty,0.0,0,0
get,0.0,0,0
predication,0.0,0,0
gaby,0.0,0,0
everytime,0.0,0,0
doggedness,0.0,0,0
glycerin,0.0,0,0
springer,0.0,0,0
alternative,0.0,0,0
chippendale,0.0,0,0
electrician,0.0,0,0
authenticate,0.0,0,0
profuseness,0.0,0,0
characterless,0.0,0,0
inkless,0.0,0,0
raiment,0.0,0,0
finder,0.0,0,0
hypotonic,0.0,0,0
serum,0.0,0,0
monohybrid,0.0,0,0
semiweekly,0.0,0,0
imager,0.0,0,0
annexable,0.0,0,0
incidentally,0.0,0,0
ideographical,0.0,0,0
thieve,0.0,0,0
swallowtail,0.0,0,0
workbox,0.0,0,0
fitter,0.0,0,0
filtration,0.0,0,0
embosser,0.0,0,0
recreationist,0.0,0,0
melon,0.0,0,0
fencer,0.0,0,0
trifocal,0.0,0,0
waveband,0.0,0,0
alkalization,0.0,0,0
clearinghouse,0.0,0,0
youth,0.0,0,0
discography,0.0,0,0
microanalysis,0.0,0,0
mote,0.0,0,0
tonal,0.0,0,0
blip,0.0,0,0
extendible,0.0,0,0
booth,0.0,0,0
numbering,0.0,0,0
consensual,0.0,0,0
songwriter,0.0,0,0
reduplication,0.0,0,0
frisbee,0.0,0,0
cartilage,0.0,0,0
drift,0.0,0,0
submariner,0.0,0,0
governess,0.0,0,0
registry,0.0,0,0
possum,0.0,0,0
triplex,0.0,0,0
propertied,0.0,0,0
unoffered,0.0,0,0
technological,0.0,0,0
whirligig,0.0,0,0
rectum,0.0,0,0
desecrator,0.0,0,0
hundredfold,0.0,0,0
connectivity,0.0,0,0
gulf,0.0,0,0
zipper,0.0,0,0
pi,0.0,0,0
pedometer,0.0,0,0
invariable,0.0,0,0
bird,0.0,0,0
pear,0.0,0,0
essentialism,0.0,0,0
persisting,0.0,0,0
rafter,0.0,0,0
explicable,0.0,0,0
condensation,0.0,0,0
commonplace,0.0,0,0
avocational,0.0,0,0
airworthiness,0.0,0,0
abovementioned,0.0,0,0
artesian,0.0,0,0
interlocker,0.0,0,0
ordinator,0.0,0,0
deerskin,0.0,0,0
receivable,0.0,0,0
typographic,0.0,0,0
outplace,0.0,0,0
consists,0.0,0,0
zygote,0.0,0,0
plasterboard,0.0,0,0
diploma,0.0,0,0
properties,0.0,0,0
notational,0.0,0,0
manicotti,0.0,0,0
table,0.0,0,0
cinema,0.0,0,0
senatorial,0.0,0,0
trans,0.0,0,0
creaminess,0.0,0,0
releasable,0.0,0,0
prodigally,0.0,0,0
syndication,0.0,0,0
ontological,0.0,0,0
abdomen,0.0,0,0
feller,0.0,0,0
grub,0.0,0,0
computerization,0.0,0,0
demandable,0.0,0,0
sax,0.0,0,0
availability,0.0,0,0
technicality,0.0,0,0
quarter,0.0,0,0
aunt,0.0,0,0
unevaluated,0.0,0,0
believed,0.0,0,0
snout,0.0,0,0
set,0.0,0,0
writeable,0.0,0,0
associability,0.0,0,0
iridescently,0.0,0,0
kink,0.0,0,0
hardback,0.0,0,0
saxophonist,0.0,0,0
parenchyma,0.0,0,0
ballast,0.0,0,0
neutral,0.0,0,0
paint,0.0,0,0
weeknight,0.0,0,0
polychrome,0.0,0,0
mauve,0.0,0,0
featherlike,0.0,0,0
unprinted,0.0,0,0
boomtown,0.0,0,0
acoustical,0.0,0,0
brits,0.0,0,0
nonwestern,0.0,0,0
dissolve,0.0,0,0
induct,0.0,0,0
expertise,0.0,0,0
cochlear,0.0,0,0
geochemistry,0.0,0,0
sprawl,0.0,0,0
twelvefold,0.0,0,0
inflective,0.0,0,0
agamemnon,0.0,0,0
shawl,0.0,0,0
outride,0.0,0,0
merchantman,0.0,0,0
endoskeleton,0.0,0,0
autographical,0.0,0,0
surpassed,0.0,0,0
crewman,0.0,0,0
whey,0.0,0,0
rupee,0.0,0,0
subtractive,0.0,0,0
chive,0.0,0,0
unresponsiveness,0.0,0,0
interdisciplinary,0.0,0,0
educational,0.0,0,0
subdomain,0.0,0,0
robotize,0.0,0,0
disparateness,0.0,0,0
dietary,0.0,0,0
rickshaw,0.0,0,0
blanket,0.0,0,0
evoker,0.0,0,0
glaciated,0.0,0,0
vocation,0.0,0,0
posited,0.0,0,0
continent,0.0,0,0
champ,0.0,0,0
interdependently,0.0,0,0
percolate,0.0,0,0
gully,0.0,0,0
removability,0.0,0,0
reflector,0.0,0,0
flatulence,0.0,0,-1
nonfictional,0.0,0,0
newsworthiness,0.0,0,0
billionth,0.0,0,0
slavic,0.0,0,0
characterizer,0.0,0,0
testcase,0.0,0,0
trapezoidal,0.0,0,0
necrology,0.0,0,0
multilayer,0.0,0,0
renew,0.0,0,0
isosceles,0.0,0,0
crosscutting,0.0,0,0
prune,0.0,0,0
credibility,0.0,0,0
cruciferous,0.0,0,0
preregister,0.0,0,0
keratin,0.0,0,0
humanizer,0.0,0,0
girl,0.0,0,0
everyway,0.0,0,0
effluent,0.0,0,0
thousandfold,0.0,0,0
synergism,0.0,0,0
exhaustless,0.0,0,0
segmental,0.0,0,0
caput,0.0,0,0
marketplace,0.0,0,0
heterogeneously,0.0,0,0
affix,0.0,0,0
dialectic,0.0,0,0
multifocal,0.0,0,0
hereditable,0.0,0,0
photoactive,0.0,0,0
lesion,0.0,0,0
shopkeeper,0.0,0,0
conventionalism,0.0,0,0
fwiw,0.0,0,0
hydraulics,0.0,0,0
countertendency,0.0,0,0
elk,0.0,0,0
daddies,0.0,0,0
schnapps,0.0,0,0
mein,0.0,0,0
antiserum,0.0,0,0
endomorph,0.0,0,0
puli,0.0,0,0
congregative,0.0,0,0
bean,0.0,0,0
telephotograph,0.0,0,0
exhibitor,0.0,0,0
pong,0.0,0,0
maleness,0.0,0,0
electrocardiograph,0.0,0,0
subtotal,0.0,0,0
anonymously,0.0,0,0
hypothesis,0.0,0,0
gradable,0.0,0,0
oxcart,0.0,0,0
skating,0.0,0,0
outstate,0.0,0,0
typesetting,0.0,0,0
stooge,0.0,0,0
didactical,0.0,0,0
ancestry,0.0,0,0
digitalism,0.0,0,0
theorize,0.0,0,0
mitzvah,0.0,0,0
prawn,0.0,0,0
heliotrope,0.0,0,0
hierarchic,0.0,0,0
tailpipe,0.0,0,0
videophone,0.0,0,0
fortyfold,0.0,0,0
cubist,0.0,0,0
doorpost,0.0,0,0
exonerate,0.0,0,0
throaty,0.0,0,0
bronchiole,0.0,0,0
photoconductivity,0.0,0,0
electroscopic,0.0,0,0
academy,0.0,0,0
synchronous,0.0,0,0
impenetrate,0.0,0,0
privatize,0.0,0,0
bottle,0.0,0,0
increaser,0.0,0,0
intercourse,0.0,0,0
leeway,0.0,0,0
uncharacterized,0.0,0,0
triviality,0.0,0,0
binder,0.0,0,0
sawhorse,0.0,0,0
next,0.0,0,0
nondescript,0.0,0,0
raisin,0.0,0,0
township,0.0,0,0
methylene,0.0,0,0
articled,0.0,0,0
psychophysically,0.0,0,0
ant,0.0,0,0
phenomena,0.0,0,0
oxidant,0.0,0,0
remediable,0.0,0,0
soul,0.0,0,0
freeboard,0.0,0,0
gerbil,0.0,0,0
arrowroot,0.0,0,0
unwatched,0.0,0,0
flipped,0.0,0,0
nighthawk,0.0,0,0
graphology,0.0,0,0
proverbial,0.0,0,0
consecutiveness,0.0,0,0
starfish,0.0,0,0
tram,0.0,0,0
consignment,0.0,0,0
compiler,0.0,0,0
conceptuality,0.0,0,0
adultness,0.0,0,0
mammal,0.0,0,0
whatsoever,0.0,0,0
interpenetration,0.0,0,0
prodigious,0.0,0,0
metabolic,0.0,0,0
spread,0.0,0,0
acre,0.0,0,0
onetime,0.0,0,0
nonnative,0.0,0,0
aggregate,0.0,0,0
backdoor,0.0,0,0
interplanetary,0.0,0,0
goldenness,0.0,0,0
alabaster,0.0,0,0
juniper,0.0,0,0
providentially,0.0,0,0
denatured,0.0,0,0
debit,0.0,0,0
locus,0.0,0,0
mile,0.0,0,0
importer,0.0,0,0
grocery,0.0,0,0
avascular,0.0,0,0
acme,0.0,0,0
remissible,0.0,0,0
supernaturally,0.0,0,0
chihuahua,0.0,0,0
alkaloid,0.0,0,0
centrist,0.0,0,0
slicker,0.0,0,0
non,0.0,0,0
fragmental,0.0,0,0
uncirculated,0.0,0,0
centerline,0.0,0,0
category,0.0,0,0
interpolate,0.0,0,0
lemur,0.0,0,0
bodies,0.0,0,0
woodlander,0.0,0,0
germane,0.0,0,0
annotate,0.0,0,0
aestheticism,0.0,0,0
resonator,0.0,0,0
hereditability,0.0,0,0
summary,0.0,0,0
proliferator,0.0,0,0
numberless,0.0,0,0
ectoderm,0.0,0,0
thallium,0.0,0,0
hmm,0.0,0,0
demolitionist,0.0,0,0
append,0.0,0,0
loco,0.0,0,0
needlessness,0.0,0,0
became,0.0,0,0
nonagricultural,0.0,0,0
ingenious,0.0,0,0
yak,0.0,0,0
avow,0.0,0,0
thyself,0.0,0,0
tiebreaker,0.0,0,0
tabulated,0.0,0,0
coupe,0.0,0,0
pelvis,0.0,0,0
hotelier,0.0,0,0
convocation,0.0,0,0
housecraft,0.0,0,0
casement,0.0,0,0
tradeswoman,0.0,0,0
gravitationally,0.0,0,0
diametrically,0.0,0,0
cinderblock,0.0,0,0
constructionist,0.0,0,0
personalize,0.0,0,0
geodynamical,0.0,0,0
polystyrene,0.0,0,0
recycled,0.0,0,0
hasta,0.0,0,0
colander,0.0,0,0
trisect,0.0,0,0
inheritably,0.0,0,0
scissors,0.0,0,0
unmagnified,0.0,0,0
them,0.0,0,0
turnabout,0.0,0,0
lioness,0.0,0,0
geostationary,0.0,0,0
backwoodsman,0.0,0,0
inquirer,0.0,0,0
bedstead,0.0,0,0
airworthy,0.0,0,0
unretired,0.0,0,0
glycolic,0.0,0,0
elf,0.0,0,0
subsidiarity,0.0,0,0
standoffishness,0.0,0,0
humming,0.0,0,0
patch,0.0,0,0
triceratops,0.0,0,0
multispectral,0.0,0,0
concluded,0.0,0,0
reinstruction,0.0,0,0
officiator,0.0,0,0
boggle,0.0,0,0
egyptian,0.0,0,0
integrate,0.0,0,0
unmindfully,0.0,0,0
feel,0.0,0,0
manservant,0.0,0,0
reconstruct,0.0,0,0
combinational,0.0,0,0
showboat,0.0,0,1
proudly,0.0,0,1
vip,0.0,0,0
absorber,0.0,0,0
newscaster,0.0,0,0
connecticut,0.0,0,0
ammonite,0.0,0,0
diversify,0.0,0,0
curer,0.0,0,0
implicational,0.0,0,0
understudy,0.0,0,0
ley,0.0,0,0
wishfully,0.0,0,1
antiradical,0.0,0,0
mannered,0.0,0,0
racecourse,0.0,0,0
infocenter,0.0,0,0
oxyacetylene,0.0,0,0
justifiability,0.0,0,0
sway,0.0,0,0
councilwoman,0.0,0,0
commodore,0.0,0,0
webdesign,0.0,0,0
diastolic,0.0,0,0
prolapsed,0.0,0,0
macrostructure,0.0,0,0
creamlike,0.0,0,0
autokinetic,0.0,0,0
foolproof,0.0,0,0
cogently,0.0,0,0
archeologist,0.0,0,0
streamliner,0.0,0,0
warehouse,0.0,0,0
applejack,0.0,0,0
appear,0.0,0,0
peeved,0.0,0,1
exponentiation,0.0,0,0
evens,0.0,0,0
capitalization,0.0,0,0
bagged,0.0,0,0
hayloft,0.0,0,0
sapless,0.0,0,0
brickwork,0.0,0,0
trimmer,0.0,0,0
ovulatory,0.0,0,0
tactic,0.0,0,0
subwoofer,0.0,0,0
lasagna,0.0,0,0
chromatic,0.0,0,0
neckerchief,0.0,0,0
agronomist,0.0,0,0
morphologically,0.0,0,0
descriptor,0.0,0,0
chartered,0.0,0,0
prog,0.0,0,0
documentary,0.0,0,0
miniaturization,0.0,0,0
inceptively,0.0,0,0
changer,0.0,0,0
presbyterian,0.0,0,0
wages,0.0,0,0
unavailing,0.0,0,0
flintstone,0.0,0,0
enunciable,0.0,0,0
ethicality,0.0,0,0
calligraphist,0.0,0,0
heterosexuality,0.0,0,0
suburbanize,0.0,0,0
flopper,0.0,0,0
sprang,0.0,0,0
hierarchal,0.0,0,0
spiritualist,0.0,0,0
predecessor,0.0,0,0
copyist,0.0,0,0
pupate,0.0,0,0
ironstone,0.0,0,0
glycemic,0.0,0,0
entomologic,0.0,0,0
pedigreed,0.0,0,0
insofar,0.0,0,0
spectrophotometer,0.0,0,0
bop,0.0,0,0
decade,0.0,0,0
cityscape,0.0,0,0
photosynthesis,0.0,0,0
interpretatively,0.0,0,0
congest,0.0,0,0
interflow,0.0,0,0
reinstitute,0.0,0,0
exist,0.0,0,0
gearshift,0.0,0,0
reckonable,0.0,0,0
dragline,0.0,0,0
intergroup,0.0,0,0
retransformation,0.0,0,0
literalize,0.0,0,0
forecourt,0.0,0,0
planetoid,0.0,0,0
statistician,0.0,0,0
overprint,0.0,0,0
legalization,0.0,0,0
veterinarian,0.0,0,0
kitchen,0.0,0,0
purvey,0.0,0,0
site,0.0,0,0
iodize,0.0,0,0
photomicroscope,0.0,0,0
right,0.0,0,0
occupational,0.0,0,0
deity,0.0,0,0
deliverance,0.0,0,0
pithiness,0.0,0,0
redbreast,0.0,0,0
nationality,0.0,0,0
indigenously,0.0,0,0
notary,0.0,0,0
pacemaker,0.0,0,0
inviolate,0.0,0,0
shelf,0.0,0,0
peripheral,0.0,0,0
paperboard,0.0,0,0
dissolver,0.0,0,0
cicada,0.0,0,0
frenchmen,0.0,0,0
mannequin,0.0,0,0
hetero,0.0,0,0
legislature,0.0,0,0
spaded,0.0,0,0
metabolically,0.0,0,0
cofactor,0.0,0,0
magnetization,0.0,0,0
luminously,0.0,0,0
territorial,0.0,0,1
alley,0.0,0,0
microbus,0.0,0,0
centrum,0.0,0,0
interchangeability,0.0,0,0
rewriter,0.0,0,0
compositor,0.0,0,0
hempseed,0.0,0,0
handcraft,0.0,0,0
tor,0.0,0,0
dishwasher,0.0,0,0
patentable,0.0,0,0
hipbone,0.0,0,0
mitts,0.0,0,0
prequalify,0.0,0,0
folklorist,0.0,0,0
smeary,0.0,0,1
peat,0.0,0,0
hectogram,0.0,0,0
entries,0.0,0,0
swiftly,0.0,0,0
stationmaster,0.0,0,0
quadrupole,0.0,0,0
sawdust,0.0,0,0
correspondently,0.0,0,0
spinoff,0.0,0,0
beefiness,0.0,0,0
counterinfluence,0.0,0,0
artificialness,0.0,0,0
gravitational,0.0,0,0
housefather,0.0,0,0
largeness,0.0,0,0
propyl,0.0,0,0
swung,0.0,0,0
presentational,0.0,0,0
teaser,0.0,0,1
technic,0.0,0,0
rim,0.0,0,0
boobies,0.0,0,0
axiom,0.0,0,0
mutton,0.0,0,0
unuttered,0.0,0,0
peachiness,0.0,0,0
teepee,0.0,0,0
phi,0.0,0,0
gentility,0.0,0,0
dissociable,0.0,0,0
intercession,0.0,0,0
lampooner,0.0,0,0
contortionism,0.0,0,0
tweedle,0.0,0,0
legate,0.0,0,0
redeposit,0.0,0,0
chug,0.0,0,0
cardiograph,0.0,0,0
superstructure,0.0,0,0
biographic,0.0,0,0
particularize,0.0,0,0
luminous,0.0,0,0
committed,0.0,0,0
rebate,0.0,0,0
handful,0.0,0,0
particle,0.0,0,0
crossbred,0.0,0,0
thousandth,0.0,0,0
spartanly,0.0,0,0
antimony,0.0,0,0
printout,0.0,0,0
inexplicitly,0.0,0,0
photomural,0.0,0,0
amendment,0.0,0,0
meridian,0.0,0,0
wristlet,0.0,0,0
chronicler,0.0,0,0
retriever,0.0,0,0
propitious,0.0,0,1
hymen,0.0,0,0
radiographic,0.0,0,0
communitarian,0.0,0,0
goatskin,0.0,0,0
unresponsively,0.0,0,0
geranium,0.0,0,0
headstock,0.0,0,0
importability,0.0,0,0
lop,0.0,0,0
sightline,0.0,0,0
excuse,0.0,0,0
maker,0.0,0,0
tritium,0.0,0,0
downlink,0.0,0,0
attractant,0.0,0,0
hydrographically,0.0,0,0
anachronistic,0.0,0,0
bedsheet,0.0,0,0
doth,0.0,0,0
stealthily,0.0,0,0
scalability,0.0,0,0
greasepaint,0.0,0,0
spreadsheet,0.0,0,0
radiologist,0.0,0,0
gonad,0.0,0,0
preset,0.0,0,0
tailcoat,0.0,0,0
notate,0.0,0,0
cleat,0.0,0,0
allegoric,0.0,0,0
pennyweight,0.0,0,0
writable,0.0,0,0
obligor,0.0,0,0
upriver,0.0,0,0
planter,0.0,0,0
automaton,0.0,0,0
commutative,0.0,0,0
transgenic,0.0,0,0
extrusive,0.0,0,0
unbeliever,0.0,0,0
archaism,0.0,0,0
framer,0.0,0,0
gamut,0.0,0,0
polyvinyl,0.0,0,0
mononuclear,0.0,0,0
phosphoric,0.0,0,0
annotative,0.0,0,0
playfield,0.0,0,0
simian,0.0,0,0
apostrophe,0.0,0,0
oil,0.0,0,0
kindly,0.0,0,1
squishier,0.0,0,0
predate,0.0,0,0
dungaree,0.0,0,0
soslow,0.0,0,0
untapped,0.0,0,0
gunmetal,0.0,0,0
besties,0.0,0,0
macadamia,0.0,0,0
effable,0.0,0,0
vamp,0.0,0,0
duotone,0.0,0,0
arithmetician,0.0,0,0
inalienable,0.0,0,0
semantically,0.0,0,0
congealer,0.0,0,0
leased,0.0,0,0
holdover,0.0,0,0
morphological,0.0,0,0
untrained,0.0,0,0
flask,0.0,0,0
nog,0.0,0,0
spline,0.0,0,0
abstractly,0.0,0,0
what,0.0,0,0
spectator,0.0,0,0
congruence,0.0,0,0
automobilist,0.0,0,0
sliding,0.0,0,0
calciferous,0.0,0,0
photometric,0.0,0,0
communication,0.0,0,0
songstress,0.0,0,0
radiotelephonic,0.0,0,0
ridge,0.0,0,0
contactor,0.0,0,0
aztec,0.0,0,0
consequently,0.0,0,0
ringtail,0.0,0,0
interlunar,0.0,0,0
reputability,0.0,0,0
sculptress,0.0,0,0
coloring,0.0,0,0
iconography,0.0,0,0
buff,0.0,0,0
knickerbocker,0.0,0,0
fraternalism,0.0,0,0
oops,0.0,0,-1
horticulturalist,0.0,0,0
nondomestic,0.0,0,0
telecaster,0.0,0,0
teleportation,0.0,0,0
reanalysis,0.0,0,0
cogitative,0.0,0,0
operational,0.0,0,0
apparentness,0.0,0,0
videogame,0.0,0,0
camera,0.0,0,0
nexus,0.0,0,0
venue,0.0,0,0
interposition,0.0,0,0
bandana,0.0,0,0
ingenuously,0.0,0,0
artisan,0.0,0,0
sashimi,0.0,0,0
knick,0.0,0,0
southeasterly,0.0,0,0
bachelorship,0.0,0,0
aggregation,0.0,0,0
remunerative,0.0,0,0
aerobiology,0.0,0,0
candles,0.0,0,0
diaper,0.0,0,0
technologically,0.0,0,0
planeload,0.0,0,0
sublimed,0.0,0,0
probator,0.0,0,0
daftness,0.0,0,0
baptizer,0.0,0,0
cloven,0.0,0,0
rebroadcast,0.0,0,0
motorcyclist,0.0,0,0
antlerless,0.0,0,0
synaptic,0.0,0,0
diversifiable,0.0,0,0
oarsman,0.0,0,0
thigh,0.0,0,0
heliographic,0.0,0,0
backstretch,0.0,0,0
crabgrass,0.0,0,0
strand,0.0,0,0
consolidative,0.0,0,0
unselective,0.0,0,0
piston,0.0,0,0
shelter,0.0,0,0
placation,0.0,0,-1
overcool,0.0,0,0
intercommunication,0.0,0,0
kiwi,0.0,0,0
caloric,0.0,0,0
stonemason,0.0,0,0
limestone,0.0,0,0
breadbox,0.0,0,0
princess,0.0,0,0
unclick,0.0,0,0
enhancement,0.0,0,0
peptide,0.0,0,0
inquisitively,0.0,0,0
linkable,0.0,0,0
leatherback,0.0,0,0
underclothing,0.0,0,0
velocity,0.0,0,0
ream,0.0,0,0
casa,0.0,0,0
pulpiness,0.0,0,0
bandstand,0.0,0,0
cabriolet,0.0,0,0
update,0.0,0,0
cook,0.0,0,0
astrologist,0.0,0,0
clothespress,0.0,0,0
intuit,0.0,0,0
convocate,0.0,0,0
road,0.0,0,0
marinara,0.0,0,0
inalienability,0.0,0,0
bespoke,0.0,0,0
schoolmistress,0.0,0,0
nonrectangular,0.0,0,0
carryall,0.0,0,0
reimage,0.0,0,0
stocker,0.0,0,0
deadpan,0.0,0,0
veined,0.0,0,0
addresses,0.0,0,0
merrymaking,0.0,0,0
singer,0.0,0,0
counterbid,0.0,0,0
doily,0.0,0,0
newsletter,0.0,0,0
refried,0.0,0,0
kart,0.0,0,0
newsreel,0.0,0,0
puller,0.0,0,0
dialectically,0.0,0,0
begat,0.0,0,0
contractible,0.0,0,0
colony,0.0,0,0
collation,0.0,0,0
screenwriter,0.0,0,0
integration,0.0,0,0
outpoint,0.0,0,0
adverts,0.0,0,0
undated,0.0,0,0
megalopolis,0.0,0,0
incorporator,0.0,0,0
impersonally,0.0,0,0
associativity,0.0,0,0
retransfer,0.0,0,0
monozygotic,0.0,0,0
tell,0.0,0,0
syllabus,0.0,0,0
hohoho,0.0,0,0
gab,0.0,0,0
sandglass,0.0,0,0
creosote,0.0,0,0
buffalo,0.0,0,0
grazer,0.0,0,0
china,0.0,0,0
farmable,0.0,0,0
blank,0.0,0,0
generatively,0.0,0,0
parentage,0.0,0,0
homeomorphous,0.0,0,0
urinal,0.0,0,0
cloudlike,0.0,0,0
continentally,0.0,0,0
regimental,0.0,0,0
individualistically,0.0,0,0
identities,0.0,0,0
agua,0.0,0,0
orthogenesis,0.0,0,0
contemporize,0.0,0,0
longneck,0.0,0,0
collectible,0.0,0,0
axillary,0.0,0,0
carpel,0.0,0,0
photoemission,0.0,0,0
inertness,0.0,0,0
blimp,0.0,0,0
chickenfeed,0.0,0,0
looker,0.0,0,0
lacework,0.0,0,0
urological,0.0,0,0
interpretation,0.0,0,0
watchword,0.0,0,0
mauler,0.0,0,0
cartography,0.0,0,0
fajita,0.0,0,0
numeral,0.0,0,0
gobstopper,0.0,0,0
cognac,0.0,0,0
flavor,0.0,0,0
subtask,0.0,0,0
postmodernist,0.0,0,0
senate,0.0,0,0
electivity,0.0,0,0
thebest,0.0,0,0
boomer,0.0,0,0
dipper,0.0,0,0
decoupage,0.0,0,0
counts,0.0,0,0
reformulate,0.0,0,0
toaster,0.0,0,0
highland,0.0,0,0
repatriate,0.0,0,0
nodular,0.0,0,0
biophysical,0.0,0,0
century,0.0,0,0
nonconsecutive,0.0,0,0
titmouse,0.0,0,0
twentieth,0.0,0,0
herbalist,0.0,0,0
tern,0.0,0,0
structuralism,0.0,0,0
reviewable,0.0,0,0
preclinical,0.0,0,0
fishery,0.0,0,0
influent,0.0,0,0
truckload,0.0,0,0
shovelful,0.0,0,0
immunochemistry,0.0,0,0
maple,0.0,0,0
grandchildren,0.0,0,0
sloppiness,0.0,0,0
often,0.0,0,0
counterirritant,0.0,0,0
intersectional,0.0,0,0
gerrymander,0.0,0,0
baseball,0.0,0,0
subsidization,0.0,0,0
bluntness,0.0,0,0
grater,0.0,0,0
dazzler,0.0,0,0
achromatic,0.0,0,0
radiocarbon,0.0,0,0
analyzer,0.0,0,0
nonresident,0.0,0,0
photolithography,0.0,0,0
creamer,0.0,0,0
youtube,0.0,0,0
foliation,0.0,0,0
tendon,0.0,0,0
contributed,0.0,0,0
untidily,0.0,0,1
mushroom,0.0,0,0
archdeaconship,0.0,0,0
payee,0.0,0,0
work,0.0,0,0
canonistic,0.0,0,0
coextend,0.0,0,0
prefabricated,0.0,0,0
cairn,0.0,0,0
trestle,0.0,0,0
freudian,0.0,0,0
outmode,0.0,0,0
anthropomorphize,0.0,0,0
descendant,0.0,0,0
underclothes,0.0,0,0
edict,0.0,0,0
poems,0.0,0,0
piggy,0.0,0,0
dispensary,0.0,0,0
conceptualism,0.0,0,0
grouper,0.0,0,0
thyroidal,0.0,0,0
entomological,0.0,0,0
lipoprotein,0.0,0,0
spheroid,0.0,0,0
corroborative,0.0,0,0
redefinition,0.0,0,0
fortuitousness,0.0,0,0
piecewise,0.0,0,0
saxons,0.0,0,0
logician,0.0,0,0
duties,0.0,0,0
equidistantly,0.0,0,0
bantam,0.0,0,0
pact,0.0,0,0
cabana,0.0,0,0
premix,0.0,0,0
extrusion,0.0,0,0
halo,0.0,0,0
deconstruction,0.0,0,0
perfumer,0.0,0,0
countermark,0.0,0,0
coaxially,0.0,0,0
broadband,0.0,0,0
pdf,0.0,0,0
oilpaper,0.0,0,0
constructible,0.0,0,0
combination,0.0,0,0
hydrometeorology,0.0,0,0
nonlethal,0.0,0,0
larder,0.0,0,0
mortarboard,0.0,0,0
stucco,0.0,0,0
contradictable,0.0,0,0
impute,0.0,0,0
monorail,0.0,0,0
lordy,0.0,0,0
legibly,0.0,0,0
competency,0.0,0,0
roomful,0.0,0,0
super,0.0,0,0
claim,0.0,0,0
feedbox,0.0,0,0
strong,0.0,0,0
creditcard,0.0,0,0
vicinity,0.0,0,0
examinable,0.0,0,0
deconstruct,0.0,0,0
consulter,0.0,0,0
genomic,0.0,0,0
snapdragon,0.0,0,0
stoop,0.0,0,0
polynomial,0.0,0,0
sealskin,0.0,0,0
plutonic,0.0,0,0
enforceability,0.0,0,0
antipoetic,0.0,0,0
dynasty,0.0,0,0
perineum,0.0,0,0
manufacturing,0.0,0,0
unchangeably,0.0,0,0
aerobiological,0.0,0,0
reabsorb,0.0,0,0
mathematician,0.0,0,0
changelessness,0.0,0,0
coeducationally,0.0,0,0
sweatsuit,0.0,0,0
bipartite,0.0,0,0
clamper,0.0,0,0
astrosphere,0.0,0,0
gruel,0.0,0,0
conservable,0.0,0,0
crockery,0.0,0,0
stratum,0.0,0,0
sitcom,0.0,0,0
extemporization,0.0,0,0
flank,0.0,0,0
infinitesimal,0.0,0,0
stabilization,0.0,0,0
unchallengeable,0.0,0,0
programmable,0.0,0,0
acronym,0.0,0,0
really,0.0,0,0
lining,0.0,0,0
researchers,0.0,0,0
plainclothes,0.0,0,0
stereography,0.0,0,0
grubber,0.0,0,0
stingily,0.0,0,0
monoacid,0.0,0,0
lengthened,0.0,0,0
reposit,0.0,0,0
sweater,0.0,0,0
adherer,0.0,0,0
glutamine,0.0,0,0
land,0.0,0,0
sock,0.0,0,0
simple,0.0,0,0
nordic,0.0,0,0
xylophone,0.0,0,0
intensifier,0.0,0,0
fourscore,0.0,0,0
biomechanical,0.0,0,0
abiotic,0.0,0,0
passerby,0.0,0,0
ruling,0.0,0,0
conceive,0.0,0,0
municipally,0.0,0,0
epistemologically,0.0,0,0
toolbar,0.0,0,0
east,0.0,0,0
chap,0.0,0,0
silkscreen,0.0,0,0
resonance,0.0,0,0
weekday,0.0,0,0
foundationally,0.0,0,0
hail,0.0,0,0
budlike,0.0,0,0
elucidatory,0.0,0,0
cartographical,0.0,0,0
politico,0.0,0,0
erector,0.0,0,0
convocational,0.0,0,0
five,0.0,0,0
copartner,0.0,0,0
electromagnetic,0.0,0,0
woodenware,0.0,0,0
numbers,0.0,0,0
monochromatically,0.0,0,0
inheritable,0.0,0,0
talkativeness,0.0,0,0
anyone,0.0,0,0
niche,0.0,0,0
spherically,0.0,0,0
desk,0.0,0,0
refillable,0.0,0,0
megalithic,0.0,0,0
lymphocytic,0.0,0,0
liturgically,0.0,0,0
dowse,0.0,0,0
ammonia,0.0,0,0
azimuth,0.0,0,0
ideographically,0.0,0,0
boysenberry,0.0,0,0
burnish,0.0,0,0
sconce,0.0,0,0
sociolinguistic,0.0,0,0
subtleness,0.0,0,0
unsprayed,0.0,0,0
deserted,0.0,0,0
cardinal,0.0,0,0
detachably,0.0,0,0
antiparliamentary,0.0,0,0
sheath,0.0,0,0
formalizer,0.0,0,0
narwhal,0.0,0,0
extensional,0.0,0,0
dynastically,0.0,0,0
epigraph,0.0,0,0
inconvertibility,0.0,0,0
toupee,0.0,0,0
outworn,0.0,0,0
chronograph,0.0,0,0
card,0.0,0,0
bush,0.0,0,0
stowage,0.0,0,0
heheh,0.0,0,0
chewable,0.0,0,0
aliquot,0.0,0,0
kneeler,0.0,0,0
lankily,0.0,0,0
marinate,0.0,0,0
multivolume,0.0,0,0
procreator,0.0,0,0
quill,0.0,0,0
irrevocability,0.0,0,0
deposer,0.0,0,0
circumstantiation,0.0,0,0
forehead,0.0,0,0
snobbishly,0.0,0,0
wok,0.0,0,0
healable,0.0,0,0
dashboard,0.0,0,0
chinaware,0.0,0,0
determiner,0.0,0,0
unfathomed,0.0,0,0
ell,0.0,0,0
banality,0.0,0,0
superstore,0.0,0,0
multisystem,0.0,0,0
drugless,0.0,0,0
polymerization,0.0,0,0
arterially,0.0,0,0
earthmover,0.0,0,0
pragmatically,0.0,0,0
comedienne,0.0,0,0
superbug,0.0,0,1
eyepiece,0.0,0,0
provider,0.0,0,0
hooters,0.0,0,0
boiler,0.0,0,0
mike,0.0,0,0
bedside,0.0,0,1
unspiritual,0.0,0,0
saver,0.0,0,0
sportsperson,0.0,0,0
typesetter,0.0,0,0
concept,0.0,0,0
com,0.0,0,0
gentile,0.0,0,0
cowlick,0.0,0,0
effector,0.0,0,0
antidiuretic,0.0,0,0
atoll,0.0,0,0
substantiality,0.0,0,0
histories,0.0,0,0
lama,0.0,0,0
preceptor,0.0,0,0
dampness,0.0,0,0
seafarer,0.0,0,0
penpal,0.0,0,0
concours,0.0,0,0
uninvestigated,0.0,0,0
usefully,0.0,0,0
euphemistical,0.0,0,0
fiberglass,0.0,0,0
demography,0.0,0,0
airpower,0.0,0,0
broad,0.0,0,0
lockbox,0.0,0,0
microelement,0.0,0,0
inappreciable,0.0,0,0
tackiness,0.0,0,0
flattop,0.0,0,0
caddie,0.0,0,0
nothing,0.0,0,0
decalcification,0.0,0,0
bookmaker,0.0,0,0
clad,0.0,0,0
oregon,0.0,0,0
adulterator,0.0,0,0
fourth,0.0,0,0
whitewall,0.0,0,0
artisanship,0.0,0,0
climatologic,0.0,0,0
herpetologist,0.0,0,0
potted,0.0,0,0
unsymmetrical,0.0,0,0
megacycle,0.0,0,0
pronounceable,0.0,0,0
anticlassicist,0.0,0,0
glycerine,0.0,0,0
twiddle,0.0,0,0
elicitor,0.0,0,0
stoppable,0.0,0,0
docking,0.0,0,0
articular,0.0,0,0
poppycock,0.0,0,0
speechwriter,0.0,0,0
boys,0.0,0,0
memorize,0.0,0,0
omnivorously,0.0,0,0
antifriction,0.0,0,0
unrifled,0.0,0,0
wirepuller,0.0,0,0
tibet,0.0,0,0
vicarious,0.0,0,0
locater,0.0,0,0
depoliticize,0.0,0,0
antitheft,0.0,0,0
deflector,0.0,0,0
hazily,0.0,0,1
collative,0.0,0,0
hydrogenous,0.0,0,0
proliferation,0.0,0,0
phosphorescence,0.0,0,0
headgear,0.0,0,0
coincidental,0.0,0,0
bookrack,0.0,0,0
lexicographic,0.0,0,0
antebellum,0.0,0,0
ferry,0.0,0,0
expressively,0.0,0,0
freckle,0.0,0,0
incisiveness,0.0,0,0
extraordinarily,0.0,0,0
pas,0.0,0,0
unhyphenated,0.0,0,0
minestrone,0.0,0,0
learnt,0.0,0,0
unsystematic,0.0,0,0
purser,0.0,0,0
eatable,0.0,0,0
unless,0.0,0,0
redo,0.0,0,0
flatfoot,0.0,0,0
clanking,0.0,0,0
recommencement,0.0,0,0
dinosaur,0.0,0,0
brigade,0.0,0,0
mainstay,0.0,0,0
cousin,0.0,0,0
downwash,0.0,0,0
gravitate,0.0,0,0
megahertz,0.0,0,0
alterably,0.0,0,0
musculature,0.0,0,0
ultra,0.0,0,0
snowmobile,0.0,0,0
unquotable,0.0,0,0
gigabit,0.0,0,0
reregister,0.0,0,0
anthropomorphous,0.0,0,0
ironsides,0.0,0,0
vitalization,0.0,0,0
autographic,0.0,0,0
maidservant,0.0,0,0
defensibly,0.0,0,0
pinworm,0.0,0,0
botanize,0.0,0,0
anchorwoman,0.0,0,0
indomitably,0.0,0,0
vary,0.0,0,0
striker,0.0,0,0
skirmisher,0.0,0,0
guestbook,0.0,0,0
factitious,0.0,0,0
selfworth,0.0,0,0
biggie,0.0,0,0
predicate,0.0,0,0
incontrovertible,0.0,0,0
outlive,0.0,0,0
decide,0.0,0,0
modulate,0.0,0,0
tablecloth,0.0,0,0
malt,0.0,0,0
mainland,0.0,0,0
geophysics,0.0,0,0
quip,0.0,0,0
escaped,0.0,0,0
undeniable,0.0,0,0
technologic,0.0,0,0
optometry,0.0,0,0
temperament,0.0,0,0
rummy,0.0,0,0
distributer,0.0,0,0
bidder,0.0,0,0
abilities,0.0,0,0
beachhead,0.0,0,0
papery,0.0,0,0
eachother,0.0,0,0
enforceable,0.0,0,0
colt,0.0,0,0
foldable,0.0,0,0
illustration,0.0,0,0
piecrust,0.0,0,0
medallion,0.0,0,1
feudality,0.0,0,0
supercomputer,0.0,0,0
metaphoric,0.0,0,0
macrocosmic,0.0,0,0
precursor,0.0,0,0
nonfederal,0.0,0,0
pluralism,0.0,0,0
dimorphic,0.0,0,0
condor,0.0,0,0
justifiably,0.0,0,0
underpin,0.0,0,0
bleacher,0.0,0,0
typographical,0.0,0,0
transducer,0.0,0,0
washy,0.0,0,0
starstruck,0.0,0,1
verticality,0.0,0,0
longlegs,0.0,0,0
survivability,0.0,0,0
enlargeable,0.0,0,0
norwegian,0.0,0,0
carcinogenic,0.0,0,0
cess,0.0,0,0
honours,0.0,0,0
lithograph,0.0,0,0
seminal,0.0,0,0
yahoo,0.0,0,0
ideograph,0.0,0,0
yellowbird,0.0,0,0
atlas,0.0,0,0
dummies,0.0,0,0
encephalopathy,0.0,0,0
ragamuffin,0.0,0,0
outpace,0.0,0,0
zeta,0.0,0,0
ductless,0.0,0,0
educationalist,0.0,0,0
gradation,0.0,0,0
grouter,0.0,0,0
dialecticism,0.0,0,0
betroth,0.0,0,0
judo,0.0,0,0
conversional,0.0,0,0
contractibility,0.0,0,0
disclaimer,0.0,0,0
mortgagor,0.0,0,0
memorabilia,0.0,0,0
standardization,0.0,0,0
catsup,0.0,0,0
plurality,0.0,0,0
cluster,0.0,0,0
meat,0.0,0,0
teabag,0.0,0,0
conductibility,0.0,0,0
feudalism,0.0,0,0
staffer,0.0,0,0
frogman,0.0,0,0
traipse,0.0,0,0
dermatology,0.0,0,0
clinically,0.0,0,0
pluralization,0.0,0,0
evolve,0.0,0,0
disproof,0.0,0,0
aspiratory,0.0,0,0
solicitor,0.0,0,0
cattail,0.0,0,0
membrane,0.0,0,0
achievable,0.0,0,0
rhetorician,0.0,0,0
glutamate,0.0,0,0
referable,0.0,0,0
encoder,0.0,0,0
ate,0.0,0,0
proslavery,0.0,0,0
hacksaw,0.0,0,0
legume,0.0,0,0
clip,0.0,0,0
photocell,0.0,0,0
principles,0.0,0,0
technocrat,0.0,0,0
indispensably,0.0,0,0
sanctimonious,0.0,0,0
outbound,0.0,0,0
seven,0.0,0,0
nonteaching,0.0,0,0
tutorial,0.0,0,0
astonish,0.0,0,0
fiver,0.0,0,0
potency,0.0,0,0
ethnological,0.0,0,0
endomorphism,0.0,0,0
veneer,0.0,0,0
spacebar,0.0,0,0
worker,0.0,0,0
soil,0.0,0,0
horsehair,0.0,0,0
direction,0.0,0,0
dishcloth,0.0,0,0
untranslatability,0.0,0,0
multinational,0.0,0,0
iodide,0.0,0,0
dishware,0.0,0,0
telegram,0.0,0,0
minibus,0.0,0,0
established,0.0,0,0
thematic,0.0,0,0
stockholding,0.0,0,0
thermodynamic,0.0,0,0
evolutional,0.0,0,0
refill,0.0,0,0
ahem,0.0,0,0
midmorning,0.0,0,0
roofless,0.0,0,0
hamper,0.0,0,-1
dictograph,0.0,0,0
pagoda,0.0,0,0
hi,0.0,0,0
levitate,0.0,0,0
portly,0.0,0,0
hilarious,0.0,0,0
additional,0.0,0,0
welsh,0.0,0,0
existing,0.0,0,0
gauge,0.0,0,0
eldership,0.0,0,0
unyoked,0.0,0,0
principled,0.0,0,0
bookstand,0.0,0,0
oilseed,0.0,0,0
unicycle,0.0,0,0
noregrets,0.0,0,0
generation,0.0,0,0
physiological,0.0,0,0
countercyclical,0.0,0,0
essential,0.0,0,0
require,0.0,0,0
unicorn,0.0,0,0
complacency,0.0,0,1
retrievable,0.0,0,0
pizzazz,0.0,0,0
biostatic,0.0,0,0
vocalization,0.0,0,0
verily,0.0,0,0
denotable,0.0,0,0
minster,0.0,0,0
speaking,0.0,0,0
dioxin,0.0,0,0
pocketbook,0.0,0,0
roguishness,0.0,0,0
bridgeable,0.0,0,0
prepayment,0.0,0,0
privet,0.0,0,0
freehold,0.0,0,0
cleric,0.0,0,0
determinable,0.0,0,0
parenthetically,0.0,0,0
began,0.0,0,0
dick,0.0,0,0
disharmonious,0.0,0,-1
genes,0.0,0,0
corporation,0.0,0,0
liberalizer,0.0,0,0
anticlimactic,0.0,0,0
capitalistic,0.0,0,0
reproducer,0.0,0,0
filmgoer,0.0,0,0
evolutionary,0.0,0,0
stableman,0.0,0,0
returner,0.0,0,0
protractedly,0.0,0,0
translucently,0.0,0,0
wonk,0.0,0,0
hydrodynamics,0.0,0,0
anthological,0.0,0,0
abjectly,0.0,0,0
broadsword,0.0,0,0
everyone,0.0,0,0
distilled,0.0,0,0
dipped,0.0,0,0
donator,0.0,0,0
explanatory,0.0,0,0
shoreward,0.0,0,0
pesto,0.0,0,0
likes,0.0,0,0
unilateral,0.0,0,0
billet,0.0,0,0
multithreaded,0.0,0,0
vernacularism,0.0,0,0
magician,0.0,0,0
backwash,0.0,0,0
aidless,0.0,0,0
pin,0.0,0,0
idolism,0.0,0,0
decentralism,0.0,0,0
genetically,0.0,0,0
noncapital,0.0,0,0
electromechanical,0.0,0,0
doggie,0.0,0,0
anastomosis,0.0,0,0
proscribe,0.0,0,0
indicatively,0.0,0,0
folic,0.0,0,0
latter,0.0,0,0
covalent,0.0,0,0
peruse,0.0,0,0
enquiry,0.0,0,0
apartness,0.0,0,0
compartmental,0.0,0,0
antirealism,0.0,0,0
forward,0.0,0,0
ironwood,0.0,0,0
biosystematics,0.0,0,0
alias,0.0,0,0
congealable,0.0,0,0
almond,0.0,0,0
hobbit,0.0,0,0
homeostatic,0.0,0,0
carrot,0.0,0,0
unviewed,0.0,0,0
radiologic,0.0,0,0
linguine,0.0,0,0
encircling,0.0,0,0
programmer,0.0,0,0
boot,0.0,0,0
clerkish,0.0,0,0
charred,0.0,0,0
battlement,0.0,0,0
nonrated,0.0,0,0
supervisor,0.0,0,0
tiled,0.0,0,0
bows,0.0,0,0
drafter,0.0,0,0
deferential,0.0,0,0
crayon,0.0,0,0
consonant,0.0,0,0
delicatessen,0.0,0,0
diversity,0.0,0,0
spearman,0.0,0,0
bookshelf,0.0,0,0
basely,0.0,0,0
biosynthesis,0.0,0,0
narrative,0.0,0,0
scarface,0.0,0,0
retroactivity,0.0,0,0
mostly,0.0,0,0
credulously,0.0,0,0
symmetrical,0.0,0,0
mammoth,0.0,0,0
ground,0.0,0,0
operated,0.0,0,0
wonderfully,0.0,0,0
moonrise,0.0,0,0
womanlike,0.0,0,0
photosphere,0.0,0,0
rip,0.0,0,0
binomially,0.0,0,0
astrologic,0.0,0,0
drum,0.0,0,0
officially,0.0,0,0
wherein,0.0,0,0
takin,0.0,0,0
illustratively,0.0,0,0
measureless,0.0,0,0
firebird,0.0,0,0
nineteenth,0.0,0,0
rooftop,0.0,0,0
osmosis,0.0,0,0
netherworld,0.0,0,0
briefcase,0.0,0,0
kodak,0.0,0,0
louder,0.0,0,0
hatch,0.0,0,0
abruption,0.0,0,0
deodorizer,0.0,0,0
kraut,0.0,0,0
crystallizer,0.0,0,0
phosphor,0.0,0,0
doornail,0.0,0,0
urologic,0.0,0,0
councilman,0.0,0,0
microvolt,0.0,0,0
trivialness,0.0,0,0
orb,0.0,0,0
ram,0.0,0,0
deviser,0.0,0,0
robot,0.0,0,0
compressively,0.0,0,0
hunks,0.0,0,0
hematite,0.0,0,0
nonzero,0.0,0,0
mused,0.0,0,0
multidimensional,0.0,0,0
nanostructure,0.0,0,0
statewide,0.0,0,0
reflow,0.0,0,0
zoning,0.0,0,0
sheaf,0.0,0,0
unwished,0.0,0,0
noninterventionist,0.0,0,0
parathyroid,0.0,0,0
lords,0.0,0,0
foldaway,0.0,0,0
vessel,0.0,0,0
toggle,0.0,0,0
stegosaur,0.0,0,0
accoutrement,0.0,0,0
irrigation,0.0,0,0
phlebotomist,0.0,0,0
revisit,0.0,0,0
diaphonic,0.0,0,0
musicianship,0.0,0,0
photomechanical,0.0,0,0
propagate,0.0,0,0
crosspiece,0.0,0,0
whosoever,0.0,0,0
hairless,0.0,0,0
extent,0.0,0,0
irrevocableness,0.0,0,0
masthead,0.0,0,0
transfuse,0.0,0,0
homograph,0.0,0,0
sketching,0.0,0,0
affiche,0.0,0,0
regiment,0.0,0,0
resinous,0.0,0,0
intuitionist,0.0,0,0
cerebrospinal,0.0,0,0
ponytail,0.0,0,0
signboard,0.0,0,0
runner,0.0,0,0
waffle,0.0,0,0
pompom,0.0,0,0
binomial,0.0,0,0
optionally,0.0,0,0
collaterally,0.0,0,0
complement,0.0,0,0
intone,0.0,0,0
arabic,0.0,0,0
tablature,0.0,0,0
hexadecimal,0.0,0,0
decedent,0.0,0,0
redhead,0.0,0,0
keypad,0.0,0,0
semirural,0.0,0,0
effeminately,0.0,0,0
stuntman,0.0,0,0
woof,0.0,0,0
fingernail,0.0,0,0
dearness,0.0,0,0
atonable,0.0,0,0
transcriber,0.0,0,0
brimmer,0.0,0,0
biogenesis,0.0,0,0
folk,0.0,0,0
yolkless,0.0,0,0
arranged,0.0,0,0
pushbutton,0.0,0,0
debunker,0.0,0,0
hosier,0.0,0,0
yankees,0.0,0,0
polyether,0.0,0,0
thee,0.0,0,0
unprofitably,0.0,0,0
conversationalist,0.0,0,0
twofold,0.0,0,0
yes,0.0,0,0
breadstick,0.0,0,0
paprika,0.0,0,0
musculoskeletal,0.0,0,0
dumber,0.0,0,0
monogram,0.0,0,0
uncast,0.0,0,0
muller,0.0,0,0
cubit,0.0,0,0
incontestably,0.0,0,0
laddie,0.0,0,0
flagship,0.0,0,0
issuable,0.0,0,0
inescapably,0.0,0,0
praisegod,0.0,0,0
stonework,0.0,0,0
monthly,0.0,0,0
older,0.0,0,0
untraced,0.0,0,0
normal,0.0,0,0
man,0.0,0,0
otto,0.0,0,0
executory,0.0,0,0
computability,0.0,0,0
weathercock,0.0,0,0
chunk,0.0,0,0
are,0.0,0,0
isopropyl,0.0,0,0
skincare,0.0,0,0
condominium,0.0,0,0
bolus,0.0,0,0
charcoal,0.0,0,0
acquire,0.0,0,0
ternary,0.0,0,0
cantaloupe,0.0,0,0
brassware,0.0,0,0
slantways,0.0,0,0
condiment,0.0,0,0
humidly,0.0,0,0
multiracial,0.0,0,0
conductible,0.0,0,0
logotype,0.0,0,0
luxuriantly,0.0,0,0
duplex,0.0,0,0
multifold,0.0,0,0
despatch,0.0,0,0
glorify,0.0,0,0
dumbbell,0.0,0,0
hypotrophy,0.0,0,0
knucklebone,0.0,0,0
bioactive,0.0,0,0
aha,0.0,0,0
cornball,0.0,0,0
meaning,0.0,0,0
chart,0.0,0,0
versify,0.0,0,0
quantify,0.0,0,0
swordfish,0.0,0,0
postmeridian,0.0,0,0
motorbus,0.0,0,0
sentience,0.0,0,0
stemware,0.0,0,0
occur,0.0,0,0
rectory,0.0,0,0
tendril,0.0,0,0
unfrosted,0.0,0,0
agedly,0.0,0,0
painting,0.0,0,0
appendicular,0.0,0,0
secured,0.0,0,0
acorn,0.0,0,0
capacitate,0.0,0,0
macromolecule,0.0,0,0
monkhood,0.0,0,0
nappy,0.0,0,0
demo,0.0,0,0
hopping,0.0,0,0
inapprehensive,0.0,0,0
nipple,0.0,0,0
wreath,0.0,0,0
reef,0.0,0,0
craftsman,0.0,0,0
midcourse,0.0,0,0
specialize,0.0,0,0
unrhymed,0.0,0,0
scaleable,0.0,0,0
inarguably,0.0,0,0
geographically,0.0,0,0
ion,0.0,0,0
capsulation,0.0,0,0
neurosurgical,0.0,0,0
homogeneously,0.0,0,0
galloper,0.0,0,0
penmanship,0.0,0,0
postmistress,0.0,0,0
latherer,0.0,0,0
assimilatory,0.0,0,0
worktable,0.0,0,0
imaginative,0.0,0,0
hitherto,0.0,0,0
concessionaire,0.0,0,0
invariableness,0.0,0,0
thereto,0.0,0,0
labour,0.0,0,0
merman,0.0,0,0
untendered,0.0,0,0
jet,0.0,0,0
redemptory,0.0,0,0
qualities,0.0,0,0
maneuverable,0.0,0,0
echogram,0.0,0,0
interpreter,0.0,0,0
metaphor,0.0,0,0
gator,0.0,0,0
interact,0.0,0,0
suborbital,0.0,0,0
nevermore,0.0,0,0
formulization,0.0,0,0
electronegative,0.0,0,0
suppressant,0.0,0,0
fourteenth,0.0,0,0
newsgroup,0.0,0,0
riboflavin,0.0,0,0
stenographical,0.0,0,0
springboard,0.0,0,0
terrapin,0.0,0,0
prettiest,0.0,0,0
interpretability,0.0,0,0
reticular,0.0,0,0
topologist,0.0,0,0
kinsman,0.0,0,0
denizen,0.0,0,0
noncyclical,0.0,0,0
toolshed,0.0,0,0
boron,0.0,0,0
firewood,0.0,0,0
equestrian,0.0,0,0
histogram,0.0,0,0
around,0.0,0,0
oceanographic,0.0,0,0
contemplator,0.0,0,0
unexpired,0.0,0,0
spec,0.0,0,0
supplanter,0.0,0,0
eye,0.0,0,0
bouttime,0.0,0,0
uptowner,0.0,0,0
vividly,0.0,0,0
heterosexual,0.0,0,0
did,0.0,0,0
stat,0.0,0,0
reauthorize,0.0,0,0
fantastic,0.0,0,0
freshly,0.0,0,0
refrigerant,0.0,0,0
interleague,0.0,0,0
quince,0.0,0,0
backslapping,0.0,0,0
thing,0.0,0,0
alloy,0.0,0,0
educator,0.0,0,0
heterochromosome,0.0,0,0
oscillation,0.0,0,0
flown,0.0,0,0
chronometrically,0.0,0,0
preadmission,0.0,0,0
unlike,0.0,0,0
if,0.0,0,0
declassify,0.0,0,0
categorize,0.0,0,0
plainly,0.0,0,0
nominalist,0.0,0,0
gumption,0.0,0,0
weakly,0.0,0,-1
palette,0.0,0,0
alkalinize,0.0,0,0
diesel,0.0,0,0
incompressible,0.0,0,0
substantively,0.0,0,0
distal,0.0,0,0
equivalence,0.0,0,0
volcanologist,0.0,0,0
counterturn,0.0,0,0
recruit,0.0,0,0
concreteness,0.0,0,0
earlike,0.0,0,0
northwester,0.0,0,0
providently,0.0,0,0
diffusely,0.0,0,0
raccoon,0.0,0,0
parenthetic,0.0,0,0
postnatal,0.0,0,0
metrology,0.0,0,0
actuator,0.0,0,0
flatbed,0.0,0,0
cosmetician,0.0,0,0
gaminess,0.0,0,0
make,0.0,0,0
genre,0.0,0,0
underwriter,0.0,0,0
consultable,0.0,0,0
pectin,0.0,0,0
lira,0.0,0,0
dimensionality,0.0,0,0
sparker,0.0,0,0
t-shirt,0.0,0,0
chieftain,0.0,0,0
medically,0.0,0,0
sharpie,0.0,0,0
hydrometer,0.0,0,0
fornicated,0.0,0,0
means,0.0,0,0
mobilize,0.0,0,0
frostiness,0.0,0,1
procreative,0.0,0,0
gave,0.0,0,0
homebred,0.0,0,0
noontide,0.0,0,0
nomenclature,0.0,0,0
fingerboard,0.0,0,0
changeover,0.0,0,0
swearword,0.0,0,0
torchwood,0.0,0,0
microcosmic,0.0,0,0
geoscience,0.0,0,0
linguistically,0.0,0,0
puritanically,0.0,0,0
enzymatic,0.0,0,0
missionary,0.0,0,0
industrialism,0.0,0,0
hydrolyze,0.0,0,0
chromosome,0.0,0,0
disseminator,0.0,0,0
radiometric,0.0,0,0
marketability,0.0,0,0
receiver,0.0,0,0
conjecturer,0.0,0,0
ton,0.0,0,0
parallelism,0.0,0,0
collaborate,0.0,0,0
monotypic,0.0,0,0
fibular,0.0,0,0
cheddar,0.0,0,0
quadrangle,0.0,0,0
pentacle,0.0,0,0
moistness,0.0,0,0
guava,0.0,0,0
mitosis,0.0,0,0
precession,0.0,0,0
pachyderm,0.0,0,0
oracular,0.0,0,0
alb,0.0,0,0
spillover,0.0,0,0
detail,0.0,0,0
dorsal,0.0,0,0
tyrannosaurus,0.0,0,0
baggie,0.0,0,0
personhood,0.0,0,0
mexican,0.0,0,0
biogeography,0.0,0,0
instrumentalism,0.0,0,0
alpaca,0.0,0,0
circa,0.0,0,0
things,0.0,0,0
subpanel,0.0,0,0
way,0.0,0,0
slurp,0.0,0,0
sniffer,0.0,0,0
resembling,0.0,0,0
perm,0.0,0,0
therefore,0.0,0,0
patchouli,0.0,0,0
sharpshooter,0.0,0,0
eleventh,0.0,0,0
larynx,0.0,0,0
overstrike,0.0,0,0
multifunctional,0.0,0,0
confer,0.0,0,0
genealogically,0.0,0,0
synchronizer,0.0,0,0
superintend,0.0,0,0
predecease,0.0,0,0
shipman,0.0,0,0
antithetically,0.0,0,0
implement,0.0,0,0
tapeless,0.0,0,0
refortification,0.0,0,0
greek,0.0,0,0
stardust,0.0,0,0
candidate,0.0,0,0
sailing,0.0,0,0
adjunctively,0.0,0,0
mamma,0.0,0,0
homosexuality,0.0,0,0
multiplicatively,0.0,0,0
photographic,0.0,0,0
talc,0.0,0,0
provisions,0.0,0,0
satiability,0.0,0,0
subliminally,0.0,0,0
comma,0.0,0,0
agreeability,0.0,0,0
aristocracy,0.0,0,0
brass,0.0,0,0
pigging,0.0,0,0
entree,0.0,0,0
automat,0.0,0,0
coalition,0.0,0,0
environmental,0.0,0,0
decorator,0.0,0,0
servicewoman,0.0,0,0
haberdasher,0.0,0,0
jigger,0.0,0,0
clubbed,0.0,0,0
osteopathy,0.0,0,0
mastercard,0.0,0,0
glandless,0.0,0,0
microinjection,0.0,0,0
lebanese,0.0,0,0
superset,0.0,0,0
bleu,0.0,0,0
registrant,0.0,0,0
skimming,0.0,0,0
intrinsic,0.0,0,0
overleaf,0.0,0,0
tidewater,0.0,0,0
par,0.0,0,0
lithographer,0.0,0,0
biorhythm,0.0,0,0
interphase,0.0,0,0
cooker,0.0,0,0
disprovable,0.0,0,0
athlete,0.0,0,0
pip,0.0,0,0
biotech,0.0,0,0
forelimb,0.0,0,0
formularization,0.0,0,0
appetite,0.0,0,0
assets,0.0,0,0
native,0.0,0,0
alphabetical,0.0,0,0
nonpolitical,0.0,0,0
deselect,0.0,0,0
fiberboard,0.0,0,0
trillionth,0.0,0,0
patentability,0.0,0,0
arbitrational,0.0,0,0
urn,0.0,0,0
synchrony,0.0,0,0
actionably,0.0,0,0
senhor,0.0,0,0
megalith,0.0,0,0
basset,0.0,0,0
cosmetologist,0.0,0,0
particulate,0.0,0,0
scoreless,0.0,0,0
explainable,0.0,0,0
symbiotically,0.0,0,0
epigraphic,0.0,0,0
spatula,0.0,0,0
automotive,0.0,0,0
gram,0.0,0,0
rudiments,0.0,0,0
corroboratory,0.0,0,0
cervix,0.0,0,0
quinoa,0.0,0,0
motorcar,0.0,0,0
kissy,0.0,0,0
foreleg,0.0,0,0
correlatively,0.0,0,0
microprint,0.0,0,0
buffer,0.0,0,0
pollster,0.0,0,0
renter,0.0,0,0
audiophile,0.0,0,0
sectional,0.0,0,0
sushi,0.0,0,0
footprint,0.0,0,0
frumpishly,0.0,0,0
oxygenate,0.0,0,0
windshield,0.0,0,0
rougher,0.0,0,1
scrub,0.0,0,0
fungus,0.0,0,0
fathomless,0.0,0,0
cement,0.0,0,0
seabed,0.0,0,0
preverbal,0.0,0,0
unscented,0.0,0,0
photocomposition,0.0,0,0
cobblestone,0.0,0,0
hillbilly,0.0,0,0
latrines,0.0,0,0
dingle,0.0,0,0
proxy,0.0,0,0
steaminess,0.0,0,0
acapulco,0.0,0,0
marxist,0.0,0,0
sedan,0.0,0,0
grated,0.0,0,0
anaerobic,0.0,0,0
roundworm,0.0,0,0
hematologic,0.0,0,0
episode,0.0,0,0
inappreciably,0.0,0,0
herringbone,0.0,0,0
fertilization,0.0,0,0
tractability,0.0,0,0
supernormal,0.0,0,0
repaper,0.0,0,0
monarch,0.0,0,0
recently,0.0,0,0
crowdsourcing,0.0,0,0
connectible,0.0,0,0
abider,0.0,0,0
piece,0.0,0,0
stound,0.0,0,0
suspenders,0.0,0,0
widget,0.0,0,0
dolomite,0.0,0,0
sown,0.0,0,0
look,0.0,0,0
threefold,0.0,0,0
martingale,0.0,0,0
importable,0.0,0,0
clicker,0.0,0,0
hippo,0.0,0,0
uncompelled,0.0,0,0
spatiality,0.0,0,0
temperature,0.0,0,0
factious,0.0,0,0
innovational,0.0,0,0
voter,0.0,0,0
cried,0.0,0,0
iris,0.0,0,0
ingenuous,0.0,0,0
horticulturist,0.0,0,0
choirmaster,0.0,0,0
citrate,0.0,0,0
viceroy,0.0,0,0
behooved,0.0,0,0
cue,0.0,0,0
oversupply,0.0,0,0
wireman,0.0,0,0
nonrevenue,0.0,0,0
utility,0.0,0,0
bisymmetrical,0.0,0,0
mulder,0.0,0,0
brickyard,0.0,0,0
didgeridoo,0.0,0,0
woodwind,0.0,0,0
particular,0.0,0,0
liverwurst,0.0,0,0
barometry,0.0,0,0
pentatonic,0.0,0,0
varicella,0.0,0,0
gypsum,0.0,0,0
pedagogic,0.0,0,0
provolone,0.0,0,0
attorney,0.0,0,0
supergene,0.0,0,0
completed,0.0,0,0
altitudinal,0.0,0,0
quarterback,0.0,0,0
hairclip,0.0,0,0
unification,0.0,0,0
contributor,0.0,0,0
arc,0.0,0,0
woody,0.0,0,0
nominative,0.0,0,0
flange,0.0,0,0
alto,0.0,0,0
shadowlike,0.0,0,0
episcopal,0.0,0,0
dicer,0.0,0,0
kraken,0.0,0,0
tablemate,0.0,0,0
macrocosm,0.0,0,0
biracial,0.0,0,0
hogshead,0.0,0,0
untutored,0.0,0,0
biomathematics,0.0,0,0
fifty,0.0,0,0
oxygenic,0.0,0,0
unrenowned,0.0,0,0
dreadlock,0.0,0,0
pejoratively,0.0,0,0
asset,0.0,0,0
quantifiably,0.0,0,0
rearward,0.0,0,0
condition,0.0,0,0
compartmentalization,0.0,0,0
cummerbund,0.0,0,0
flatterer,0.0,0,0
hypotheses,0.0,0,0
gruff,0.0,0,-1
fillet,0.0,0,0
fermentative,0.0,0,0
second,0.0,0,0
nifty,0.0,0,0
philosophy,0.0,0,0
convolution,0.0,0,0
mixture,0.0,0,0
hippodrome,0.0,0,0
multifilament,0.0,0,0
sumo,0.0,0,0
heretofore,0.0,0,0
orthotropic,0.0,0,0
laundress,0.0,0,0
harpist,0.0,0,0
immovably,0.0,0,0
spectrometry,0.0,0,0
revalidate,0.0,0,0
scoop,0.0,0,0
maximally,0.0,0,0
molecule,0.0,0,0
frostlike,0.0,0,0
compared,0.0,0,0
unexpressed,0.0,0,0
diagnostic,0.0,0,0
potentate,0.0,0,0
codification,0.0,0,0
lactose,0.0,0,0
sodas,0.0,0,0
tiredofit,0.0,0,0
cardiovascular,0.0,0,0
elastically,0.0,0,0
bitmap,0.0,0,0
chloroplast,0.0,0,0
bookbindery,0.0,0,0
subscript,0.0,0,0
permutable,0.0,0,0
involution,0.0,0,0
teach,0.0,0,0
hap,0.0,0,0
postdoctoral,0.0,0,0
invincibleness,0.0,0,0
symbiotic,0.0,0,0
transcription,0.0,0,0
seventyfold,0.0,0,0
oppositely,0.0,0,0
histological,0.0,0,0
goalpost,0.0,0,0
flatulent,0.0,0,0
star,0.0,0,0
newspaper,0.0,0,0
impounder,0.0,0,0
justifiableness,0.0,0,0
juxtapose,0.0,0,0
microprocessor,0.0,0,0
reappoint,0.0,0,0
genealogy,0.0,0,0
noninfectious,0.0,0,0
irrelevantly,0.0,0,0
tortoiseshell,0.0,0,0
cockatiel,0.0,0,0
couple,0.0,0,0
whiff,0.0,0,-1
exchangeability,0.0,0,0
mineralogy,0.0,0,0
prophetically,0.0,0,0
deuced,0.0,0,0
housewifery,0.0,0,0
earthborn,0.0,0,0
dimly,0.0,0,0
multidimensionality,0.0,0,0
copperplate,0.0,0,0
him,0.0,0,0
glen,0.0,0,0
catcher,0.0,0,0
enlistment,0.0,0,0
troop,0.0,0,0
copies,0.0,0,0
crumpled,0.0,0,0
iceboat,0.0,0,0
sized,0.0,0,0
intrinsically,0.0,0,0
candescent,0.0,0,0
freemasonry,0.0,0,0
stroganoff,0.0,0,0
rounded,0.0,0,0
geopolitically,0.0,0,0
heliport,0.0,0,0
kabob,0.0,0,0
semispherical,0.0,0,0
nominate,0.0,0,0
establishmentarianism,0.0,0,0
school,0.0,0,0
handwriting,0.0,0,0
frequencies,0.0,0,0
odorant,0.0,0,0
cameraman,0.0,0,0
impedance,0.0,0,0
stockings,0.0,0,0
opposite,0.0,0,0
allstar,0.0,0,0
electrostatic,0.0,0,0
dairyman,0.0,0,0
accentual,0.0,0,0
eyeshot,0.0,0,0
tush,0.0,0,0
surpassing,0.0,0,0
nickel,0.0,0,0
indescribability,0.0,0,0
precast,0.0,0,0
quadruplicate,0.0,0,0
trustable,0.0,0,0
victimless,0.0,0,0
alphanumeric,0.0,0,0
fecklessly,0.0,0,1
certify,0.0,0,0
verse,0.0,0,0
will,0.0,0,0
telegraphic,0.0,0,0
conceptive,0.0,0,0
hydroxyl,0.0,0,0
mascot,0.0,0,0
fern,0.0,0,0
chucklehead,0.0,0,0
pervade,0.0,0,0
dockage,0.0,0,0
liberalistic,0.0,0,0
outnumber,0.0,0,0
formulation,0.0,0,0
hight,0.0,0,0
diskette,0.0,0,0
unprolific,0.0,0,0
lowlander,0.0,0,0
cryptologist,0.0,0,0
bisymmetrically,0.0,0,0
pedagogically,0.0,0,0
pinafore,0.0,0,0
substratum,0.0,0,0
cod,0.0,0,0
pancreas,0.0,0,0
begin,0.0,0,0
suffice,0.0,0,0
hemline,0.0,0,0
shadow,0.0,0,0
producible,0.0,0,0
uncharged,0.0,0,0
portugal,0.0,0,0
northwestern,0.0,0,0
mesquite,0.0,0,0
horsepower,0.0,0,0
redraft,0.0,0,0
specifier,0.0,0,0
teli,0.0,0,0
miswrite,0.0,0,0
dragster,0.0,0,0
landownership,0.0,0,0
encapsulation,0.0,0,0
medulla,0.0,0,0
reportedly,0.0,0,0
chronographic,0.0,0,0
tiddlywinks,0.0,0,0
rustic,0.0,0,0
clothes,0.0,0,0
liter,0.0,0,0
evangelization,0.0,0,0
anywhere,0.0,0,0
calibrator,0.0,0,0
thinktank,0.0,0,0
generic,0.0,0,0
creamery,0.0,0,0
nameplate,0.0,0,0
plughole,0.0,0,0
thankyou,0.0,0,0
trenchant,0.0,0,0
professedly,0.0,0,0
zoographic,0.0,0,0
detailer,0.0,0,0
epidemiologist,0.0,0,0
something,0.0,0,0
vertebrate,0.0,0,0
prevailing,0.0,0,0
uncountable,0.0,0,0
geometry,0.0,0,0
motherboard,0.0,0,0
biofeedback,0.0,0,0
capsule,0.0,0,0
jive,0.0,0,0
dexterity,0.0,0,0
selector,0.0,0,0
runes,0.0,0,0
fluid,0.0,0,0
rein,0.0,0,0
concordant,0.0,0,0
tongs,0.0,0,0
caretaking,0.0,0,0
radiotherapist,0.0,0,0
palace,0.0,0,0
monosyllabic,0.0,0,0
bookshop,0.0,0,0
is,0.0,0,0
coverer,0.0,0,0
federation,0.0,0,0
striation,0.0,0,0
yeoman,0.0,0,0
intermediately,0.0,0,0
codify,0.0,0,0
driveshaft,0.0,0,0
dam,0.0,0,0
unpresuming,0.0,0,0
omnificent,0.0,0,0
biochemical,0.0,0,0
plugged,0.0,0,0
multiplication,0.0,0,0
horizontality,0.0,0,0
sociocultural,0.0,0,0
adaptation,0.0,0,0
watery,0.0,0,0
decanter,0.0,0,0
pluggable,0.0,0,0
squared,0.0,0,0
uncap,0.0,0,0
dower,0.0,0,0
book,0.0,0,0
profound,0.0,0,0
assay,0.0,0,0
multisensory,0.0,0,0
micro,0.0,0,0
electroform,0.0,0,0
perception,0.0,0,0
joist,0.0,0,0
kirk,0.0,0,0
transparent,0.0,0,0
conserve,0.0,0,0
drabness,0.0,0,0
loom,0.0,0,0
seventy,0.0,0,0
dubbing,0.0,0,0
innateness,0.0,0,0
donkey,0.0,0,0
trigonometric,0.0,0,0
vista,0.0,0,0
fantastically,0.0,0,0
facetiously,0.0,0,0
papyrus,0.0,0,0
invariability,0.0,0,0
octahedral,0.0,0,0
biogenic,0.0,0,0
hyphenation,0.0,0,0
hamster,0.0,0,0
referential,0.0,0,0
cloned,0.0,0,0
announcer,0.0,0,0
hydromechanics,0.0,0,0
mach,0.0,0,0
lieu,0.0,0,0
predominant,0.0,0,0
hairsplitting,0.0,0,0
neoimpressionist,0.0,0,0
unmindful,0.0,0,0
intrapulmonary,0.0,0,0
gentlemanliness,0.0,0,0
scabbard,0.0,0,0
multipoint,0.0,0,0
ignitability,0.0,0,0
straggler,0.0,0,0
connectedness,0.0,0,1
particleboard,0.0,0,0
grungy,0.0,0,0
centuries,0.0,0,0
woodwork,0.0,0,0
fireguard,0.0,0,0
facial,0.0,0,0
eastwardly,0.0,0,0
filmy,0.0,0,0
nucleus,0.0,0,0
espousal,0.0,0,0
mountainside,0.0,0,0
bondswoman,0.0,0,0
bummed,0.0,0,1
hippocampus,0.0,0,0
unconsecrated,0.0,0,0
biyearly,0.0,0,0
lateral,0.0,0,0
tribune,0.0,0,0
consecutive,0.0,0,0
marketwise,0.0,0,0
postcard,0.0,0,0
establisher,0.0,0,0
nickname,0.0,0,0
retractable,0.0,0,0
polenta,0.0,0,0
avidly,0.0,0,0
programming,0.0,0,0
hipster,0.0,0,0
residuary,0.0,0,0
shaped,0.0,0,0
frictionally,0.0,0,0
pinstripe,0.0,0,0
demodulation,0.0,0,0
lacrosse,0.0,0,0
uncapsizable,0.0,0,0
propane,0.0,0,0
dartboard,0.0,0,0
jornada,0.0,0,0
terseness,0.0,0,0
cranium,0.0,0,0
consul,0.0,0,0
landward,0.0,0,0
aerosol,0.0,0,0
demonstrability,0.0,0,0
hydroscopic,0.0,0,0
limewater,0.0,0,0
reckon,0.0,0,0
reviewer,0.0,0,0
oxygenation,0.0,0,0
legwork,0.0,0,0
rapeseed,0.0,0,0
physiologic,0.0,0,0
requestor,0.0,0,0
cylindrical,0.0,0,0
retroversion,0.0,0,0
rapper,0.0,0,0
inconsequent,0.0,0,0
throne,0.0,0,0
these,0.0,0,0
conceivability,0.0,0,0
overdone,0.0,0,0
microcomputer,0.0,0,0
filename,0.0,0,0
baldhead,0.0,0,0
developmental,0.0,0,0
fastidious,0.0,0,1
forevermore,0.0,0,0
hydrophilic,0.0,0,0
telemetry,0.0,0,0
initially,0.0,0,0
herbicidal,0.0,0,0
pontific,0.0,0,0
haiku,0.0,0,0
rouge,0.0,0,0
hairdress,0.0,0,0
hindquarter,0.0,0,0
tactility,0.0,0,0
brackets,0.0,0,0
tapir,0.0,0,0
juror,0.0,0,0
trainee,0.0,0,0
regrind,0.0,0,0
ravioli,0.0,0,0
warrantor,0.0,0,0
backgammon,0.0,0,0
recalculation,0.0,0,0
splicer,0.0,0,0
outscore,0.0,0,0
barometrically,0.0,0,0
polysyllabic,0.0,0,0
pollock,0.0,0,0
swivel,0.0,0,0
acupuncturist,0.0,0,0
esoterically,0.0,0,0
hydrophone,0.0,0,0
eventually,0.0,0,0
citizenship,0.0,0,0
synergic,0.0,0,0
backwards,0.0,0,0
attracter,0.0,0,0
steward,0.0,0,0
screw,0.0,0,0
plumpness,0.0,0,0
nobody,0.0,0,0
theoretician,0.0,0,0
olfactory,0.0,0,0
chemist,0.0,0,0
intercompany,0.0,0,0
reseed,0.0,0,0
niacin,0.0,0,0
drywall,0.0,0,0
idealist,0.0,0,0
treasurer,0.0,0,0
sextant,0.0,0,0
allegro,0.0,0,0
redskin,0.0,0,0
aggregately,0.0,0,0
honorability,0.0,0,0
commoner,0.0,0,0
dogfood,0.0,0,0
payoff,0.0,0,0
darling,0.0,0,0
herbivore,0.0,0,0
metalloid,0.0,0,0
sarsaparilla,0.0,0,0
for,0.0,0,0
explain,0.0,0,0
virologist,0.0,0,0
couplet,0.0,0,0
laminated,0.0,0,0
invalidity,0.0,0,0
woodhouse,0.0,0,0
intensiveness,0.0,0,0
savannah,0.0,0,0
nonobjective,0.0,0,0
applicatory,0.0,0,0
sunspot,0.0,0,0
pantry,0.0,0,0
counterclockwise,0.0,0,0
armoire,0.0,0,0
parallax,0.0,0,0
fortuitous,0.0,0,0
unceremonious,0.0,0,0
thermally,0.0,0,0
alumnus,0.0,0,0
devolutionary,0.0,0,0
anticonvulsive,0.0,0,0
chargeable,0.0,0,0
unlatch,0.0,0,0
xylophonic,0.0,0,0
gals,0.0,0,0
plasticize,0.0,0,0
streak,0.0,0,0
experiences,0.0,0,0
clairvoyant,0.0,0,0
eightyfold,0.0,0,0
respectively,0.0,0,0
cargo,0.0,0,0
unchallenged,0.0,0,0
widescreen,0.0,0,0
paisley,0.0,0,0
conservatorium,0.0,0,0
bombproof,0.0,0,0
sportswriter,0.0,0,0
unpronounced,0.0,0,0
explanation,0.0,0,0
liverwort,0.0,0,0
patronage,0.0,0,0
anemone,0.0,0,0
subpassage,0.0,0,0
dehumidify,0.0,0,0
undergrad,0.0,0,0
grammarless,0.0,0,0
gooo,0.0,0,0
dandy,0.0,0,0
dripping,0.0,0,0
abbreviate,0.0,0,0
battalion,0.0,0,0
qualitatively,0.0,0,0
reparability,0.0,0,0
nonhereditary,0.0,0,0
fuckyeah,0.0,0,0
downstage,0.0,0,0
homing,0.0,0,0
fortuity,0.0,0,0
albacore,0.0,0,0
acidize,0.0,0,0
undisputable,0.0,0,0
crossbeam,0.0,0,0
dueler,0.0,0,0
enclosed,0.0,0,0
passable,0.0,0,0
harmonics,0.0,0,0
fossilize,0.0,0,0
fullscreen,0.0,0,0
housewife,0.0,0,0
engineering,0.0,0,0
added,0.0,0,0
bequeathal,0.0,0,0
trouper,0.0,0,0
misspell,0.0,0,0
machinery,0.0,0,0
legation,0.0,0,0
topcoat,0.0,0,0
polyurethane,0.0,0,0
custodianship,0.0,0,0
restraint,0.0,0,0
lumberyard,0.0,0,0
demigod,0.0,0,0
tackle,0.0,0,0
reticulum,0.0,0,0
renewably,0.0,0,0
krill,0.0,0,0
crankshaft,0.0,0,0
congregate,0.0,0,0
tabulator,0.0,0,0
innumeracy,0.0,0,0
pedagogue,0.0,0,0
bread,0.0,0,0
shuttle,0.0,0,0
widower,0.0,0,0
lattice,0.0,0,0
empirically,0.0,0,0
lactic,0.0,0,0
suntan,0.0,0,0
bacteriology,0.0,0,0
finisher,0.0,0,0
xenomorphic,0.0,0,0
taxonomist,0.0,0,0
mandibular,0.0,0,0
elongation,0.0,0,0
vegetable,0.0,0,0
offhandedly,0.0,0,0
snowfield,0.0,0,0
etymologize,0.0,0,0
determinative,0.0,0,0
conjunctively,0.0,0,0
sublet,0.0,0,0
miniaturist,0.0,0,0
fibreless,0.0,0,0
bovine,0.0,0,0
distaste,0.0,0,1
tuner,0.0,0,0
brainwave,0.0,0,0
microsecond,0.0,0,0
convolutional,0.0,0,0
winemaking,0.0,0,0
millennial,0.0,0,0
cog,0.0,0,0
hypostasis,0.0,0,0
hydrolyte,0.0,0,0
coincidence,0.0,0,0
riverweed,0.0,0,0
pharmacologist,0.0,0,0
dockyard,0.0,0,0
bandmaster,0.0,0,0
stratified,0.0,0,0
unplaced,0.0,0,0
ontology,0.0,0,0
redresser,0.0,0,0
gangway,0.0,0,0
batman,0.0,0,0
paralympic,0.0,0,0
reselection,0.0,0,0
linesman,0.0,0,0
scripturally,0.0,0,0
affectedness,0.0,0,0
membranous,0.0,0,0
bisector,0.0,0,0
furbish,0.0,0,0
doctor,0.0,0,0
headshrinker,0.0,0,0
lengthener,0.0,0,0
potatoes,0.0,0,0
psychokinetic,0.0,0,0
nonconvertible,0.0,0,0
demonstrational,0.0,0,0
wirework,0.0,0,0
circumstantial,0.0,0,0
ceremonious,0.0,0,0
obligator,0.0,0,0
xanthium,0.0,0,0
inarticulately,0.0,0,0
dodger,0.0,0,0
novel,0.0,0,0
vacuole,0.0,0,0
incentive,0.0,0,0
berries,0.0,0,0
operationalization,0.0,0,0
worldview,0.0,0,0
godfather,0.0,0,0
realignment,0.0,0,0
laserdisc,0.0,0,0
intracellular,0.0,0,0
namelessly,0.0,0,0
zenith,0.0,0,0
intermit,0.0,0,0
underfloor,0.0,0,0
pseudonym,0.0,0,0
bisymmetric,0.0,0,0
twelve,0.0,0,0
extraneousness,0.0,0,0
tbh,0.0,0,0
hominy,0.0,0,0
sorbitol,0.0,0,0
sander,0.0,0,0
transporter,0.0,0,0
perinatal,0.0,0,0
chairmanship,0.0,0,0
ecclesiastic,0.0,0,0
singlehanded,0.0,0,0
traceably,0.0,0,0
uniformed,0.0,0,0
skyscraping,0.0,0,0
bankcard,0.0,0,0
caboodle,0.0,0,0
sailorman,0.0,0,0
exhalant,0.0,0,0
sophomoric,0.0,0,0
defog,0.0,0,0
subspecialty,0.0,0,0
nul,0.0,0,0
lionfish,0.0,0,0
mailer,0.0,0,0
tupperware,0.0,0,0
scotch,0.0,0,0
explicitness,0.0,0,0
interprovincial,0.0,0,0
parallelogram,0.0,0,0
caviar,0.0,0,0
layman,0.0,0,0
prove,0.0,0,0
once,0.0,0,0
magnetron,0.0,0,0
telegraphically,0.0,0,0
intentional,0.0,0,0
coiler,0.0,0,0
goldmine,0.0,0,0
factorability,0.0,0,0
oink,0.0,0,0
phototypography,0.0,0,0
yield,0.0,0,0
return,0.0,0,0
leaven,0.0,0,0
unrelated,0.0,0,0
excusably,0.0,0,0
femininity,0.0,0,0
quadrillion,0.0,0,0
rollover,0.0,0,0
wreathlike,0.0,0,0
flagstaff,0.0,0,0
mineralization,0.0,0,0
abstractionist,0.0,0,0
pipeline,0.0,0,0
aquarian,0.0,0,0
analyzable,0.0,0,0
sidewalk,0.0,0,0
gooseneck,0.0,0,0
realised,0.0,0,0
hematological,0.0,0,0
reacquisition,0.0,0,0
hairball,0.0,0,0
counterstatement,0.0,0,0
doctrinally,0.0,0,0
seeing,0.0,0,0
girder,0.0,0,0
hydrochemistry,0.0,0,0
microstructure,0.0,0,0
keyboardist,0.0,0,0
forthrightness,0.0,0,0
your,0.0,0,0
aggrieved,0.0,0,0
quesadilla,0.0,0,0
notation,0.0,0,0
reselect,0.0,0,0
tropism,0.0,0,0
microsurgical,0.0,0,0
backroom,0.0,0,0
subordinately,0.0,0,0
excommunicative,0.0,0,0
preconcert,0.0,0,0
unrobed,0.0,0,0
bagger,0.0,0,0
rail,0.0,0,0
motif,0.0,0,0
discreteness,0.0,0,0
sociology,0.0,0,0
roadway,0.0,0,0
heredity,0.0,0,0
tadpole,0.0,0,0
paraphraser,0.0,0,0
archaeologically,0.0,0,0
fleecy,0.0,0,0
increasable,0.0,0,0
extendibility,0.0,0,0
reagent,0.0,0,0
untagged,0.0,0,0
overarch,0.0,0,0
marmite,0.0,0,0
brownies,0.0,0,0
antiquarian,0.0,0,0
chromosomal,0.0,0,0
lightsaber,0.0,0,0
lading,0.0,0,0
paid,0.0,0,0
ref,0.0,0,0
idea,0.0,0,0
adjustor,0.0,0,0
microphotography,0.0,0,0
hydrosulfide,0.0,0,0
memoire,0.0,0,0
greyhound,0.0,0,0
cytogenesis,0.0,0,0
paraglider,0.0,0,0
convective,0.0,0,0
ganglia,0.0,0,0
ringlet,0.0,0,0
factor,0.0,0,0
cortex,0.0,0,0
siberian,0.0,0,0
frontward,0.0,0,0
who,0.0,0,0
hierarch,0.0,0,0
unvarying,0.0,0,0
grounder,0.0,0,0
pig,0.0,0,0
integrationist,0.0,0,0
crewmember,0.0,0,0
rotor,0.0,0,0
ability,0.0,0,0
interfamily,0.0,0,0
source,0.0,0,0
microbiologist,0.0,0,0
individualistic,0.0,0,0
unrealism,0.0,0,0
adverb,0.0,0,0
effectually,0.0,0,0
cyrillic,0.0,0,0
webmaster,0.0,0,0
dehypnotize,0.0,0,0
archaeologist,0.0,0,0
geography,0.0,0,0
hydrological,0.0,0,0
biweekly,0.0,0,0
modeless,0.0,0,0
dynamist,0.0,0,0
purifier,0.0,0,0
mainframe,0.0,0,0
impressionism,0.0,0,0
sextuplet,0.0,0,0
balloonist,0.0,0,0
smelt,0.0,0,0
isomorphic,0.0,0,0
prizefight,0.0,0,0
unclaimed,0.0,0,0
salivation,0.0,0,0
cassock,0.0,0,0
six,0.0,0,0
psychometrical,0.0,0,0
manufactured,0.0,0,0
gingerbread,0.0,0,0
pile,0.0,0,0
croupier,0.0,0,0
bleachable,0.0,0,0
fingerprint,0.0,0,0
prayerfully,0.0,0,0
nonadjustable,0.0,0,0
descriptive,0.0,0,0
retail,0.0,0,0
lymphoblast,0.0,0,0
nitrogen,0.0,0,0
armenian,0.0,0,0
propagation,0.0,0,0
unexploited,0.0,0,0
bullfinch,0.0,0,0
toxicologist,0.0,0,0
wildfowl,0.0,0,0
constitutionally,0.0,0,0
bondholding,0.0,0,0
nameable,0.0,0,0
finless,0.0,0,0
testified,0.0,0,0
biotic,0.0,0,0
effectuate,0.0,0,0
bookmobile,0.0,0,0
consultant,0.0,0,0
proof,0.0,0,0
quarterly,0.0,0,0
luminosity,0.0,0,0
rosewood,0.0,0,0
cyclometer,0.0,0,0
succulent,0.0,0,0
haemaglobin,0.0,0,0
polyhedron,0.0,0,0
directorial,0.0,0,0
microcosmical,0.0,0,0
envoy,0.0,0,0
moth,0.0,0,0
baboon,0.0,0,0
arrow,0.0,0,0
bactericide,0.0,0,0
neutrally,0.0,0,0
insipidity,0.0,0,0
zapper,0.0,0,0
sanctimoniously,0.0,0,0
hyperphysical,0.0,0,0
quartette,0.0,0,0
hogg,0.0,0,0
wagerer,0.0,0,0
furnisher,0.0,0,0
unsearchable,0.0,0,0
reintegrate,0.0,0,0
contemporaneously,0.0,0,0
slang,0.0,0,0
offspring,0.0,0,0
golem,0.0,0,0
stipple,0.0,0,0
metalworker,0.0,0,0
match,0.0,0,0
historically,0.0,0,0
oft,0.0,0,0
capacious,0.0,0,0
debunk,0.0,0,0
dunno,0.0,0,0
human,0.0,0,0
quinine,0.0,0,0
professor,0.0,0,0
tusk,0.0,0,0
skywrite,0.0,0,0
counterculture,0.0,0,0
unpaged,0.0,0,0
electrode,0.0,0,0
equivalency,0.0,0,0
union,0.0,0,0
asymptomatic,0.0,0,0
restate,0.0,0,0
booklist,0.0,0,0
subpart,0.0,0,0
geld,0.0,0,0
yardstick,0.0,0,0
pastry,0.0,0,0
glucosamine,0.0,0,0
socratic,0.0,0,0
mover,0.0,0,0
seismological,0.0,0,0
hormone,0.0,0,0
pictograph,0.0,0,0
unfired,0.0,0,0
find,0.0,0,0
fraternal,0.0,0,0
televise,0.0,0,0
yellowtail,0.0,0,0
kung,0.0,0,0
undifferentiated,0.0,0,0
pathologist,0.0,0,0
cashbook,0.0,0,0
chick,0.0,0,0
knitter,0.0,0,0
inoffensive,0.0,0,0
outspent,0.0,0,1
monofilament,0.0,0,0
abet,0.0,0,0
haunch,0.0,0,0
capping,0.0,0,0
ophthalmic,0.0,0,0
frequently,0.0,0,0
artificial,0.0,0,0
houseman,0.0,0,0
stoutness,0.0,0,0
prior,0.0,0,0
inanimate,0.0,0,0
armor,0.0,0,0
eighteen,0.0,0,0
physiologically,0.0,0,0
embryogenesis,0.0,0,0
quintessential,0.0,0,0
gummed,0.0,0,0
timberwork,0.0,0,0
fullback,0.0,0,0
parenthetical,0.0,0,0
granularity,0.0,0,0
expulsive,0.0,0,0
overmodest,0.0,0,0
glibly,0.0,0,0
abacus,0.0,0,0
tandem,0.0,0,0
nonspecific,0.0,0,0
batter,0.0,0,0
tarmac,0.0,0,0
groundhog,0.0,0,0
precincts,0.0,0,0
polyhedral,0.0,0,0
cassette,0.0,0,0
castled,0.0,0,0
conventionalize,0.0,0,0
podiatry,0.0,0,0
ipad,0.0,0,0
soggy,0.0,0,0
hydroelectric,0.0,0,0
jacks,0.0,0,0
unboundedly,0.0,0,0
packager,0.0,0,0
microbiologic,0.0,0,0
sandfish,0.0,0,0
prescience,0.0,0,0
excisable,0.0,0,0
anagrammatically,0.0,0,0
footnoted,0.0,0,0
chromolithographic,0.0,0,0
cathode,0.0,0,0
brownish,0.0,0,0
hanukkah,0.0,0,0
fizzle,0.0,0,0
herdsman,0.0,0,0
metaphysical,0.0,0,0
stewardship,0.0,0,0
heterozygous,0.0,0,0
citizen,0.0,0,0
exportation,0.0,0,0
nonconformity,0.0,0,0
frankfurter,0.0,0,0
fruit,0.0,0,0
semiotic,0.0,0,0
bien,0.0,0,0
fragment,0.0,0,0
irrecognizable,0.0,0,0
recertify,0.0,0,0
sycamore,0.0,0,0
cabinetry,0.0,0,0
laundry,0.0,0,0
specificity,0.0,0,0
feeder,0.0,0,0
ox,0.0,0,0
capsulate,0.0,0,0
bibliographical,0.0,0,0
soprano,0.0,0,0
hehe,0.0,0,0
myocardium,0.0,0,0
definition,0.0,0,0
durational,0.0,0,0
compartmentally,0.0,0,0
substance,0.0,0,0
jihadist,0.0,0,0
nasa,0.0,0,0
sanitary,0.0,0,0
physiographical,0.0,0,0
chooser,0.0,0,0
spectroscopy,0.0,0,0
chanter,0.0,0,0
explorer,0.0,0,0
winker,0.0,0,0
substantiation,0.0,0,0
triangulate,0.0,0,0
ridged,0.0,0,0
midwifery,0.0,0,0
serif,0.0,0,0
opinion,0.0,0,0
appropriative,0.0,0,0
compensatory,0.0,0,0
cryptographer,0.0,0,0
jurist,0.0,0,0
carbonless,0.0,0,0
chardonnay,0.0,0,0
dichotomist,0.0,0,0
marrowbone,0.0,0,0
sutra,0.0,0,0
kaleidoscopically,0.0,0,0
ware,0.0,0,0
dutchman,0.0,0,0
darkly,0.0,0,1
interactivity,0.0,0,0
wipe,0.0,0,0
woodstove,0.0,0,0
nonretirement,0.0,0,0
convention,0.0,0,0
euchre,0.0,0,0
photo,0.0,0,0
bluish,0.0,0,0
ideals,0.0,0,0
calorie,0.0,0,0
unattractiveness,0.0,0,0
craig,0.0,0,0
pentagonal,0.0,0,0
general,0.0,0,0
nuclei,0.0,0,0
sanka,0.0,0,0
nonmetallic,0.0,0,0
reticule,0.0,0,0
nonliterary,0.0,0,0
duly,0.0,0,0
unrigging,0.0,0,0
bushman,0.0,0,0
bicentenary,0.0,0,0
cochineal,0.0,0,0
slug,0.0,0,0
housetop,0.0,0,0
truth,0.0,0,0
unanimated,0.0,0,0
materiality,0.0,0,0
idk,0.0,0,0
tubule,0.0,0,0
people,0.0,0,0
articulator,0.0,0,0
boatwoman,0.0,0,0
psychophysiology,0.0,0,0
someone,0.0,0,0
watchable,0.0,0,0
sportswoman,0.0,0,0
blacker,0.0,0,0
multifamily,0.0,0,0
enzymologist,0.0,0,0
midrange,0.0,0,0
subsystem,0.0,0,0
rhapsody,0.0,0,0
coincidentally,0.0,0,0
mormon,0.0,0,0
crab,0.0,0,0
unstructured,0.0,0,0
lumberjack,0.0,0,0
jazz,0.0,0,0
joinable,0.0,0,0
fluffily,0.0,0,0
stripe,0.0,0,0
modification,0.0,0,0
fiefdom,0.0,0,0
spray,0.0,0,0
radioactively,0.0,0,0
titan,0.0,0,0
eyed,0.0,0,0
steelyard,0.0,0,0
dunker,0.0,0,0
vestibular,0.0,0,0
imprinter,0.0,0,0
comment,0.0,0,0
epistemology,0.0,0,0
amalgamator,0.0,0,0
homomorphism,0.0,0,0
infrastructure,0.0,0,0
maximum,0.0,0,0
postcolonial,0.0,0,0
clownfish,0.0,0,0
phd,0.0,0,0
dram,0.0,0,0
nonpartisan,0.0,0,0
valuer,0.0,0,0
growler,0.0,0,0
khaki,0.0,0,0
herbarium,0.0,0,0
phenyl,0.0,0,0
explication,0.0,0,0
dupe,0.0,0,-1
chapman,0.0,0,0
gelatin,0.0,0,0
cubby,0.0,0,0
eradicable,0.0,0,0
unbeaten,0.0,0,0
qualifies,0.0,0,0
buttoner,0.0,0,0
exploratory,0.0,0,0
beaker,0.0,0,0
pedagogical,0.0,0,0
annualize,0.0,0,0
salience,0.0,0,0
week,0.0,0,0
suitableness,0.0,0,0
paradoxical,0.0,0,0
kettledrum,0.0,0,0
continuant,0.0,0,0
catacomb,0.0,0,0
upstream,0.0,0,0
admiralty,0.0,0,0
unrevoked,0.0,0,0
polycarbonate,0.0,0,0
croakily,0.0,0,0
transmittal,0.0,0,0
stereographically,0.0,0,0
surpass,0.0,0,0
rhombic,0.0,0,0
prefect,0.0,0,0
untellable,0.0,0,0
beauties,0.0,0,0
reassume,0.0,0,0
heretically,0.0,0,0
expound,0.0,0,0
accrue,0.0,0,0
lotto,0.0,0,0
fuselage,0.0,0,0
microcirculation,0.0,0,0
teat,0.0,0,0
archaeology,0.0,0,0
turkish,0.0,0,0
transferred,0.0,0,0
birdbath,0.0,0,0
dukedom,0.0,0,0
reminiscing,0.0,0,0
specs,0.0,0,0
coequal,0.0,0,0
isthmus,0.0,0,0
endured,0.0,0,0
conscientiousness,0.0,0,0
cadet,0.0,0,0
coinable,0.0,0,0
genome,0.0,0,0
turmeric,0.0,0,0
declared,0.0,0,0
unincorporated,0.0,0,0
equilibrator,0.0,0,0
shirtsleeve,0.0,0,0
kisser,0.0,0,0
brokerage,0.0,0,0
topsoil,0.0,0,0
millionth,0.0,0,0
willfully,0.0,0,0
moderator,0.0,0,0
micropayment,0.0,0,0
greenstone,0.0,0,0
dumpster,0.0,0,0
simplistic,0.0,0,0
transmigrate,0.0,0,0
recognition,0.0,0,0
discusser,0.0,0,0
league,0.0,0,0
trimming,0.0,0,0
belongings,0.0,0,0
cent,0.0,0,0
photoengraving,0.0,0,0
genetics,0.0,0,0
intramuscularly,0.0,0,0
sequentiality,0.0,0,0
cockney,0.0,0,0
smee,0.0,0,0
alumni,0.0,0,0
bein,0.0,0,0
station,0.0,0,0
fertilizable,0.0,0,0
nanoparticle,0.0,0,0
bellies,0.0,0,0
mean,0.0,0,0
thinly,0.0,0,0
creator,0.0,0,0
fluoride,0.0,0,0
staff,0.0,0,0
spinal,0.0,0,0
bricklaying,0.0,0,0
immersive,0.0,0,0
distiller,0.0,0,0
nonabsorbent,0.0,0,0
nondiscriminatory,0.0,0,0
cattle,0.0,0,0
depictive,0.0,0,0
nailbrush,0.0,0,0
parentally,0.0,0,0
matted,0.0,0,0
register,0.0,0,0
thankyoujesus,0.0,0,0
cameras,0.0,0,0
reticulated,0.0,0,0
grout,0.0,0,0
incandescent,0.0,0,0
rook,0.0,0,0
mottle,0.0,0,0
impeachable,0.0,0,0
expressible,0.0,0,0
indescribably,0.0,0,0
fisherwoman,0.0,0,0
monoculture,0.0,0,0
camcorder,0.0,0,0
proton,0.0,0,0
note,0.0,0,0
microclimatological,0.0,0,0
aloud,0.0,0,0
harken,0.0,0,0
carload,0.0,0,0
jut,0.0,0,0
franchiser,0.0,0,0
unquote,0.0,0,0
treelike,0.0,0,0
iconological,0.0,0,0
lightbulb,0.0,0,0
deepest,0.0,0,0
inversed,0.0,0,0
norway,0.0,0,0
potentiate,0.0,0,0
zoological,0.0,0,0
bonnet,0.0,0,0
adjudicator,0.0,0,0
noncommercial,0.0,0,0
doodad,0.0,0,0
qualitative,0.0,0,0
thermostatic,0.0,0,0
mileage,0.0,0,0
airstream,0.0,0,0
roebuck,0.0,0,0
femoral,0.0,0,0
potent,0.0,0,0
big,0.0,0,0
unsophisticatedly,0.0,0,0
electrotherapist,0.0,0,0
implemental,0.0,0,0
unconstructed,0.0,0,0
neurologist,0.0,0,0
emptier,0.0,0,0
important,0.0,0,0
calamine,0.0,0,0
bookmaking,0.0,0,0
bier,0.0,0,0
bestie,0.0,0,0
rubberstamp,0.0,0,0
bracer,0.0,0,0
tan,0.0,0,0
gelatinousness,0.0,0,0
coefficient,0.0,0,0
nonparametric,0.0,0,0
peerlessly,0.0,0,0
our,0.0,0,0
rattan,0.0,0,0
equity,0.0,0,0
coalitional,0.0,0,0
superordinate,0.0,0,0
spackle,0.0,0,0
handstand,0.0,0,0
moisture,0.0,0,0
chromatogram,0.0,0,0
electric,0.0,0,0
computational,0.0,0,0
frontage,0.0,0,0
gumbo,0.0,0,0
untruthfulness,0.0,0,1
unpick,0.0,0,0
indelibility,0.0,0,0
subcompact,0.0,0,0
motherless,0.0,0,0
autotype,0.0,0,0
easel,0.0,0,0
charter,0.0,0,0
acreage,0.0,0,0
kibble,0.0,0,0
outwork,0.0,0,0
skin,0.0,0,0
connection,0.0,0,0
vehicle,0.0,0,0
pedes,0.0,0,0
cytoplasm,0.0,0,0
reinfusion,0.0,0,0
salinity,0.0,0,0
catholic,0.0,0,0
riverside,0.0,0,0
remediation,0.0,0,0
talkie,0.0,0,0
weigh,0.0,0,0
mechanist,0.0,0,0
leadsman,0.0,0,0
moralism,0.0,0,0
soda,0.0,0,0
authentically,0.0,0,0
readymade,0.0,0,0
customized,0.0,0,0
nonmember,0.0,0,0
bongo,0.0,0,0
acetylene,0.0,0,0
stratify,0.0,0,0
substitutive,0.0,0,0
quintet,0.0,0,0
bookmark,0.0,0,0
selfie,0.0,0,0
enlarger,0.0,0,0
multidirectional,0.0,0,0
met,0.0,0,0
vaporization,0.0,0,0
nonpaid,0.0,0,0
beheld,0.0,0,0
unmistaken,0.0,0,0
coachwork,0.0,0,0
cheapest,0.0,0,0
variableness,0.0,0,0
amount,0.0,0,0
globally,0.0,0,0
impressively,0.0,0,0
womb,0.0,0,0
lookup,0.0,0,0
trueborn,0.0,0,0
vulcanize,0.0,0,0
cox,0.0,0,0
pard,0.0,0,0
noneconomic,0.0,0,0
shaggy,0.0,0,0
misalign,0.0,0,0
refractive,0.0,0,0
streetlight,0.0,0,0
androgenic,0.0,0,0
botanist,0.0,0,0
dissolvent,0.0,0,0
westerner,0.0,0,0
revivable,0.0,0,0
paleontology,0.0,0,0
presswork,0.0,0,0
diagonally,0.0,0,0
orthodoxy,0.0,0,0
decameter,0.0,0,0
choose,0.0,0,0
whereunto,0.0,0,0
cogged,0.0,0,0
superhumanly,0.0,0,0
endnote,0.0,0,0
immunologically,0.0,0,0
delegation,0.0,0,0
kilohertz,0.0,0,0
akin,0.0,0,0
attenuation,0.0,0,0
lived,0.0,0,0
corsair,0.0,0,0
mineralogist,0.0,0,0
rationalism,0.0,0,0
consumer,0.0,0,0
baron,0.0,0,0
predevelopment,0.0,0,0
gastronomist,0.0,0,0
instruction,0.0,0,0
keycard,0.0,0,0
nonperson,0.0,0,0
influential,0.0,0,0
commence,0.0,0,0
outshoot,0.0,0,0
emir,0.0,0,0
cosmopolitism,0.0,0,0
backscratcher,0.0,0,0
cottontail,0.0,0,0
midfield,0.0,0,0
attestable,0.0,0,0
doggish,0.0,0,0
cableway,0.0,0,0
napkin,0.0,0,0
bivalve,0.0,0,0
cheque,0.0,0,0
shoes,0.0,0,0
neckline,0.0,0,0
merchant,0.0,0,0
vitro,0.0,0,0
motiveless,0.0,0,0
patter,0.0,0,0
baseboard,0.0,0,0
towhead,0.0,0,0
treasures,0.0,0,0
slotted,0.0,0,0
porkpie,0.0,0,0
hymnal,0.0,0,0
moreover,0.0,0,0
jewellery,0.0,0,0
exude,0.0,0,0
birdhouse,0.0,0,0
lin,0.0,0,0
methinks,0.0,0,0
weren,0.0,0,0
cosmography,0.0,0,0
imitable,0.0,0,0
affectless,0.0,0,0
pitted,0.0,0,0
headband,0.0,0,0
cylindrically,0.0,0,0
mutual,0.0,0,0
motorway,0.0,0,0
lube,0.0,0,0
whitefish,0.0,0,0
potty,0.0,0,0
subscribership,0.0,0,0
rotation,0.0,0,0
machinist,0.0,0,0
modified,0.0,0,0
medicinally,0.0,0,0
molto,0.0,0,0
instinctive,0.0,0,0
copyreader,0.0,0,0
silverwork,0.0,0,0
unfreeze,0.0,0,0
voyageur,0.0,0,0
dishwater,0.0,0,0
reconfirm,0.0,0,0
molecular,0.0,0,0
woodcutter,0.0,0,0
polychromic,0.0,0,0
cap,0.0,0,0
undulated,0.0,0,0
cryptology,0.0,0,0
classman,0.0,0,0
resettable,0.0,0,0
presume,0.0,0,0
foliated,0.0,0,0
dichloromethane,0.0,0,0
communicational,0.0,0,0
related,0.0,0,0
spiller,0.0,0,0
cake,0.0,0,0
contingence,0.0,0,0
afore,0.0,0,0
flysheet,0.0,0,0
drinkable,0.0,0,0
unexpanded,0.0,0,0
geologist,0.0,0,0
diagonal,0.0,0,0
phallus,0.0,0,0
foundational,0.0,0,0
assistive,0.0,0,0
predominantly,0.0,0,0
commissary,0.0,0,0
forerunner,0.0,0,0
vaccinator,0.0,0,0
helmless,0.0,0,0
disaffiliate,0.0,0,0
evaporability,0.0,0,0
commentator,0.0,0,0
studio,0.0,0,0
remanufacture,0.0,0,0
magnetizer,0.0,0,0
mention,0.0,0,0
inkjet,0.0,0,0
overall,0.0,0,0
ponton,0.0,0,0
mayoral,0.0,0,0
tractor,0.0,0,0
retreat,0.0,0,0
hyphen,0.0,0,0
comparativeness,0.0,0,0
turtleback,0.0,0,0
sonnet,0.0,0,0
blacksmith,0.0,0,0
freehand,0.0,0,0
agnostic,0.0,0,0
usergroup,0.0,0,0
glycerol,0.0,0,0
whatnot,0.0,0,0
portraiture,0.0,0,0
pterodactyl,0.0,0,0
snaggletooth,0.0,0,0
singlet,0.0,0,0
preshrunk,0.0,0,0
file,0.0,0,0
phonographic,0.0,0,0
springs,0.0,0,0
malty,0.0,0,0
arrestor,0.0,0,0
fiddle,0.0,0,0
kickoff,0.0,0,0
exec,0.0,0,0
tidal,0.0,0,0
nonexempt,0.0,0,0
features,0.0,0,0
jabberwocky,0.0,0,0
elliptic,0.0,0,0
keyword,0.0,0,0
amphibiously,0.0,0,0
transoceanic,0.0,0,0
copywriter,0.0,0,0
represent,0.0,0,0
fig,0.0,0,0
mailroom,0.0,0,0
undiscounted,0.0,0,0
dottiness,0.0,0,0
psychometrically,0.0,0,0
hebrew,0.0,0,0
wash,0.0,0,0
penultimate,0.0,0,0
conferrable,0.0,0,0
eyesight,0.0,0,0
rigidness,0.0,0,0
codeine,0.0,0,0
redeveloper,0.0,0,0
ensuite,0.0,0,0
reuse,0.0,0,0
bran,0.0,0,0
completive,0.0,0,0
dugout,0.0,0,0
humanlike,0.0,0,0
ocelot,0.0,0,0
autogenetic,0.0,0,0
budget,0.0,0,0
porcine,0.0,0,0
dada,0.0,0,0
chartreuse,0.0,0,0
cruciform,0.0,0,0
untracked,0.0,0,0
logger,0.0,0,0
unifier,0.0,0,0
ironware,0.0,0,0
sludgy,0.0,0,1
bearer,0.0,0,0
urethra,0.0,0,0
pneumatic,0.0,0,0
dispersant,0.0,0,0
archetype,0.0,0,0
synthesis,0.0,0,0
chromate,0.0,0,0
redetermination,0.0,0,0
parsley,0.0,0,0
constitutional,0.0,0,0
lexicographical,0.0,0,0
boots,0.0,0,0
noncumulative,0.0,0,0
cousins,0.0,0,0
superhero,0.0,0,0
lip,0.0,0,0
anatomical,0.0,0,0
glassily,0.0,0,0
phytoplankton,0.0,0,0
bodywork,0.0,0,0
australian,0.0,0,0
sifter,0.0,0,0
divers,0.0,0,0
verb,0.0,0,0
blonde,0.0,0,0
recessively,0.0,0,0
coupler,0.0,0,0
uncompounded,0.0,0,0
density,0.0,0,0
keypress,0.0,0,0
distributional,0.0,0,0
decathlon,0.0,0,0
dotage,0.0,0,0
unpeg,0.0,0,0
temporary,0.0,0,0
intentionally,0.0,0,0
trachea,0.0,0,0
dreaminess,0.0,0,0
sharpness,0.0,0,0
civilisation,0.0,0,0
crystallography,0.0,0,0
aid,0.0,0,0
multifaceted,0.0,0,0
forklike,0.0,0,0
fivefold,0.0,0,0
bonelike,0.0,0,0
inlaid,0.0,0,0
generalship,0.0,0,0
workmanship,0.0,0,0
aeromechanics,0.0,0,0
uncherished,0.0,0,0
titleholder,0.0,0,0
meadowlark,0.0,0,0
exhalation,0.0,0,0
pennant,0.0,0,0
whomever,0.0,0,0
offload,0.0,0,0
cubically,0.0,0,0
creatorship,0.0,0,0
archduke,0.0,0,0
parity,0.0,0,0
cupboard,0.0,0,0
tact,0.0,0,0
goldilocks,0.0,0,0
diver,0.0,0,0
pedology,0.0,0,0
tuber,0.0,0,0
catalyze,0.0,0,0
historiographer,0.0,0,0
phrase,0.0,0,0
ambler,0.0,0,0
hath,0.0,0,0
etymologic,0.0,0,0
continuousness,0.0,0,0
calorimeter,0.0,0,0
apple,0.0,0,0
replaceable,0.0,0,0
embroiderer,0.0,0,0
contextual,0.0,0,0
libertarian,0.0,0,0
microeconomic,0.0,0,0
pungency,0.0,0,0
honeymoon,0.0,0,0
partnership,0.0,0,0
appreciable,0.0,0,0
belvedere,0.0,0,0
opaqueness,0.0,0,0
untransformed,0.0,0,0
schematization,0.0,0,0
screenshot,0.0,0,0
fishmeal,0.0,0,0
baggage,0.0,0,0
phone,0.0,0,0
operatively,0.0,0,0
artifact,0.0,0,0
policymaker,0.0,0,0
foamless,0.0,0,0
birdwatcher,0.0,0,0
purplish,0.0,0,0
phenom,0.0,0,0
am,0.0,0,0
elect,0.0,0,0
warrant,0.0,0,0
duo,0.0,0,0
gras,0.0,0,0
savoir,0.0,0,0
armorist,0.0,0,0
macroclimate,0.0,0,0
telefax,0.0,0,0
cosmographical,0.0,0,0
hooter,0.0,0,0
documentation,0.0,0,0
strap,0.0,0,0
nominalization,0.0,0,0
mutable,0.0,0,0
coal,0.0,0,0
biosynthetic,0.0,0,0
historicism,0.0,0,0
preprogrammed,0.0,0,0
godson,0.0,0,0
retroact,0.0,0,0
aside,0.0,0,0
expansionism,0.0,0,0
conjoiner,0.0,0,0
smiled,0.0,0,0
recursively,0.0,0,0
predawn,0.0,0,1
codfish,0.0,0,0
galleries,0.0,0,0
delineative,0.0,0,0
morph,0.0,0,0
penetrably,0.0,0,0
centerfold,0.0,0,0
unionist,0.0,0,0
psa,0.0,0,0
grandson,0.0,0,0
causational,0.0,0,0
sensualistic,0.0,0,0
porterhouse,0.0,0,0
quakeproof,0.0,0,0
attitude,0.0,0,0
shampooer,0.0,0,0
intender,0.0,0,0
populated,0.0,0,0
cosmologically,0.0,0,0
egoistically,0.0,0,0
ionization,0.0,0,0
cartwright,0.0,0,0
scooper,0.0,0,0
do,0.0,0,0
hydroxylamine,0.0,0,0
tut,0.0,0,0
sequestrate,0.0,0,0
cabinetmaker,0.0,0,0
papa,0.0,0,0
theoretic,0.0,0,0
cryptogram,0.0,0,0
antiquate,0.0,0,0
polycrystalline,0.0,0,0
normalization,0.0,0,0
copyrightable,0.0,0,0
proposer,0.0,0,0
ritz,0.0,0,0
shoulder,0.0,0,0
saltbox,0.0,0,0
topographical,0.0,0,0
determinably,0.0,0,0
export,0.0,0,0
graspable,0.0,0,0
indivertible,0.0,0,0
empiricism,0.0,0,0
determination,0.0,0,0
normality,0.0,0,0
coinheritance,0.0,0,0
efficaciously,0.0,0,0
legislative,0.0,0,0
invigorator,0.0,0,0
spectrally,0.0,0,0
bushy,0.0,0,0
sheik,0.0,0,0
hominid,0.0,0,0
playset,0.0,0,0
slalom,0.0,0,0
occupationally,0.0,0,0
umpteenth,0.0,0,0
unrounded,0.0,0,0
rawhide,0.0,0,0
preborn,0.0,0,0
asocial,0.0,0,1
callus,0.0,0,0
individualizer,0.0,0,0
stalactite,0.0,0,0
filmmaker,0.0,0,0
constitutionalist,0.0,0,0
amid,0.0,0,0
axis,0.0,0,0
octane,0.0,0,0
handler,0.0,0,0
overstep,0.0,0,0
roaster,0.0,0,0
cubic,0.0,0,0
geocentricism,0.0,0,0
christmasbreak,0.0,0,0
lunchbox,0.0,0,0
totem,0.0,0,0
minimal,0.0,0,0
tubby,0.0,0,0
schmuck,0.0,0,0
spectral,0.0,0,0
perceptibly,0.0,0,0
housemistress,0.0,0,0
preserve,0.0,0,0
decolorize,0.0,0,0
vowel,0.0,0,0
spiffy,0.0,0,1
reproduction,0.0,0,0
kinematics,0.0,0,0
fireboard,0.0,0,0
simples,0.0,0,0
algae,0.0,0,0
microchip,0.0,0,0
shirt,0.0,0,0
allusion,0.0,0,0
anthill,0.0,0,0
number,0.0,0,0
ultracentrifuge,0.0,0,0
location,0.0,0,0
circumstantially,0.0,0,0
transponder,0.0,0,0
littleness,0.0,0,0
allegory,0.0,0,0
flint,0.0,0,0
exclusivity,0.0,0,0
boxwood,0.0,0,0
sealable,0.0,0,0
curmudgeon,0.0,0,0
unenforced,0.0,0,0
sleight,0.0,0,0
tilapia,0.0,0,0
directional,0.0,0,0
generalize,0.0,0,0
boatswain,0.0,0,0
sculpturally,0.0,0,0
spig,0.0,0,0
hornless,0.0,0,0
concurrent,0.0,0,0
shipmaster,0.0,0,0
inexpressively,0.0,0,0
windbreaker,0.0,0,0
headsail,0.0,0,0
fellow,0.0,0,0
providing,0.0,0,0
calculator,0.0,0,0
redistrict,0.0,0,0
preformed,0.0,0,0
multimillion,0.0,0,0
kilogram,0.0,0,0
paperclip,0.0,0,0
consumptiveness,0.0,0,0
disconnection,0.0,0,1
bloodstream,0.0,0,0
beneficiate,0.0,0,0
contributable,0.0,0,0
inextricably,0.0,0,0
causeless,0.0,0,0
thumbnail,0.0,0,0
ionosphere,0.0,0,0
landholding,0.0,0,0
figurine,0.0,0,0
disseminative,0.0,0,0
descriptively,0.0,0,0
sperm,0.0,0,0
jelly,0.0,0,0
seafaring,0.0,0,0
heliotropically,0.0,0,0
celestially,0.0,0,0
unbound,0.0,0,0
slider,0.0,0,0
produced,0.0,0,0
except,0.0,0,0
autoimmunization,0.0,0,0
cyclops,0.0,0,0
hatchback,0.0,0,0
quantity,0.0,0,0
evolution,0.0,0,0
eastbound,0.0,0,0
nah,0.0,0,0
directorially,0.0,0,0
skinned,0.0,0,0
boardinghouse,0.0,0,0
sparkplug,0.0,0,0
empiricist,0.0,0,0
filterer,0.0,0,0
shoeshine,0.0,0,0
completer,0.0,0,0
address,0.0,0,0
seamanlike,0.0,0,0
incommensurably,0.0,0,0
unpartisan,0.0,0,0
bid,0.0,0,0
subsidizer,0.0,0,0
rightful,0.0,0,0
accredit,0.0,0,0
shaggily,0.0,0,0
awardable,0.0,0,0
favorer,0.0,0,0
northeasterly,0.0,0,0
selectively,0.0,0,0
hock,0.0,0,0
epigram,0.0,0,0
replied,0.0,0,0
multivariate,0.0,0,0
midday,0.0,0,0
subtitle,0.0,0,0
slipcase,0.0,0,0
tipster,0.0,0,0
disintegrator,0.0,0,0
mermaid,0.0,0,0
assignable,0.0,0,0
culture,0.0,0,0
spaceman,0.0,0,0
greaseless,0.0,0,0
prehensile,0.0,0,0
microfossil,0.0,0,0
econometric,0.0,0,0
multiplicable,0.0,0,0
toenail,0.0,0,0
shortbread,0.0,0,0
madam,0.0,0,0
team,0.0,0,0
rectangular,0.0,0,0
goalie,0.0,0,0
sacrosanct,0.0,0,0
unclimbed,0.0,0,0
biopsychology,0.0,0,0
acceptances,0.0,0,0
aqueous,0.0,0,0
separate,0.0,0,0
retina,0.0,0,0
balsawood,0.0,0,0
luckygirl,0.0,0,0
detectably,0.0,0,0
weaved,0.0,0,0
sayonara,0.0,0,0
deerstalker,0.0,0,0
partly,0.0,0,0
archaeological,0.0,0,0
validly,0.0,0,0
crocket,0.0,0,0
conduction,0.0,0,0
removable,0.0,0,0
wineshop,0.0,0,0
colorist,0.0,0,0
theist,0.0,0,0
outcropping,0.0,0,0
faculties,0.0,0,0
posturer,0.0,0,0
configurative,0.0,0,0
biaxial,0.0,0,0
tad,0.0,0,0
flamenco,0.0,0,0
operable,0.0,0,0
forefoot,0.0,0,0
transfigure,0.0,0,0
republic,0.0,0,0
magnesia,0.0,0,0
recherche,0.0,0,0
geophysicist,0.0,0,0
retractor,0.0,0,0
naples,0.0,0,0
leatherhead,0.0,0,0
cohort,0.0,0,0
fondant,0.0,0,0
relevantly,0.0,0,0
photoluminescence,0.0,0,0
santa,0.0,0,0
endospermic,0.0,0,0
economics,0.0,0,0
reconfigure,0.0,0,0
fibrillated,0.0,0,0
pasteurizer,0.0,0,0
hydrostat,0.0,0,0
unremarkable,0.0,0,0
shadowbox,0.0,0,0
bilateralness,0.0,0,0
unattainably,0.0,0,0
wizard,0.0,0,0
replace,0.0,0,0
bronchial,0.0,0,0
piggybank,0.0,0,0
copping,0.0,0,0
hieroglyphically,0.0,0,0
depolarizer,0.0,0,0
monad,0.0,0,0
multiphase,0.0,0,0
unmade,0.0,0,0
apiece,0.0,0,0
misdate,0.0,0,0
pantheistic,0.0,0,0
outage,0.0,0,0
phonic,0.0,0,0
lustrously,0.0,0,0
budgeter,0.0,0,0
mosaic,0.0,0,0
filament,0.0,0,0
atlantic,0.0,0,0
evidential,0.0,0,0
chronometry,0.0,0,0
divisor,0.0,0,0
autocatalytic,0.0,0,0
innumerous,0.0,0,0
irreversibility,0.0,0,0
dwarves,0.0,0,0
regenerate,0.0,0,0
indiscoverable,0.0,0,0
internationalization,0.0,0,0
statesman,0.0,0,0
woman,0.0,0,0
masterpiece,0.0,0,0
spectroscope,0.0,0,0
nationalistically,0.0,0,0
loveseat,0.0,0,0
ample,0.0,0,0
highball,0.0,0,0
reddishness,0.0,0,0
childcare,0.0,0,0
whelm,0.0,0,0
protege,0.0,0,0
elitist,0.0,0,0
dial,0.0,0,0
topiary,0.0,0,0
ambulate,0.0,0,0
objectivity,0.0,0,0
bleeder,0.0,0,0
ecological,0.0,0,0
airbrush,0.0,0,0
areyoukidding,0.0,0,0
timescale,0.0,0,0
reputed,0.0,0,0
sheathing,0.0,0,0
download,0.0,0,0
phylum,0.0,0,0
transvestite,0.0,0,0
recombinant,0.0,0,0
paternally,0.0,0,0
denationalize,0.0,0,0
peice,0.0,0,0
bidet,0.0,0,0
unrevealing,0.0,0,0
taxpaying,0.0,0,0
itunes,0.0,0,0
calfskin,0.0,0,0
uncombined,0.0,0,0
gibbon,0.0,0,0
multifarious,0.0,0,0
recreational,0.0,0,0
checkroom,0.0,0,0
formulae,0.0,0,0
tweed,0.0,0,0
accusative,0.0,0,0
thou,0.0,0,0
interlaid,0.0,0,0
nondestructive,0.0,0,0
obvious,0.0,0,0
acknowledged,0.0,0,0
enchilada,0.0,0,0
similitude,0.0,0,0
parabola,0.0,0,0
sitting,0.0,0,0
hippopotami,0.0,0,0
mater,0.0,0,0
feedbag,0.0,0,0
luminal,0.0,0,0
gondola,0.0,0,0
orchestral,0.0,0,0
ooo,0.0,0,0
nonferrous,0.0,0,0
beyond,0.0,0,0
learnedly,0.0,0,0
algorithmic,0.0,0,0
finitely,0.0,0,0
concertino,0.0,0,0
whorehouse,0.0,0,0
adaption,0.0,0,0
rather,0.0,0,0
forehand,0.0,0,0
fauna,0.0,0,0
morphogenesis,0.0,0,0
workflow,0.0,0,0
carver,0.0,0,0
anticlimax,0.0,0,1
modulator,0.0,0,0
photomultiplier,0.0,0,0
hexagon,0.0,0,0
glockenspiel,0.0,0,0
theme,0.0,0,0
chip,0.0,0,0
dinnerware,0.0,0,0
communalistic,0.0,0,0
opportunist,0.0,0,0
polyphone,0.0,0,0
peanut,0.0,0,0
parlour,0.0,0,0
rockfish,0.0,0,0
isographic,0.0,0,0
superconductivity,0.0,0,0
relevancy,0.0,0,0
doctorate,0.0,0,0
motorized,0.0,0,0
crew,0.0,0,0
zeros,0.0,0,0
enamelware,0.0,0,0
probative,0.0,0,0
penthouse,0.0,0,0
grantor,0.0,0,0
scintilla,0.0,0,0
footwear,0.0,0,0
enumerator,0.0,0,0
independently,0.0,0,0
spectrometer,0.0,0,0
fishnet,0.0,0,0
decimal,0.0,0,0
quadriceps,0.0,0,0
pimento,0.0,0,0
acoustics,0.0,0,0
latin,0.0,0,0
pseudonymous,0.0,0,0
popper,0.0,0,0
prepublication,0.0,0,0
neoclassical,0.0,0,0
nondiscrimination,0.0,0,0
college,0.0,0,0
apron,0.0,0,0
weatherglass,0.0,0,0
landform,0.0,0,0
guidelines,0.0,0,0
biologic,0.0,0,0
birdman,0.0,0,0
unmixable,0.0,0,0
shimmy,0.0,0,0
volcanism,0.0,0,0
assert,0.0,0,0
overcook,0.0,0,0
psychodynamic,0.0,0,0
executable,0.0,0,0
conciseness,0.0,0,0
pappy,0.0,0,0
sorbet,0.0,0,0
reanalyze,0.0,0,0
hairline,0.0,0,0
draughtsman,0.0,0,0
unmixed,0.0,0,0
homeland,0.0,0,0
wagonload,0.0,0,0
formation,0.0,0,0
fibula,0.0,0,0
stenotype,0.0,0,0
opulence,0.0,0,0
geomorphology,0.0,0,0
communicatory,0.0,0,0
metallurgic,0.0,0,0
methodically,0.0,0,0
males,0.0,0,0
cantina,0.0,0,0
indispensability,0.0,0,0
sweetened,0.0,0,0
autobiographer,0.0,0,0
ensign,0.0,0,0
psychographic,0.0,0,0
dynamism,0.0,0,0
intermigration,0.0,0,0
accidentally,0.0,0,0
galleria,0.0,0,0
evangelism,0.0,0,0
teacher,0.0,0,0
serotoxin,0.0,0,0
duplicator,0.0,0,0
strategist,0.0,0,0
gringo,0.0,0,0
nakedness,0.0,0,0
ranger,0.0,0,0
cohabitant,0.0,0,0
included,0.0,0,0
regulation,0.0,0,0
exploration,0.0,0,0
biomarker,0.0,0,0
feta,0.0,0,0
systematical,0.0,0,0
intend,0.0,0,0
cauterize,0.0,0,0
auxiliary,0.0,0,0
saccharin,0.0,0,0
getoveryourself,0.0,0,0
submergible,0.0,0,0
blowjob,0.0,0,0
midriff,0.0,0,0
geneticist,0.0,0,0
shipbuilding,0.0,0,0
mansions,0.0,0,0
frontally,0.0,0,0
microfiber,0.0,0,0
preserver,0.0,0,0
clinch,0.0,0,0
disproportion,0.0,0,0
bike,0.0,0,0
residency,0.0,0,0
exporter,0.0,0,0
steps,0.0,0,0
victoriously,0.0,0,0
excalibur,0.0,0,0
numerous,0.0,0,0
paleographic,0.0,0,0
starlet,0.0,0,0
finalize,0.0,0,0
cob,0.0,0,0
commissioner,0.0,0,0
experimentalist,0.0,0,0
roundish,0.0,0,0
floor,0.0,0,0
handprint,0.0,0,0
microcode,0.0,0,0
explicatory,0.0,0,0
redaction,0.0,0,0
gingko,0.0,0,0
transferable,0.0,0,0
prefab,0.0,0,0
onscreen,0.0,0,0
wastefully,0.0,0,0
cheekbone,0.0,0,0
receive,0.0,0,0
confirmer,0.0,0,0
micropaleontology,0.0,0,0
nanosecond,0.0,0,0
extrovert,0.0,0,0
constancy,0.0,0,0
sixtieth,0.0,0,0
culmination,0.0,0,0
hirable,0.0,0,0
schoolyard,0.0,0,0
coppersmith,0.0,0,0
copier,0.0,0,0
thingamabob,0.0,0,0
percussion,0.0,0,0
coherently,0.0,0,0
whiteface,0.0,0,0
pasteboard,0.0,0,0
zipping,0.0,0,0
followup,0.0,0,0
countrywoman,0.0,0,0
neuroimaging,0.0,0,0
inflectional,0.0,0,0
segue,0.0,0,0
asexual,0.0,0,0
wader,0.0,0,0
themselves,0.0,0,0
meniscus,0.0,0,0
midst,0.0,0,0
pardonably,0.0,0,0
laywoman,0.0,0,0
romanesque,0.0,0,0
bromine,0.0,0,0
flathead,0.0,0,0
smidgen,0.0,0,0
irresistibleness,0.0,0,0
pneumatically,0.0,0,0
resin,0.0,0,0
heptagon,0.0,0,0
dissuade,0.0,0,0
moonfaced,0.0,0,0
proximately,0.0,0,0
endlessly,0.0,0,0
outliner,0.0,0,0
inverter,0.0,0,0
chipped,0.0,0,0
comprised,0.0,0,0
breaststroke,0.0,0,0
provost,0.0,0,0
contiguousness,0.0,0,0
precinct,0.0,0,0
pediatrics,0.0,0,0
newish,0.0,0,0
badge,0.0,0,0
tensile,0.0,0,0
megavolt,0.0,0,0
propanol,0.0,0,0
clammed,0.0,0,0
disallowance,0.0,0,0
edgeways,0.0,0,0
outbuilding,0.0,0,0
gymnastically,0.0,0,0
flameless,0.0,0,0
transiently,0.0,0,0
subsidiary,0.0,0,0
headboard,0.0,0,0
potage,0.0,0,0
resoluble,0.0,0,0
oversize,0.0,0,0
expropriation,0.0,0,0
knightliness,0.0,0,0
factorization,0.0,0,0
stratagem,0.0,0,0
emblemize,0.0,0,0
pathogenesis,0.0,0,0
heliographer,0.0,0,0
calcification,0.0,0,0
formability,0.0,0,0
armful,0.0,0,0
doohickey,0.0,0,0
endemically,0.0,0,0
wen,0.0,0,0
inestimably,0.0,0,0
semiotics,0.0,0,0
watergate,0.0,0,0
bluejay,0.0,0,0
undamaging,0.0,0,0
decimeter,0.0,0,0
colonization,0.0,0,0
zoom,0.0,0,0
figurative,0.0,0,0
investiture,0.0,0,0
handsaw,0.0,0,0
vulcanite,0.0,0,0
prolifically,0.0,0,0
forestry,0.0,0,0
effervesce,0.0,0,0
fluorine,0.0,0,0
presently,0.0,0,0
trophic,0.0,0,0
pinup,0.0,0,0
dogwood,0.0,0,0
derivation,0.0,0,0
hand,0.0,0,0
letterpress,0.0,0,0
lubricate,0.0,0,0
skype,0.0,0,0
coif,0.0,0,0
chloric,0.0,0,0
conceptual,0.0,0,0
useable,0.0,0,0
chromo,0.0,0,0
prolonger,0.0,0,0
backcountry,0.0,0,0
cosmology,0.0,0,0
tissue,0.0,0,0
nevertheless,0.0,0,0
chakra,0.0,0,0
anybody,0.0,0,0
seamanship,0.0,0,0
after,0.0,0,0
diversifier,0.0,0,0
cabled,0.0,0,0
homogenizer,0.0,0,0
cataract,0.0,0,0
fathomable,0.0,0,0
species,0.0,0,0
unutterably,0.0,0,0
vax,0.0,0,0
aerodynamics,0.0,0,0
democratically,0.0,0,0
subscriber,0.0,0,0
booklet,0.0,0,0
bull,0.0,0,0
neptune,0.0,0,0
instillation,0.0,0,0
decorativeness,0.0,0,0
whetstone,0.0,0,0
roofline,0.0,0,0
washrag,0.0,0,0
ruefully,0.0,0,-1
invention,0.0,0,0
impetus,0.0,0,0
verifiable,0.0,0,0
androgyny,0.0,0,0
centurion,0.0,0,0
flatware,0.0,0,0
houseless,0.0,0,0
overlord,0.0,0,0
initiatively,0.0,0,0
emanate,0.0,0,0
adhering,0.0,0,0
hieroglyphist,0.0,0,0
era,0.0,0,0
gel,0.0,0,0
reunify,0.0,0,0
sandbag,0.0,0,0
momentary,0.0,0,0
circumflex,0.0,0,0
caliper,0.0,0,0
tableful,0.0,0,0
clothesline,0.0,0,0
parsimony,0.0,0,0
evocate,0.0,0,0
sexpot,0.0,0,0
mailbag,0.0,0,0
extensible,0.0,0,0
codex,0.0,0,0
irregular,0.0,0,0
gazillion,0.0,0,0
unstated,0.0,0,0
chromolithography,0.0,0,0
tarot,0.0,0,0
marmot,0.0,0,0
abstractionism,0.0,0,0
redial,0.0,0,0
extracorporeal,0.0,0,0
invariantly,0.0,0,0
dividable,0.0,0,0
aerometer,0.0,0,0
broadsheet,0.0,0,0
properness,0.0,0,0
cardholder,0.0,0,0
underlying,0.0,0,0
endocrinal,0.0,0,0
syllabically,0.0,0,0
decantation,0.0,0,0
palate,0.0,0,0
profundity,0.0,0,0
example,0.0,0,0
functionally,0.0,0,0
iodization,0.0,0,0
encourage,0.0,0,1
aerodynamic,0.0,0,0
immaterial,0.0,0,0
sublease,0.0,0,0
underwire,0.0,0,0
formative,0.0,0,0
protein,0.0,0,0
flax,0.0,0,0
saliency,0.0,0,0
petal,0.0,0,0
unwired,0.0,0,0
affixation,0.0,0,0
lipped,0.0,0,0
beta,0.0,0,0
wahoo,0.0,0,0
partialness,0.0,0,0
inconvertible,0.0,0,0
distinguish,0.0,0,0
lick,0.0,0,0
outrun,0.0,0,0
skinflint,0.0,0,0
backfield,0.0,0,0
tonality,0.0,0,0
preannounce,0.0,0,0
formularize,0.0,0,0
microelectronic,0.0,0,0
concessioner,0.0,0,0
encode,0.0,0,0
riverhead,0.0,0,0
valorously,0.0,0,0
antihistaminic,0.0,0,0
width,0.0,0,0
externalist,0.0,0,0
fledgling,0.0,0,0
evolver,0.0,0,0
forgiveness,0.0,0,0
decodable,0.0,0,0
specification,0.0,0,0
countercultural,0.0,0,0
christen,0.0,0,0
diction,0.0,0,0
diplomat,0.0,0,0
solubility,0.0,0,0
yearly,0.0,0,0
synoptically,0.0,0,0
gnostic,0.0,0,0
justified,0.0,0,0
books,0.0,0,0
lovelovelove,0.0,0,0
unbendable,0.0,0,0
disjunctive,0.0,0,0
yielder,0.0,0,0
ladle,0.0,0,0
explicate,0.0,0,0
dexter,0.0,0,0
productivity,0.0,0,0
pate,0.0,0,0
lawn,0.0,0,0
feministic,0.0,0,0
youthfully,0.0,0,-1
lathe,0.0,0,0
hue,0.0,0,0
browser,0.0,0,0
spindly,0.0,0,0
structural,0.0,0,0
prism,0.0,0,0
armrest,0.0,0,0
punctuator,0.0,0,0
plainswoman,0.0,0,0
footmark,0.0,0,0
electrograph,0.0,0,0
necessary,0.0,0,0
molasses,0.0,0,0
employ,0.0,0,0
postulant,0.0,0,0
yorker,0.0,0,0
magnesium,0.0,0,0
niece,0.0,0,0
neorealism,0.0,0,0
tong,0.0,0,0
duster,0.0,0,0
canons,0.0,0,0
ebook,0.0,0,0
settlor,0.0,0,0
monosynaptic,0.0,0,0
sediment,0.0,0,0
breastbone,0.0,0,0
hackney,0.0,0,0
reinsurer,0.0,0,0
sinewy,0.0,0,0
gandhi,0.0,0,0
kumquat,0.0,0,0
spot,0.0,0,0
sectionalize,0.0,0,0
sensor,0.0,0,0
broiler,0.0,0,0
heliograph,0.0,0,0
wineglass,0.0,0,0
electronic,0.0,0,0
valium,0.0,0,0
construable,0.0,0,0
prequel,0.0,0,0
scapula,0.0,0,0
homophonic,0.0,0,0
interfold,0.0,0,0
engaged,0.0,0,0
tack,0.0,0,0
dude,0.0,0,0
handedness,0.0,0,0
overcoming,0.0,0,1
database,0.0,0,0
improvability,0.0,0,0
internationalist,0.0,0,0
overage,0.0,0,0
unindicted,0.0,0,0
archive,0.0,0,0
phonetically,0.0,0,0
fitting,0.0,0,0
physics,0.0,0,0
nonlinearity,0.0,0,0
cuttlefish,0.0,0,0
speckled,0.0,0,0
valuate,0.0,0,0
guarantor,0.0,0,0
unrestrictive,0.0,0,0
immunological,0.0,0,0
compendium,0.0,0,0
pixie,0.0,0,0
fencing,0.0,0,0
coalescent,0.0,0,0
perceptible,0.0,0,0
washstand,0.0,0,0
ovule,0.0,0,0
videodisc,0.0,0,0
reversal,0.0,0,0
historian,0.0,0,0
known,0.0,0,0
pusher,0.0,0,0
baronet,0.0,0,0
chickweed,0.0,0,0
investment,0.0,0,0
topicality,0.0,0,0
hermeneutics,0.0,0,0
collectorship,0.0,0,0
subsistent,0.0,0,0
quartermaster,0.0,0,0
traced,0.0,0,0
hello,0.0,0,0
unseal,0.0,0,0
paradox,0.0,0,0
anecdotic,0.0,0,0
moldable,0.0,0,0
alveolar,0.0,0,0
,0.0,0,0
department,0.0,0,0
roadhouse,0.0,0,0
desist,0.0,0,0
tithe,0.0,0,0
myself,0.0,0,0
meow,0.0,0,0
neuropharmacology,0.0,0,0
factuality,0.0,0,0
characteristically,0.0,0,0
roundabout,0.0,0,0
consecration,0.0,0,0
astrograph,0.0,0,0
memorandum,0.0,0,0
thesis,0.0,0,0
dragonfly,0.0,0,0
delayer,0.0,0,0
squirt,0.0,0,0
carbuncle,0.0,0,0
dell,0.0,0,0
psychogenesis,0.0,0,0
dubbed,0.0,0,0
cranially,0.0,0,0
collator,0.0,0,0
quay,0.0,0,0
tribe,0.0,0,0
dilation,0.0,0,0
maintainable,0.0,0,0
lettered,0.0,0,0
vara,0.0,0,0
shoemaking,0.0,0,0
wot,0.0,0,0
anthropoid,0.0,0,0
poncho,0.0,0,0
reheat,0.0,0,0
epidermis,0.0,0,0
thermocouple,0.0,0,0
subeditorial,0.0,0,0
asexualize,0.0,0,0
vancouver,0.0,0,0
prerevolutionary,0.0,0,0
travelling,0.0,0,0
underfeed,0.0,0,0
full,0.0,0,0
stagehand,0.0,0,0
topographic,0.0,0,0
repast,0.0,0,0
milepost,0.0,0,0
teensy,0.0,0,0
bushwhacker,0.0,0,0
feasibly,0.0,0,0
thirdly,0.0,0,0
prefecture,0.0,0,0
lumber,0.0,0,0
indice,0.0,0,0
needlepoint,0.0,0,0
convergence,0.0,0,0
ricotta,0.0,0,0
bumming,0.0,0,0
russian,0.0,0,0
pendulant,0.0,0,0
storable,0.0,0,0
unhampered,0.0,0,0
outcome,0.0,0,0
translation,0.0,0,0
muff,0.0,0,0
unremembered,0.0,0,0
plateau,0.0,0,0
hydroxide,0.0,0,0
curry,0.0,0,0
nymph,0.0,0,0
knack,0.0,0,0
brocade,0.0,0,0
fifth,0.0,0,0
threepence,0.0,0,0
boloney,0.0,0,0
multistory,0.0,0,0
morals,0.0,0,0
tubbiness,0.0,0,0
personably,0.0,0,0
attendance,0.0,0,0
distributable,0.0,0,0
memoir,0.0,0,0
conditioning,0.0,0,0
cottonseed,0.0,0,0
telepathic,0.0,0,0
visualizer,0.0,0,0
cosmically,0.0,0,0
ganglion,0.0,0,0
switch,0.0,0,0
postcode,0.0,0,0
testifier,0.0,0,0
thingamajig,0.0,0,0
plication,0.0,0,0
earthenware,0.0,0,0
extemporaneousness,0.0,0,0
heehaw,0.0,0,0
doggy,0.0,0,0
perceptibility,0.0,0,0
milord,0.0,0,0
reflexive,0.0,0,0
wingless,0.0,0,0
want,0.0,0,0
gasket,0.0,0,0
gull,0.0,0,0
remediate,0.0,0,0
across,0.0,0,0
bodied,0.0,0,0
backslash,0.0,0,0
bluejacket,0.0,0,0
displayable,0.0,0,0
bidirectional,0.0,0,0
inductee,0.0,0,0
apostrophic,0.0,0,0
bushiness,0.0,0,0
beckoner,0.0,0,0
leatherette,0.0,0,0
fizz,0.0,0,0
galt,0.0,0,0
technologies,0.0,0,0
locomotion,0.0,0,0
manpower,0.0,0,0
amazon,0.0,0,0
toto,0.0,0,0
harpooner,0.0,0,0
devise,0.0,0,0
tinge,0.0,0,0
timeline,0.0,0,0
chronometrical,0.0,0,0
scratchboard,0.0,0,0
baldly,0.0,0,0
condensate,0.0,0,0
accumulator,0.0,0,0
kilocalorie,0.0,0,0
prominent,0.0,0,0
butterfat,0.0,0,0
officemate,0.0,0,0
veracity,0.0,0,0
nonconductive,0.0,0,0
transmute,0.0,0,0
goober,0.0,0,0
frizzle,0.0,0,0
decimalize,0.0,0,0
subfigure,0.0,0,0
uncommonly,0.0,0,0
transmitting,0.0,0,0
hoodless,0.0,0,0
agonist,0.0,0,0
reciprocally,0.0,0,0
discount,0.0,0,0
whaleboat,0.0,0,0
destiny,0.0,0,0
measurably,0.0,0,0
biotechnology,0.0,0,0
conjugally,0.0,0,0
mentionable,0.0,0,0
phenomenology,0.0,0,0
preferentially,0.0,0,0
scrubbed,0.0,0,0
subject,0.0,0,0
consecratory,0.0,0,0
visibility,0.0,0,0
pianoforte,0.0,0,0
plucker,0.0,0,0
international,0.0,0,0
beatles,0.0,0,0
papilloma,0.0,0,0
paperless,0.0,0,0
disallowable,0.0,0,0
interworking,0.0,0,0
cytology,0.0,0,0
sharper,0.0,0,0
referenda,0.0,0,0
dermatologist,0.0,0,0
symbolically,0.0,0,0
videocassette,0.0,0,0
paleolithic,0.0,0,0
folkloristic,0.0,0,0
undercarriage,0.0,0,0
lettuce,0.0,0,0
fife,0.0,0,0
publican,0.0,0,0
monotonically,0.0,0,0
matcher,0.0,0,0
invitational,0.0,0,0
aerographer,0.0,0,0
undividedly,0.0,0,0
repower,0.0,0,0
titanium,0.0,0,0
immergence,0.0,0,0
backwardly,0.0,0,0
enunciate,0.0,0,0
rosemary,0.0,0,0
repartee,0.0,0,-1
room,0.0,0,0
bionic,0.0,0,0
menfolk,0.0,0,0
karmic,0.0,0,0
stockcar,0.0,0,0
psychobiology,0.0,0,0
dessert,0.0,0,-1
firecracker,0.0,0,0
correlative,0.0,0,0
renoir,0.0,0,0
brasslike,0.0,0,0
externally,0.0,0,0
markdown,0.0,0,0
steam,0.0,0,0
underflow,0.0,0,0
witlessly,0.0,0,0
glaciologist,0.0,0,0
moose,0.0,0,0
lobster,0.0,0,0
proofer,0.0,0,0
supposed,0.0,0,0
traversal,0.0,0,0
synergetic,0.0,0,0
mallet,0.0,0,0
musically,0.0,0,0
drivable,0.0,0,0
clotheshorse,0.0,0,0
pram,0.0,0,0
sternum,0.0,0,0
uninterruptible,0.0,0,0
iced,0.0,0,0
unassigned,0.0,0,0
barbless,0.0,0,0
prodigy,0.0,0,0
nature,0.0,0,0
bacterially,0.0,0,0
musk,0.0,0,0
intervener,0.0,0,0
landlord,0.0,0,0
creatively,0.0,0,0
indefinably,0.0,0,0
impermanence,0.0,0,1
rebalance,0.0,0,0
ford,0.0,0,0
endorsed,0.0,0,0
superclass,0.0,0,0
smelter,0.0,0,0
pioneer,0.0,0,0
rangefinder,0.0,0,0
hawker,0.0,0,0
unequalled,0.0,0,0
interpersonal,0.0,0,0
vitreous,0.0,0,0
polo,0.0,0,0
correctness,0.0,0,0
taffeta,0.0,0,0
nonlinguistic,0.0,0,0
fortieth,0.0,0,0
aphid,0.0,0,0
textile,0.0,0,0
commencer,0.0,0,0
antibody,0.0,0,0
predictive,0.0,0,0
utter,0.0,0,0
deputyship,0.0,0,0
embroidered,0.0,0,0
moral,0.0,0,0
vastly,0.0,0,0
microstructural,0.0,0,0
coachable,0.0,0,0
emblematically,0.0,0,0
beanbag,0.0,0,0
tiara,0.0,0,0
reinstruct,0.0,0,0
ranchman,0.0,0,0
exhibiter,0.0,0,0
blueberries,0.0,0,0
template,0.0,0,0
cornet,0.0,0,0
birdlife,0.0,0,0
ballad,0.0,0,0
salted,0.0,0,0
bridegroom,0.0,0,0
heliotropism,0.0,0,0
external,0.0,0,0
pencil,0.0,0,0
subsidence,0.0,0,0
myoglobin,0.0,0,0
multiplicative,0.0,0,0
subequatorial,0.0,0,0
lawgiver,0.0,0,0
endosperm,0.0,0,0
podiatric,0.0,0,0
sent,0.0,0,0
psychotherapist,0.0,0,0
supplied,0.0,0,0
doubleclick,0.0,0,0
cucumber,0.0,0,0
automated,0.0,0,0
directorate,0.0,0,0
clouds,0.0,0,0
tentmaker,0.0,0,0
suffragette,0.0,0,0
geologically,0.0,0,0
reattachment,0.0,0,0
sicilian,0.0,0,0
tingle,0.0,0,1
pantheist,0.0,0,0
articulately,0.0,0,0
magna,0.0,0,0
integer,0.0,0,0
interrogatory,0.0,0,0
authorize,0.0,0,0
girdle,0.0,0,0
agave,0.0,0,0
battleship,0.0,0,0
remarkableness,0.0,0,0
underspecified,0.0,0,0
halftone,0.0,0,0
cheung,0.0,0,0
pungently,0.0,0,0
steelwork,0.0,0,0
intersystem,0.0,0,0
phototropism,0.0,0,0
welfare,0.0,0,0
businessperson,0.0,0,0
convectional,0.0,0,0
sapling,0.0,0,0
blamelessly,0.0,0,0
wider,0.0,0,0
archetypal,0.0,0,0
kilobyte,0.0,0,0
dust,0.0,0,0
sharecrop,0.0,0,0
effectively,0.0,0,0
copied,0.0,0,0
oval,0.0,0,0
intertwine,0.0,0,0
enumerative,0.0,0,0
edifice,0.0,0,0
forkless,0.0,0,0
repeater,0.0,0,0
consolidation,0.0,0,0
anticonvulsant,0.0,0,0
buildable,0.0,0,0
terminative,0.0,0,0
arab,0.0,0,0
bowtie,0.0,0,0
insurer,0.0,0,0
customable,0.0,0,0
pigment,0.0,0,0
unabridged,0.0,0,0
lithosphere,0.0,0,0
blackfish,0.0,0,0
householder,0.0,0,0
wavelength,0.0,0,0
secular,0.0,0,0
cheesecake,0.0,0,0
deactivator,0.0,0,0
dropbox,0.0,0,0
commutatively,0.0,0,0
biplane,0.0,0,0
limitlessly,0.0,0,0
dangler,0.0,0,0
isostatic,0.0,0,0
coproduce,0.0,0,0
nonaffiliated,0.0,0,0
tomorrow,0.0,0,0
bakeshop,0.0,0,0
colloquialism,0.0,0,0
proportionality,0.0,0,0
seam,0.0,0,0
clarinet,0.0,0,0
talisman,0.0,0,0
frenchman,0.0,0,0
jig,0.0,0,0
asexually,0.0,0,0
balancer,0.0,0,0
karate,0.0,0,0
airboat,0.0,0,0
rhinoceros,0.0,0,0
situate,0.0,0,0
err,0.0,0,0
ingrate,0.0,0,0
instrument,0.0,0,0
junkman,0.0,0,0
transcript,0.0,0,0
derivatively,0.0,0,0
heliocentrically,0.0,0,0
marketeer,0.0,0,0
winemaker,0.0,0,0
skyway,0.0,0,0
milkman,0.0,0,0
earthling,0.0,0,0
troposphere,0.0,0,0
bioelectrical,0.0,0,0
civilly,0.0,0,0
plenty,0.0,0,0
ringer,0.0,0,0
optimum,0.0,0,0
duplicative,0.0,0,0
underlie,0.0,0,0
remount,0.0,0,0
engender,0.0,0,0
fieldwork,0.0,0,0
declaratively,0.0,0,0
fence,0.0,0,0
image,0.0,0,0
eyeshadow,0.0,0,0
plinth,0.0,0,0
sporty,0.0,0,0
appliances,0.0,0,0
foal,0.0,0,0
licker,0.0,0,0
nylong,0.0,0,0
merchandiser,0.0,0,0
brain,0.0,0,0
merrychristmas,0.0,0,1
implicitness,0.0,0,0
fan,0.0,0,0
converse,0.0,0,0
nonthreatening,0.0,0,0
mechanically,0.0,0,0
invariant,0.0,0,0
pretournament,0.0,0,0
maintainer,0.0,0,0
arugula,0.0,0,0
precept,0.0,0,0
nametag,0.0,0,0
unimaginativeness,0.0,0,0
transferability,0.0,0,0
dragonhead,0.0,0,0
revenue,0.0,0,0
madder,0.0,0,0
versed,0.0,0,0
definable,0.0,0,0
envelope,0.0,0,0
nongovernmental,0.0,0,0
colorblind,0.0,0,0
deltoid,0.0,0,0
blankness,0.0,0,0
pears,0.0,0,0
gallivant,0.0,0,0
parapsychology,0.0,0,0
conceived,0.0,0,0
hahah,0.0,0,0
diffuser,0.0,0,0
algorithm,0.0,0,0
markedly,0.0,0,0
alderman,0.0,0,0
nonbacterial,0.0,0,0
multiparty,0.0,0,0
warrantee,0.0,0,0
attractor,0.0,0,0
crafter,0.0,0,0
geology,0.0,0,0
uncounted,0.0,0,0
triteness,0.0,0,0
footwork,0.0,0,0
interconnection,0.0,0,0
provide,0.0,0,0
centre,0.0,0,0
expressionlessly,0.0,0,0
supplemental,0.0,0,0
box,0.0,0,0
subcortical,0.0,0,0
shave,0.0,0,0
downwardly,0.0,0,0
neutron,0.0,0,0
volt,0.0,0,0
excluder,0.0,0,0
attached,0.0,0,0
carbine,0.0,0,0
territorially,0.0,0,0
bumbler,0.0,0,0
documentarily,0.0,0,0
quadruple,0.0,0,0
decipherer,0.0,0,0
doorknob,0.0,0,0
chancellery,0.0,0,0
teleprompter,0.0,0,0
buttress,0.0,0,0
conversely,0.0,0,0
ophthalmological,0.0,0,0
originated,0.0,0,0
travelled,0.0,0,0
yourselves,0.0,0,0
deuce,0.0,0,0
italicize,0.0,0,0
bazaar,0.0,0,0
encephalic,0.0,0,0
tarp,0.0,0,0
pushcart,0.0,0,0
nitric,0.0,0,0
child,0.0,0,0
brusher,0.0,0,0
adhere,0.0,0,0
centrism,0.0,0,0
hithermost,0.0,0,0
unbend,0.0,0,0
reconstructive,0.0,0,0
toots,0.0,0,0
aureole,0.0,0,0
pocketknife,0.0,0,0
hereditarily,0.0,0,0
flail,0.0,0,0
trout,0.0,0,0
anagram,0.0,0,0
batting,0.0,0,0
overtrade,0.0,0,0
earthward,0.0,0,0
malleability,0.0,0,0
richest,0.0,0,0
centrifuge,0.0,0,0
thx,0.0,0,0
associate,0.0,0,0
deutschmark,0.0,0,0
rite,0.0,0,0
phototrophic,0.0,0,0
gherkin,0.0,0,0
rightness,0.0,0,0
sight,0.0,0,0
fundamental,0.0,0,0
truss,0.0,0,0
exclusory,0.0,0,0
artificiality,0.0,0,0
semilunar,0.0,0,0
locate,0.0,0,0
unblinking,0.0,0,0
catalytic,0.0,0,0
berrylike,0.0,0,0
overset,0.0,0,0
retinoid,0.0,0,0
segmentation,0.0,0,0
lacquerer,0.0,0,0
nozzle,0.0,0,0
centenary,0.0,0,0
polymorphism,0.0,0,0
youre,0.0,0,0
facilitatory,0.0,0,0
toiletpaper,0.0,0,0
turbo,0.0,0,0
absurdist,0.0,0,0
crabapple,0.0,0,0
transcriptional,0.0,0,0
scratcher,0.0,0,0
inferential,0.0,0,0
prevocational,0.0,0,0
deepfreeze,0.0,0,0
website,0.0,0,0
railroad,0.0,0,0
prizewinning,0.0,0,0
unperceived,0.0,0,0
eastcoast,0.0,0,0
merch,0.0,0,0
cochairman,0.0,0,0
meshes,0.0,0,0
seeds,0.0,0,0
instinctual,0.0,0,0
anthology,0.0,0,0
multicenter,0.0,0,0
radar,0.0,0,0
hemispherical,0.0,0,0
concaveness,0.0,0,0
expressionism,0.0,0,0
leasehold,0.0,0,0
epidemiological,0.0,0,0
colorful,0.0,0,0
isograph,0.0,0,0
weeny,0.0,0,0
exposable,0.0,0,0
continental,0.0,0,0
nonracial,0.0,0,0
monopoly,0.0,0,0
recapitalize,0.0,0,0
drillmaster,0.0,0,0
journalize,0.0,0,0
antihistamine,0.0,0,0
journeywoman,0.0,0,0
astutely,0.0,0,0
sapphire,0.0,0,0
dissimulate,0.0,0,0
photograph,0.0,0,0
muscularity,0.0,0,0
hers,0.0,0,0
gnat,0.0,0,0
onto,0.0,0,0
parabolic,0.0,0,0
spotted,0.0,0,0
numeric,0.0,0,0
turks,0.0,0,0
gestural,0.0,0,0
creakily,0.0,0,0
risotto,0.0,0,0
extractible,0.0,0,0
neighboring,0.0,0,0
held,0.0,0,0
globe,0.0,0,0
mastiff,0.0,0,0
inseparably,0.0,0,0
fuel,0.0,0,0
wage,0.0,0,0
orthopedic,0.0,0,0
resell,0.0,0,0
cyclically,0.0,0,0
narrator,0.0,0,0
hemispheroidal,0.0,0,0
metalware,0.0,0,0
longship,0.0,0,0
identifiable,0.0,0,0
countersecurity,0.0,0,0
mohair,0.0,0,0
blogger,0.0,0,0
uninstructed,0.0,0,0
binocularity,0.0,0,0
functionalist,0.0,0,0
canal,0.0,0,0
stonemasonry,0.0,0,0
clay,0.0,0,0
localization,0.0,0,0
tangibly,0.0,0,0
trapezoid,0.0,0,0
milligram,0.0,0,0
robotic,0.0,0,0
olivewood,0.0,0,0
focally,0.0,0,0
isomeric,0.0,0,0
dialectologist,0.0,0,0
audiometry,0.0,0,0
spillway,0.0,0,0
ingestible,0.0,0,0
piscina,0.0,0,0
lousily,0.0,0,0
pinewood,0.0,0,0
federally,0.0,0,0
venial,0.0,0,0
expressivity,0.0,0,0
gracelessness,0.0,0,1
heptagonal,0.0,0,0
runtime,0.0,0,0
equivalently,0.0,0,0
carcinoid,0.0,0,0
coonhound,0.0,0,0
theologize,0.0,0,0
contra,0.0,0,0
mucis,0.0,0,0
correlativeness,0.0,0,0
transcendence,0.0,0,0
steeper,0.0,0,0
polygenetic,0.0,0,0
oxide,0.0,0,0
dichloride,0.0,0,0
unconfirmed,0.0,0,0
preheat,0.0,0,0
but,0.0,0,0
bratwurst,0.0,0,0
draftsman,0.0,0,0
unisex,0.0,0,0
decider,0.0,0,0
sensorial,0.0,0,0
forebrain,0.0,0,0
speakership,0.0,0,0
thespian,0.0,0,0
intranasal,0.0,0,0
passover,0.0,0,0
structuralize,0.0,0,0
emulsification,0.0,0,0
learnable,0.0,0,0
binuclear,0.0,0,0
training,0.0,0,0
hydrographical,0.0,0,0
coon,0.0,0,0
flautist,0.0,0,0
hydrochloride,0.0,0,0
recirculation,0.0,0,0
brainstem,0.0,0,0
addressee,0.0,0,0
bargain,0.0,0,0
marketing,0.0,0,0
biodynamic,0.0,0,0
equestrianism,0.0,0,0
cinematically,0.0,0,0
midsize,0.0,0,0
decimally,0.0,0,0
upcountry,0.0,0,0
rusk,0.0,0,0
pronouncer,0.0,0,0
shape,0.0,0,0
equator,0.0,0,0
isogeothermal,0.0,0,0
considerable,0.0,0,0
reissue,0.0,0,0
racecar,0.0,0,0
importation,0.0,0,0
singlehandedly,0.0,0,0
elasticity,0.0,0,0
membership,0.0,0,0
lad,0.0,0,0
point,0.0,0,0
ethnology,0.0,0,0
discrepant,0.0,0,0
mailing,0.0,0,0
juice,0.0,0,0
fluorocarbon,0.0,0,0
immaterialize,0.0,0,0
don,0.0,0,0
goes,0.0,0,0
counseling,0.0,0,0
inwards,0.0,0,0
pictured,0.0,0,0
marys,0.0,0,0
salutatorian,0.0,0,0
viewpoint,0.0,0,0
see,0.0,0,0
parameter,0.0,0,0
unbranded,0.0,0,0
expeditionary,0.0,0,0
chambermaid,0.0,0,0
chronologically,0.0,0,0
bobsled,0.0,0,0
footage,0.0,0,0
perfume,0.0,0,0
moustache,0.0,0,0
colloquist,0.0,0,0
quickie,0.0,0,1
archery,0.0,0,0
avocation,0.0,0,0
communicative,0.0,0,0
ironworker,0.0,0,0
absolutism,0.0,0,0
deanship,0.0,0,0
ozone,0.0,0,0
dissymmetry,0.0,0,0
palindrome,0.0,0,0
monastically,0.0,0,0
clone,0.0,0,0
ocarina,0.0,0,0
embryologic,0.0,0,0
unselfishness,0.0,0,0
lithium,0.0,0,0
refract,0.0,0,0
concentric,0.0,0,0
expounder,0.0,0,0
vinyl,0.0,0,0
dispassion,0.0,0,0
universe,0.0,0,0
millimeter,0.0,0,0
incorporable,0.0,0,0
whitebeard,0.0,0,0
backspace,0.0,0,0
tractable,0.0,0,0
inalterable,0.0,0,0
dispensatory,0.0,0,0
grain,0.0,0,0
vignette,0.0,0,0
hollandaise,0.0,0,0
sugarcane,0.0,0,0
coloration,0.0,0,0
inconsequently,0.0,0,0
supreme,0.0,0,0
pollination,0.0,0,0
endpapers,0.0,0,0
froggy,0.0,0,0
neuropeptide,0.0,0,0
redness,0.0,0,0
bookman,0.0,0,0
anointer,0.0,0,0
manifested,0.0,0,0
beat,0.0,0,0
countersign,0.0,0,0
certitude,0.0,0,0
neuropathic,0.0,0,0
monomolecular,0.0,0,0
ungrouped,0.0,0,0
neuroscientific,0.0,0,0
ballpark,0.0,0,0
barometrical,0.0,0,0
excavation,0.0,0,0
serialization,0.0,0,0
why,0.0,0,0
gilt,0.0,0,0
oven,0.0,0,0
bond,0.0,0,0
storehouse,0.0,0,0
pegs,0.0,0,0
southland,0.0,0,0
gamma,0.0,0,0
sitemap,0.0,0,0
extinguish,0.0,0,0
eliminated,0.0,0,0
session,0.0,0,0
distill,0.0,0,0
almost,0.0,0,0
collagen,0.0,0,0
photographer,0.0,0,0
boxcar,0.0,0,0
baseliner,0.0,0,0
microwave,0.0,0,0
planet,0.0,0,0
carbonic,0.0,0,0
workmanlike,0.0,0,0
mudguard,0.0,0,0
fortitudinous,0.0,0,0
classwork,0.0,0,0
scroll,0.0,0,0
recentralize,0.0,0,0
proved,0.0,0,0
skullcap,0.0,0,0
taurine,0.0,0,0
pantsuit,0.0,0,0
conjecturable,0.0,0,0
anesthetic,0.0,0,0
endodermis,0.0,0,0
woodchuck,0.0,0,0
proliferative,0.0,0,0
iodizer,0.0,0,0
mate,0.0,0,0
inboard,0.0,0,0
periodically,0.0,0,0
firmware,0.0,0,0
fullness,0.0,0,0
heir,0.0,0,0
administrational,0.0,0,0
subspace,0.0,0,0
conceptualize,0.0,0,0
phosphorus,0.0,0,0
expendability,0.0,0,0
reinsertion,0.0,0,0
vegemite,0.0,0,0
bulwark,0.0,0,0
quoted,0.0,0,0
ambassadorship,0.0,0,0
eightieth,0.0,0,0
principality,0.0,0,0
downtown,0.0,0,0
zipfile,0.0,0,0
lopsidedly,0.0,0,0
overlapping,0.0,0,0
middleclass,0.0,0,0
salter,0.0,0,0
saved,0.0,0,0
veraciousness,0.0,0,0
ineffability,0.0,0,0
forsakenly,0.0,0,0
seamlessness,0.0,0,0
gaggle,0.0,0,0
premeditatedly,0.0,0,0
consular,0.0,0,0
feeling,0.0,0,0
german,0.0,0,0
divestible,0.0,0,0
distractedly,0.0,0,0
goldenrod,0.0,0,0
postgraduate,0.0,0,0
databank,0.0,0,0
sonar,0.0,0,0
greenback,0.0,0,0
tenth,0.0,0,0
outfox,0.0,0,0
rooter,0.0,0,0
follicle,0.0,0,0
quart,0.0,0,0
threader,0.0,0,0
primarily,0.0,0,0
chinless,0.0,0,0
railcar,0.0,0,0
retweet,0.0,0,0
cookies,0.0,0,0
cosign,0.0,0,0
nut,0.0,0,0
conductorship,0.0,0,0
equidistant,0.0,0,0
overpayment,0.0,0,0
stockbrokerage,0.0,0,0
airflow,0.0,0,0
bibliographic,0.0,0,0
masterful,0.0,0,0
cupful,0.0,0,0
workpiece,0.0,0,0
inscrutability,0.0,0,0
millet,0.0,0,0
tabernacle,0.0,0,0
telepath,0.0,0,0
practitioner,0.0,0,0
commenter,0.0,0,0
semidried,0.0,0,0
carbonate,0.0,0,0
gluten,0.0,0,0
associational,0.0,0,0
tiramisu,0.0,0,0
neither,0.0,0,0
tenor,0.0,0,0
sideburn,0.0,0,0
superphosphate,0.0,0,0
abruptly,0.0,0,-1
journal,0.0,0,0
corps,0.0,0,0
microbiological,0.0,0,0
reassign,0.0,0,0
enviably,0.0,0,1
excuser,0.0,0,0
justify,0.0,0,0
untimed,0.0,0,0
luau,0.0,0,0
intercostal,0.0,0,0
jumbo,0.0,0,0
resemble,0.0,0,0
aluminum,0.0,0,0
menage,0.0,0,0
pressman,0.0,0,0
sideboard,0.0,0,0
unattributed,0.0,0,0
playbill,0.0,0,0
gelatinous,0.0,0,0
programmatic,0.0,0,0
lopping,0.0,0,0
potion,0.0,0,0
verifiability,0.0,0,0
enter,0.0,0,0
augmentative,0.0,0,0
constitutionality,0.0,0,0
teletype,0.0,0,0
backbeat,0.0,0,0
argent,0.0,0,0
interpretable,0.0,0,0
hydrostatically,0.0,0,0
assumable,0.0,0,0
introducible,0.0,0,0
semicolon,0.0,0,0
rotary,0.0,0,0
refute,0.0,0,0
lentil,0.0,0,0
midsection,0.0,0,0
engraved,0.0,0,0
transient,0.0,0,0
monotype,0.0,0,0
pimpernel,0.0,0,0
ewe,0.0,0,0
created,0.0,0,0
shipload,0.0,0,0
storeroom,0.0,0,0
landmark,0.0,0,0
paperbound,0.0,0,0
dement,0.0,0,0
candleholder,0.0,0,0
hard,0.0,0,0
theatre,0.0,0,0
striated,0.0,0,0
chronologic,0.0,0,0
capitalist,0.0,0,0
interlinear,0.0,0,0
caret,0.0,0,0
ladyfinger,0.0,0,0
widthwise,0.0,0,0
millworker,0.0,0,0
decipherability,0.0,0,0
hotpot,0.0,0,0
rabbit,0.0,0,0
alfalfa,0.0,0,0
cellulous,0.0,0,0
seat,0.0,0,0
selenium,0.0,0,0
pod,0.0,0,0
asparagus,0.0,0,0
roadmap,0.0,0,0
hasnt,0.0,0,0
unleaded,0.0,0,0
participation,0.0,0,0
fixative,0.0,0,0
dean,0.0,0,0
earldom,0.0,0,0
parlay,0.0,0,0
rescind,0.0,0,0
director,0.0,0,0
creatable,0.0,0,0
hexahedral,0.0,0,0
vietnamese,0.0,0,0
paralegal,0.0,0,0
admissibility,0.0,0,0
ethnically,0.0,0,0
bipartisanship,0.0,0,0
trope,0.0,0,0
sanctifier,0.0,0,0
grillwork,0.0,0,0
esophagus,0.0,0,0
radiotelegraphic,0.0,0,0
uncoil,0.0,0,0
governmental,0.0,0,0
contact,0.0,0,0
rang,0.0,0,0
distinctly,0.0,0,0
looser,0.0,0,0
wiz,0.0,0,0
fir,0.0,0,0
demonstrably,0.0,0,0
perseverance,0.0,0,0
extraordinariness,0.0,0,0
jobholder,0.0,0,0
orchestrate,0.0,0,0
enchantress,0.0,0,0
facsimile,0.0,0,0
purview,0.0,0,0
radiate,0.0,0,0
packhorse,0.0,0,0
unilateralism,0.0,0,0
sou,0.0,0,0
countersuit,0.0,0,0
korean,0.0,0,0
scrip,0.0,0,0
rapidness,0.0,0,0
hydrolysis,0.0,0,0
prosaic,0.0,0,0
patternmaker,0.0,0,0
impartibility,0.0,0,0
cheeseboard,0.0,0,0
parttime,0.0,0,0
interhemispheric,0.0,0,0
lubricant,0.0,0,0
libretto,0.0,0,0
mystical,0.0,0,0
publicize,0.0,0,0
talk,0.0,0,0
checkers,0.0,0,0
style,0.0,0,0
ink,0.0,0,0
emission,0.0,0,0
inorganically,0.0,0,0
cufflink,0.0,0,0
alphabetizer,0.0,0,0
telepathist,0.0,0,0
self,0.0,0,0
retreater,0.0,0,0
landmass,0.0,0,0
supercargo,0.0,0,0
filterable,0.0,0,0
designative,0.0,0,0
darkener,0.0,0,0
articles,0.0,0,0
cates,0.0,0,0
deed,0.0,0,0
electron,0.0,0,0
fungal,0.0,0,0
inalterability,0.0,0,0
rebuttable,0.0,0,0
laryngologist,0.0,0,0
planetarium,0.0,0,0
returnee,0.0,0,0
rosebush,0.0,0,0
feminist,0.0,0,0
undernoted,0.0,0,0
tile,0.0,0,0
intermediate,0.0,0,0
close,0.0,0,0
elitism,0.0,0,0
placenta,0.0,0,0
unremunerated,0.0,0,0
calcify,0.0,0,0
reception,0.0,0,0
linebacker,0.0,0,0
statute,0.0,0,0
practically,0.0,0,0
counterchanged,0.0,0,0
bursary,0.0,0,0
directly,0.0,0,0
sonless,0.0,0,0
bilingualism,0.0,0,0
anglophile,0.0,0,0
redheaded,0.0,0,0
interdepartmentally,0.0,0,0
krypton,0.0,0,0
tracer,0.0,0,0
unmemorable,0.0,0,0
dispensation,0.0,0,0
hexahedron,0.0,0,0
denominative,0.0,0,0
lithographic,0.0,0,0
tier,0.0,0,0
pallet,0.0,0,0
incompatibleness,0.0,0,1
regulatory,0.0,0,0
wildlife,0.0,0,0
glycogen,0.0,0,0
midnight,0.0,0,0
liquidize,0.0,0,0
elsewhere,0.0,0,0
evenhanded,0.0,0,0
worldly,0.0,0,0
educative,0.0,0,0
unenhanced,0.0,0,0
interdepartmental,0.0,0,0
charterer,0.0,0,0
pharmacological,0.0,0,0
atheistic,0.0,0,0
wedge,0.0,0,0
expected,0.0,0,0
boob,0.0,0,0
semiannual,0.0,0,0
mangosteen,0.0,0,0
novelette,0.0,0,0
praline,0.0,0,0
underglaze,0.0,0,0
unbaked,0.0,0,0
pegboard,0.0,0,0
stickpin,0.0,0,0
lifespan,0.0,0,0
extrapolate,0.0,0,0
anesthetization,0.0,0,0
defendable,0.0,0,0
brussels,0.0,0,0
sketch,0.0,0,0
amp,0.0,0,0
corpuscle,0.0,0,0
fee,0.0,0,0
hipless,0.0,0,0
mealworm,0.0,0,0
convector,0.0,0,0
xerox,0.0,0,0
annually,0.0,0,0
believes,0.0,0,0
wheelhouse,0.0,0,0
taupe,0.0,0,0
phonemic,0.0,0,0
unfathomably,0.0,0,0
prototype,0.0,0,0
corrodible,0.0,0,0
sept,0.0,0,0
biosocial,0.0,0,0
expend,0.0,0,0
carp,0.0,0,0
boundary,0.0,0,0
cranial,0.0,0,0
metrological,0.0,0,0
tapper,0.0,0,0
biker,0.0,0,0
aridly,0.0,0,0
nonbearing,0.0,0,0
trombonist,0.0,0,0
reengage,0.0,0,0
cribbage,0.0,0,0
depolarization,0.0,0,0
bluebonnet,0.0,0,0
reversible,0.0,0,0
webinar,0.0,0,0
nonrandom,0.0,0,0
cleansing,0.0,0,0
lob,0.0,0,0
sensibility,0.0,0,0
secularize,0.0,0,0
pasteurization,0.0,0,0
inimitably,0.0,0,0
acronymic,0.0,0,0
camp,0.0,0,0
foremost,0.0,0,0
corkwood,0.0,0,0
tipped,0.0,0,0
nomadic,0.0,0,0
burner,0.0,0,0
metacognition,0.0,0,0
everybody,0.0,0,0
antistrike,0.0,0,0
monolingual,0.0,0,0
furrier,0.0,0,0
kevlar,0.0,0,0
airship,0.0,0,0
structure,0.0,0,0
keenness,0.0,0,0
bi,0.0,0,0
dowel,0.0,0,0
lawyerly,0.0,0,0
convincible,0.0,0,0
footstep,0.0,0,0
objectify,0.0,0,0
hatpin,0.0,0,0
lands,0.0,0,0
mustachio,0.0,0,0
upstroke,0.0,0,0
extrajudicial,0.0,0,0
dialectician,0.0,0,0
bellboy,0.0,0,0
chaps,0.0,0,0
exothermal,0.0,0,0
ecosystem,0.0,0,0
anode,0.0,0,0
baseline,0.0,0,0
pictographic,0.0,0,0
wool,0.0,0,0
gateman,0.0,0,0
cede,0.0,0,0
outdrive,0.0,0,0
paddler,0.0,0,0
sift,0.0,0,0
iteration,0.0,0,0
androgynous,0.0,0,0
turned,0.0,0,0
anoint,0.0,0,0
trident,0.0,0,0
especially,0.0,0,0
moray,0.0,0,0
back,0.0,0,0
mix,0.0,0,0
yeast,0.0,0,0
tofu,0.0,0,0
scoopful,0.0,0,0
oxen,0.0,0,0
buttock,0.0,0,0
methodize,0.0,0,0
wokemeup,0.0,0,0
geometrically,0.0,0,0
trueness,0.0,0,0
sandpiper,0.0,0,0
woodpile,0.0,0,0
wetland,0.0,0,0
midtown,0.0,0,0
piled,0.0,0,0
plant,0.0,0,0
region,0.0,0,0
interregional,0.0,0,0
chile,0.0,0,0
agribusiness,0.0,0,0
homosexual,0.0,0,0
pronoun,0.0,0,0
omnipresent,0.0,0,0
botanic,0.0,0,0
revaluation,0.0,0,0
moralize,0.0,0,0
modal,0.0,0,0
timekeeper,0.0,0,0
priesthood,0.0,0,0
alphabetically,0.0,0,0
platter,0.0,0,0
analogical,0.0,0,0
decrypt,0.0,0,0
idiosyncratic,0.0,0,0
tilter,0.0,0,0
renovator,0.0,0,0
jar,0.0,0,0
fiance,0.0,0,0
tempura,0.0,0,0
aforethought,0.0,0,0
dissemblance,0.0,0,0
archduchess,0.0,0,0
chickadee,0.0,0,0
inferable,0.0,0,0
advisee,0.0,0,0
bling,0.0,0,0
calligraphy,0.0,0,0
kool-aid,0.0,0,0
backseat,0.0,0,0
tin,0.0,0,0
armhole,0.0,0,0
fandom,0.0,0,0
radiophotography,0.0,0,0
categories,0.0,0,0
webpage,0.0,0,0
intellectualist,0.0,0,0
recursive,0.0,0,0
dontmess,0.0,0,0
gasification,0.0,0,0
endocrine,0.0,0,0
sixteen,0.0,0,0
gainfulness,0.0,0,0
fanbase,0.0,0,0
nation,0.0,0,0
genus,0.0,0,0
bag,0.0,0,0
sextillion,0.0,0,0
mindlessness,0.0,0,1
alpha,0.0,0,0
dehydrogenation,0.0,0,0
uniform,0.0,0,0
pedagogy,0.0,0,0
intellectualistic,0.0,0,0
hotdog,0.0,0,0
humidification,0.0,0,0
lawmaking,0.0,0,0
refractable,0.0,0,0
choosing,0.0,0,0
theological,0.0,0,0
aerodynamicist,0.0,0,0
unromantically,0.0,0,0
eggcup,0.0,0,0
autodigestive,0.0,0,0
eliminative,0.0,0,0
honcho,0.0,0,0
parietal,0.0,0,0
assiduousness,0.0,0,0
androgen,0.0,0,0
germinator,0.0,0,0
have,0.0,0,0
dissertate,0.0,0,0
deferent,0.0,0,0
gifted,0.0,0,1
potassium,0.0,0,0
hominoid,0.0,0,0
ankle,0.0,0,0
booze,0.0,0,1
foregone,0.0,0,0
unbuckle,0.0,0,0
bailer,0.0,0,0
diocese,0.0,0,0
comprehendible,0.0,0,0
centrifugal,0.0,0,0
intellectualization,0.0,0,0
southwester,0.0,0,0
gunlock,0.0,0,0
acclimation,0.0,0,0
megapixel,0.0,0,0
midway,0.0,0,0
transformational,0.0,0,0
leaning,0.0,0,0
radiocast,0.0,0,0
undrilled,0.0,0,0
megawatt,0.0,0,0
silverware,0.0,0,0
incorporative,0.0,0,0
diurnal,0.0,0,0
audiogram,0.0,0,0
multilevel,0.0,0,0
comparably,0.0,0,0
activated,0.0,0,0
unfold,0.0,0,0
car,0.0,0,0
miscast,0.0,0,0
senorita,0.0,0,0
reconvict,0.0,0,0
overhear,0.0,0,0
cohesive,0.0,0,0
powerful,0.0,0,0
paced,0.0,0,0
barney,0.0,0,0
moor,0.0,0,0
hexagram,0.0,0,0
antiquarianism,0.0,0,0
girlishly,0.0,0,0
transection,0.0,0,0
grounds,0.0,0,0
exclamation,0.0,0,0
countertrades,0.0,0,0
deodorization,0.0,0,0
synchronism,0.0,0,0
area,0.0,0,0
classable,0.0,0,0
bluebook,0.0,0,0
fennel,0.0,0,0
grandnephew,0.0,0,0
toadfish,0.0,0,0
intractably,0.0,0,0
wristlock,0.0,0,0
swiper,0.0,0,0
givin,0.0,0,0
halftime,0.0,0,0
inceptor,0.0,0,0
trilaterally,0.0,0,0
badminton,0.0,0,0
whereas,0.0,0,0
stasis,0.0,0,0
paella,0.0,0,0
granary,0.0,0,0
ventriloquism,0.0,0,0
connectively,0.0,0,0
construe,0.0,0,0
plenary,0.0,0,0
recessive,0.0,0,0
demagnetizer,0.0,0,0
notables,0.0,0,0
transatlantic,0.0,0,0
tannery,0.0,0,0
unembroidered,0.0,0,0
hemispheric,0.0,0,0
behalf,0.0,0,0
unprimed,0.0,0,0
squeak,0.0,0,-1
siphon,0.0,0,0
beardlessness,0.0,0,0
faculty,0.0,0,0
disjoin,0.0,0,0
unexaggerated,0.0,0,0
filer,0.0,0,0
woven,0.0,0,0
oystercatcher,0.0,0,0
theyve,0.0,0,0
realize,0.0,0,0
commensurately,0.0,0,0
herring,0.0,0,0
unicellular,0.0,0,0
yggdrasil,0.0,0,0
marriageable,0.0,0,0
epoxy,0.0,0,0
hertz,0.0,0,0
scope,0.0,0,0
granola,0.0,0,0
valediction,0.0,0,0
craterless,0.0,0,0
undid,0.0,0,0
uncapped,0.0,0,0
scooter,0.0,0,0
footman,0.0,0,0
extension,0.0,0,0
infrequency,0.0,0,0
deductable,0.0,0,0
pulitzer,0.0,0,0
bowline,0.0,0,0
factualness,0.0,0,0
inflow,0.0,0,0
february,0.0,0,0
uncompensated,0.0,0,0
meshwork,0.0,0,0
pressroom,0.0,0,0
freedman,0.0,0,0
linseed,0.0,0,0
gimmick,0.0,0,0
opine,0.0,0,0
shopper,0.0,0,0
rotational,0.0,0,0
sipper,0.0,0,0
encounter,0.0,0,0
multiplicity,0.0,0,0
postimpressionist,0.0,0,0
groundcover,0.0,0,0
copulative,0.0,0,0
sack,0.0,0,0
regimen,0.0,0,0
hobnob,0.0,0,0
gooseberry,0.0,0,0
canonize,0.0,0,0
thoughts,0.0,0,0
rhododendron,0.0,0,0
locally,0.0,0,0
gumminess,0.0,0,0
inseparability,0.0,0,0
alternatively,0.0,0,0
combustor,0.0,0,0
relationally,0.0,0,0
subinterval,0.0,0,0
rethread,0.0,0,0
neurologic,0.0,0,0
quark,0.0,0,0
jujitsu,0.0,0,0
instead,0.0,0,0
interdenominational,0.0,0,0
assign,0.0,0,0
invoker,0.0,0,0
sparkler,0.0,0,-1
tabulate,0.0,0,0
cardiopulmonary,0.0,0,0
conformant,0.0,0,0
selective,0.0,0,0
sommelier,0.0,0,0
hubcap,0.0,0,0
housemaster,0.0,0,0
inconsecutively,0.0,0,0
forearm,0.0,0,0
denotative,0.0,0,0
jotter,0.0,0,0
bicarbonate,0.0,0,0
steeringwheel,0.0,0,0
annullable,0.0,0,0
unreformed,0.0,0,0
mechanistic,0.0,0,0
portside,0.0,0,0
bunion,0.0,0,0
fascia,0.0,0,0
photomicrography,0.0,0,0
jenny,0.0,0,0
wheelman,0.0,0,0
shorthand,0.0,0,0
docked,0.0,0,0
playhouse,0.0,0,0
teakettle,0.0,0,0
congenital,0.0,0,0
hanger,0.0,0,0
multiengine,0.0,0,0
antigravity,0.0,0,0
brachiosaur,0.0,0,0
boardroom,0.0,0,0
residentially,0.0,0,0
syntactically,0.0,0,0
cowhide,0.0,0,0
remark,0.0,0,0
alcohol,0.0,0,1
whalebone,0.0,0,0
quahog,0.0,0,0
esquire,0.0,0,0
coincidently,0.0,0,0
cryptographically,0.0,0,0
mafia,0.0,0,0
astrophotography,0.0,0,0
arbor,0.0,0,0
forestation,0.0,0,0
rattail,0.0,0,0
reproductively,0.0,0,0
gobbledygook,0.0,0,0
bourgeoisie,0.0,0,0
natural,0.0,0,0
readjust,0.0,0,0
cornmeal,0.0,0,0
deceleration,0.0,0,0
experienced,0.0,0,0
imbursement,0.0,0,0
ampersand,0.0,0,0
substitute,0.0,0,0
numeration,0.0,0,0
histology,0.0,0,0
hydrocortisone,0.0,0,0
statistically,0.0,0,0
elbow,0.0,0,0
crow,0.0,0,0
landscaping,0.0,0,0
codebook,0.0,0,0
antithetical,0.0,0,0
mutative,0.0,0,0
trimness,0.0,0,0
representational,0.0,0,0
pretzel,0.0,0,0
xbox,0.0,0,0
honeybee,0.0,0,0
genealogical,0.0,0,0
minded,0.0,0,0
tenfold,0.0,0,0
investigated,0.0,0,0
mindedness,0.0,0,0
articulated,0.0,0,0
criticalness,0.0,0,0
eightfold,0.0,0,0
thermoelectricity,0.0,0,0
multidisciplinary,0.0,0,0
candy,0.0,0,0
genius,0.0,0,0
abatable,0.0,0,0
outrider,0.0,0,0
bioelectric,0.0,0,0
subheader,0.0,0,0
pericardial,0.0,0,0
posthypnotic,0.0,0,0
repressor,0.0,0,0
willful,0.0,0,0
slaver,0.0,0,0
pestle,0.0,0,0
substituent,0.0,0,0
rescindable,0.0,0,0
designated,0.0,0,0
matter,0.0,0,0
greaser,0.0,0,0
embers,0.0,0,0
mnemonic,0.0,0,0
courtside,0.0,0,0
phrasemaking,0.0,0,0
kiosk,0.0,0,0
dactyl,0.0,0,0
electrical,0.0,0,0
microform,0.0,0,0
etcher,0.0,0,0
imagined,0.0,0,0
typify,0.0,0,0
penlight,0.0,0,0
unchangeable,0.0,0,0
metabolize,0.0,0,0
gloss,0.0,0,0
candlewood,0.0,0,0
says,0.0,0,0
harpoon,0.0,0,0
voicelessly,0.0,0,0
postvertebral,0.0,0,0
teashop,0.0,0,0
operetta,0.0,0,0
sovereign,0.0,0,0
counter,0.0,0,0
lapelled,0.0,0,0
state,0.0,0,0
amalgamated,0.0,0,0
mitochondrion,0.0,0,0
upholder,0.0,0,0
impartialness,0.0,0,0
mortgagee,0.0,0,0
unrealized,0.0,0,0
legitimately,0.0,0,0
phylogeny,0.0,0,0
diaphragmatic,0.0,0,0
understate,0.0,0,0
decidedness,0.0,0,0
atomically,0.0,0,0
reapportionment,0.0,0,0
camisole,0.0,0,0
shippable,0.0,0,0
dichotomization,0.0,0,0
nonperishable,0.0,0,0
exhorter,0.0,0,0
sigma,0.0,0,0
innumerably,0.0,0,0
homophone,0.0,0,0
reciprocator,0.0,0,0
pulsar,0.0,0,0
woodblock,0.0,0,0
synonymously,0.0,0,0
synchronously,0.0,0,0
chemosynthesis,0.0,0,0
dunk,0.0,0,0
buy,0.0,0,0
curricula,0.0,0,0
tentacle,0.0,0,0
impurely,0.0,0,0
llama,0.0,0,0
kneel,0.0,0,0
nonpathogenic,0.0,0,0
bookend,0.0,0,0
blouse,0.0,0,0
corduroy,0.0,0,0
receiving,0.0,0,0
itemizer,0.0,0,0
geometer,0.0,0,0
cartoonist,0.0,0,0
escargot,0.0,0,0
wood,0.0,0,0
interschool,0.0,0,0
psychophysical,0.0,0,0
adult,0.0,0,0
windily,0.0,0,0
anticyclone,0.0,0,0
by,0.0,0,0
pieceworker,0.0,0,0
admissive,0.0,0,0
woodshop,0.0,0,0
naturalize,0.0,0,0
conductively,0.0,0,0
assurable,0.0,0,0
preseason,0.0,0,0
semiskilled,0.0,0,0
anticoagulation,0.0,0,0
potential,0.0,0,0
nationwide,0.0,0,0
catalytically,0.0,0,0
multivalve,0.0,0,0
steakhouse,0.0,0,0
quantifier,0.0,0,0
galley,0.0,0,0
soluble,0.0,0,0
imply,0.0,0,0
online,0.0,0,0
stent,0.0,0,0
geographer,0.0,0,0
flabby,0.0,0,-1
noninvasive,0.0,0,0
illustrative,0.0,0,0
geochemist,0.0,0,0
permutation,0.0,0,0
gays,0.0,0,0
placeless,0.0,0,0
dealings,0.0,0,0
nutcracker,0.0,0,0
therewith,0.0,0,0
coleslaw,0.0,0,0
fiesta,0.0,0,0
camshaft,0.0,0,0
riflescope,0.0,0,0
okra,0.0,0,0
monogamist,0.0,0,0
pelvic,0.0,0,0
ourselves,0.0,0,0
dingo,0.0,0,0
bellybutton,0.0,0,0
photojournalism,0.0,0,0
multiethnic,0.0,0,0
parson,0.0,0,0
radiotelephony,0.0,0,0
imbedded,0.0,0,0
spud,0.0,0,0
mangrove,0.0,0,0
displaceable,0.0,0,0
commons,0.0,0,0
thorax,0.0,0,0
pectoral,0.0,0,0
fibrousness,0.0,0,0
phonologic,0.0,0,0
heterogeneousness,0.0,0,0
earthlike,0.0,0,0
monophonic,0.0,0,0
westernmost,0.0,0,0
acoustician,0.0,0,0
delineator,0.0,0,0
radio,0.0,0,0
sweetshop,0.0,0,0
slot,0.0,0,0
constrainable,0.0,0,0
beadily,0.0,0,0
animalist,0.0,0,0
waterwheel,0.0,0,0
cranny,0.0,0,0
anatomization,0.0,0,0
peridot,0.0,0,0
remarried,0.0,0,0
predisposed,0.0,0,0
transportable,0.0,0,0
headliner,0.0,0,0
conscribe,0.0,0,0
clamp,0.0,0,0
glasgow,0.0,0,0
seep,0.0,0,0
operationalize,0.0,0,0
shelves,0.0,0,0
intercultural,0.0,0,0
reed,0.0,0,0
burke,0.0,0,0
mitt,0.0,0,0
agencies,0.0,0,0
northbound,0.0,0,0
unrighteous,0.0,0,0
gear,0.0,0,0
checkable,0.0,0,0
trencher,0.0,0,0
dripper,0.0,0,0
ambassador,0.0,0,0
inscriptive,0.0,0,0
woodprint,0.0,0,0
succotash,0.0,0,0
cardiogenic,0.0,0,0
indeed,0.0,0,0
phototropic,0.0,0,0
recalibration,0.0,0,0
various,0.0,0,0
bibliophilic,0.0,0,0
bikeway,0.0,0,0
corresponding,0.0,0,0
garlic,0.0,0,0
hydroponic,0.0,0,0
fertilizer,0.0,0,0
elfish,0.0,0,0
geographical,0.0,0,0
stockbreeder,0.0,0,0
forepaw,0.0,0,0
peel,0.0,0,0
hydrology,0.0,0,0
nonfigurative,0.0,0,0
elfishness,0.0,0,0
claimer,0.0,0,0
indecipherability,0.0,0,0
tweeze,0.0,0,0
nonpaying,0.0,0,0
postulation,0.0,0,0
mediational,0.0,0,0
purveyance,0.0,0,0
chariot,0.0,0,0
ontologically,0.0,0,0
supply,0.0,0,0
twenty,0.0,0,0
skeet,0.0,0,0
demilitarization,0.0,0,0
wolverine,0.0,0,0
raconteur,0.0,0,0
infallibly,0.0,0,0
deoxidizer,0.0,0,0
scaleless,0.0,0,0
granddaddy,0.0,0,0
compound,0.0,0,0
peas,0.0,0,0
concuss,0.0,0,1
graphologist,0.0,0,0
groundnut,0.0,0,0
fragmentize,0.0,0,0
psychograph,0.0,0,0
discharger,0.0,0,0
ethnographical,0.0,0,0
syphon,0.0,0,0
exhaustibility,0.0,0,0
inexactness,0.0,0,0
pitchfork,0.0,0,0
chronological,0.0,0,0
besieger,0.0,0,0
unblended,0.0,0,0
paraffin,0.0,0,0
cumulatively,0.0,0,0
dispose,0.0,0,0
objectivism,0.0,0,0
sideband,0.0,0,0
polyethylene,0.0,0,0
entryway,0.0,0,0
enveloper,0.0,0,0
communicatively,0.0,0,0
outside,0.0,0,0
remap,0.0,0,0
karat,0.0,0,0
epiglottal,0.0,0,0
anthropography,0.0,0,0
hydroscope,0.0,0,0
copyholder,0.0,0,0
owner,0.0,0,0
acquirable,0.0,0,0
unmarked,0.0,0,0
outboard,0.0,0,0
reincorporate,0.0,0,0
biennial,0.0,0,0
rimless,0.0,0,0
copperleaf,0.0,0,0
masticator,0.0,0,0
incombustible,0.0,0,0
geode,0.0,0,0
wherever,0.0,0,0
humus,0.0,0,0
actuality,0.0,0,0
tailbone,0.0,0,0
antiroyalist,0.0,0,0
wiper,0.0,0,0
etymologist,0.0,0,0
conform,0.0,0,0
evaporable,0.0,0,0
ombudsman,0.0,0,0
center,0.0,0,0
ferrous,0.0,0,0
dab,0.0,0,0
adoptive,0.0,0,0
swaddle,0.0,0,0
exact,0.0,0,0
antidotal,0.0,0,0
wow,0.0,0,0
cinematic,0.0,0,0
strongbox,0.0,0,0
novelistic,0.0,0,0
subdivision,0.0,0,0
likeness,0.0,0,0
frog,0.0,0,0
elliptical,0.0,0,0
confidentially,0.0,0,0
lake,0.0,0,0
appurtenances,0.0,0,0
turn,0.0,0,0
nucleotide,0.0,0,0
remobilization,0.0,0,0
manicurist,0.0,0,0
rebind,0.0,0,0
spinning,0.0,0,0
sheathe,0.0,0,0
absolvent,0.0,0,0
nominator,0.0,0,0
amateurism,0.0,0,0
trait,0.0,0,0
meld,0.0,0,0
paratrooper,0.0,0,0
limerick,0.0,0,0
sweatband,0.0,0,0
visible,0.0,0,0
southeastern,0.0,0,0
openmouthed,0.0,0,0
allocative,0.0,0,0
bespectacled,0.0,0,0
homogenate,0.0,0,0
moonlighter,0.0,0,0
tells,0.0,0,0
gallantness,0.0,0,0
quasar,0.0,0,0
enormous,0.0,0,0
calcium,0.0,0,0
attest,0.0,0,0
dentally,0.0,0,0
dryclean,0.0,0,0
nonspeaking,0.0,0,0
spacecraft,0.0,0,0
bipartisan,0.0,0,0
tangible,0.0,0,0
laserjet,0.0,0,0
joviality,0.0,0,1
nonrepresentational,0.0,0,0
radian,0.0,0,0
prekindergarten,0.0,0,0
nearsightedly,0.0,0,0
unrequested,0.0,0,0
snowdrift,0.0,0,0
depositional,0.0,0,0
scout,0.0,0,0
tortellini,0.0,0,0
fractionally,0.0,0,0
postsynaptic,0.0,0,0
cabinetwork,0.0,0,0
payer,0.0,0,0
hew,0.0,0,0
overlay,0.0,0,0
reindeer,0.0,0,0
gatepost,0.0,0,0
absorbance,0.0,0,0
basecamp,0.0,0,0
backlist,0.0,0,0
voltmeter,0.0,0,0
nonsensical,0.0,0,0
scan,0.0,0,0
molecularly,0.0,0,0
grantable,0.0,0,0
apelike,0.0,0,0
fibrocystic,0.0,0,0
estoppel,0.0,0,0
we,0.0,0,0
atomizer,0.0,0,0
evaluate,0.0,0,0
parrot,0.0,0,0
faucet,0.0,0,0
sidewall,0.0,0,0
jouster,0.0,0,0
tiptop,0.0,0,0
legwarmer,0.0,0,0
dayshift,0.0,0,0
fabled,0.0,0,0
convexly,0.0,0,0
handwritten,0.0,0,0
fronting,0.0,0,0
backlit,0.0,0,0
roundly,0.0,0,0
logged,0.0,0,0
logicality,0.0,0,0
unspeaking,0.0,0,0
ventricular,0.0,0,0
ionizer,0.0,0,0
cube,0.0,0,0
rescore,0.0,0,0
oxblood,0.0,0,0
light,0.0,0,0
reseller,0.0,0,0
jokey,0.0,0,0
appointer,0.0,0,0
radish,0.0,0,0
bunch,0.0,0,0
desegregate,0.0,0,0
elegancy,0.0,0,0
enormously,0.0,0,0
studentship,0.0,0,0
chord,0.0,0,0
outgrowth,0.0,0,0
ruggedly,0.0,0,0
lineal,0.0,0,0
jadedly,0.0,0,0
beep,0.0,0,0
bilingually,0.0,0,0
jube,0.0,0,0
unawareness,0.0,0,0
shellac,0.0,0,0
transliterate,0.0,0,0
diametrical,0.0,0,0
interdependent,0.0,0,0
hermaphroditically,0.0,0,0
intermittency,0.0,0,0
fayed,0.0,0,0
centrally,0.0,0,0
lee,0.0,0,0
erasable,0.0,0,0
choreographic,0.0,0,0
repeatability,0.0,0,0
fancywork,0.0,0,0
longitude,0.0,0,0
cubical,0.0,0,0
neuromuscular,0.0,0,0
grew,0.0,0,0
lights,0.0,0,0
pursuable,0.0,0,0
bluebird,0.0,0,0
iphone,0.0,0,0
telephonic,0.0,0,0
nob,0.0,0,0
mechanistically,0.0,0,0
ultramicroscopic,0.0,0,0
orthographic,0.0,0,0
motte,0.0,0,0
dietitian,0.0,0,0
microclimate,0.0,0,0
ladies,0.0,0,0
rigger,0.0,0,0
polymorphic,0.0,0,0
unmanufactured,0.0,0,0
wavelike,0.0,0,0
approver,0.0,0,0
minim,0.0,0,0
covering,0.0,0,0
lox,0.0,0,0
rollingpin,0.0,0,0
personalities,0.0,0,0
unbeknown,0.0,0,0
consistence,0.0,0,0
triangle,0.0,0,0
bamboo,0.0,0,0
emption,0.0,0,0
alteration,0.0,0,0
humerus,0.0,0,0
ragged,0.0,0,1
believeth,0.0,0,0
operability,0.0,0,0
variant,0.0,0,0
gift,0.0,0,0
wouldn,0.0,0,0
character,0.0,0,0
instance,0.0,0,0
scrimshaw,0.0,0,0
predictably,0.0,0,0
yum,0.0,0,0
advanced,0.0,0,0
liberalist,0.0,0,0
capstone,0.0,0,0
stylish,0.0,0,0
chromosphere,0.0,0,0
autonomist,0.0,0,0
comparative,0.0,0,0
bookcase,0.0,0,0
desulphurization,0.0,0,0
audiometer,0.0,0,0
lycopene,0.0,0,0
yuppie,0.0,0,0
reseat,0.0,0,0
recombine,0.0,0,0
bangle,0.0,0,0
albanian,0.0,0,0
behave,0.0,0,0
coastally,0.0,0,0
roads,0.0,0,0
unprofessed,0.0,0,0
mongolism,0.0,0,0
rightward,0.0,0,0
perceptivity,0.0,0,0
polaroid,0.0,0,0
lederhosen,0.0,0,0
macroeconomic,0.0,0,0
mercantile,0.0,0,0
crossbar,0.0,0,0
haulage,0.0,0,0
inalterably,0.0,0,0
humanistic,0.0,0,0
parlance,0.0,0,0
residual,0.0,0,0
indispensableness,0.0,0,0
allo,0.0,0,0
earthiness,0.0,0,0
bookwork,0.0,0,0
terabyte,0.0,0,0
cannery,0.0,0,0
solidly,0.0,0,0
kitchenette,0.0,0,0
biomorphic,0.0,0,0
compositeness,0.0,0,0
spandex,0.0,0,0
motel,0.0,0,0
countersignal,0.0,0,0
professorial,0.0,0,0
unipolar,0.0,0,0
predominately,0.0,0,0
debater,0.0,0,0
connotation,0.0,0,0
collection,0.0,0,0
outtake,0.0,0,0
laptop,0.0,0,0
shoehorn,0.0,0,0
imparity,0.0,0,0
psychoanalyze,0.0,0,0
promenade,0.0,0,0
yah,0.0,0,0
centenarian,0.0,0,0
bebop,0.0,0,0
drank,0.0,0,0
alongside,0.0,0,0
cheapo,0.0,0,0
strata,0.0,0,0
metallurgy,0.0,0,0
sass,0.0,0,0
atom,0.0,0,0
spur,0.0,0,0
iceman,0.0,0,0
windmill,0.0,0,0
multiform,0.0,0,0
interconnectedness,0.0,0,0
eggplant,0.0,0,0
preamplifier,0.0,0,0
aristocratism,0.0,0,0
electrometer,0.0,0,0
disjunction,0.0,0,0
yellowness,0.0,0,0
hoorah,0.0,0,0
logistical,0.0,0,0
counterbalance,0.0,0,0
provability,0.0,0,0
oldest,0.0,0,0
enigmatic,0.0,0,0
historical,0.0,0,0
unpremeditated,0.0,0,0
decipher,0.0,0,0
metathesis,0.0,0,0
expo,0.0,0,0
viewfinder,0.0,0,0
gala,0.0,0,0
stairwell,0.0,0,0
hierarchically,0.0,0,0
interactively,0.0,0,0
limber,0.0,0,0
uncongenial,0.0,0,-1
updated,0.0,0,0
rebar,0.0,0,0
unimpeached,0.0,0,0
leaving,0.0,0,0
valedictorian,0.0,0,0
bluddy,0.0,0,0
immediate,0.0,0,0
anal,0.0,0,0
moiety,0.0,0,0
overproduce,0.0,0,0
womanhood,0.0,0,0
playfulness,0.0,0,0
sett,0.0,0,0
beets,0.0,0,0
inkwell,0.0,0,0
amoebae,0.0,0,0
polyandrous,0.0,0,0
woodsy,0.0,0,0
animator,0.0,0,0
executor,0.0,0,0
whose,0.0,0,0
sportiness,0.0,0,0
slate,0.0,0,0
dancehall,0.0,0,0
hereof,0.0,0,0
decagon,0.0,0,0
irrefutability,0.0,0,0
embalm,0.0,0,0
raiser,0.0,0,0
legalistic,0.0,0,0
tarragon,0.0,0,0
withstood,0.0,0,0
ancestral,0.0,0,0
doormat,0.0,0,-1
modularity,0.0,0,0
retrospectively,0.0,0,0
estimate,0.0,0,0
decomposer,0.0,0,0
diffusedly,0.0,0,0
contiguity,0.0,0,0
dishtowel,0.0,0,0
canonically,0.0,0,0
akimbo,0.0,0,0
recognizance,0.0,0,0
bees,0.0,0,0
shallowness,0.0,0,1
biography,0.0,0,0
unfurnished,0.0,0,0
autobus,0.0,0,0
deem,0.0,0,0
localizer,0.0,0,0
different,0.0,0,0
inroad,0.0,0,0
voiceprint,0.0,0,0
wellborn,0.0,0,0
sturdily,0.0,0,0
maintain,0.0,0,0
purchasable,0.0,0,0
outbreed,0.0,0,0
cogency,0.0,0,0
imperceptibility,0.0,0,0
weathervane,0.0,0,0
bifocal,0.0,0,0
referring,0.0,0,0
portfolio,0.0,0,0
buckler,0.0,0,0
revisualization,0.0,0,0
summarization,0.0,0,0
privateer,0.0,0,0
tenability,0.0,0,0
failsafe,0.0,0,0
knuckles,0.0,0,0
consortium,0.0,0,0
endpoint,0.0,0,0
obi,0.0,0,0
clapper,0.0,0,0
contracture,0.0,0,0
pipe,0.0,0,0
pigskin,0.0,0,0
needn,0.0,0,0
receptacle,0.0,0,0
swarthy,0.0,0,0
supplier,0.0,0,0
trapshooting,0.0,0,0
electroscope,0.0,0,0
oftentimes,0.0,0,0
thickener,0.0,0,0
oxygenize,0.0,0,0
ruth,0.0,0,0
organism,0.0,0,0
bargraph,0.0,0,0
dialectology,0.0,0,0
organizationally,0.0,0,0
bariatrics,0.0,0,0
declarable,0.0,0,0
plumage,0.0,0,0
dealing,0.0,0,0
lines,0.0,0,0
axial,0.0,0,0
gnomish,0.0,0,0
cadmium,0.0,0,0
likable,0.0,0,0
goldsmith,0.0,0,0
pertinent,0.0,0,0
directionality,0.0,0,0
forefinger,0.0,0,0
portage,0.0,0,0
birdseed,0.0,0,0
emerged,0.0,0,0
regularize,0.0,0,0
ringtone,0.0,0,0
ministerial,0.0,0,0
whiptail,0.0,0,0
sanitarily,0.0,0,0
ostentatiously,0.0,0,0
westbound,0.0,0,0
passim,0.0,0,0
slates,0.0,0,0
ninepin,0.0,0,0
restock,0.0,0,0
prerelease,0.0,0,0
webbrowser,0.0,0,0
townscape,0.0,0,0
photoreceptive,0.0,0,0
northside,0.0,0,0
archer,0.0,0,0
claylike,0.0,0,0
baboonery,0.0,0,0
miscellany,0.0,0,0
helix,0.0,0,0
concessional,0.0,0,0
commutable,0.0,0,0
unspecific,0.0,0,0
repeated,0.0,0,0
exosphere,0.0,0,0
rectangularity,0.0,0,0
calligrapher,0.0,0,0
turbocharger,0.0,0,0
bookishness,0.0,0,0
deoxidize,0.0,0,0
retainer,0.0,0,0
stakeholder,0.0,0,0
mastodon,0.0,0,0
nebulae,0.0,0,0
superincumbent,0.0,0,0
stratosphere,0.0,0,0
washable,0.0,0,0
fat,0.0,0,0
discharge,0.0,0,0
sketchbook,0.0,0,0
detachedness,0.0,0,0
breadcrumb,0.0,0,0
cognitively,0.0,0,0
anytime,0.0,0,0
pharmaceutics,0.0,0,0
pollinator,0.0,0,0
indestructible,0.0,0,0
artificially,0.0,0,0
unpatriotically,0.0,0,0
tubing,0.0,0,0
polyunsaturated,0.0,0,0
instrumentalist,0.0,0,0
inflection,0.0,0,0
comparison,0.0,0,0
that,0.0,0,0
dressmaking,0.0,0,0
reproof,0.0,0,0
elements,0.0,0,0
headman,0.0,0,0
macroscopic,0.0,0,0
accretion,0.0,0,0
unarguably,0.0,0,0
clitoris,0.0,0,0
righty,0.0,0,0
hockey,0.0,0,0
reregulate,0.0,0,0
refractivity,0.0,0,0
nonexclusive,0.0,0,0
institutionally,0.0,0,0
silica,0.0,0,0
nongaseous,0.0,0,0
neckwear,0.0,0,0
indistinctively,0.0,0,0
exhilarator,0.0,0,0
abalone,0.0,0,0
attenuated,0.0,0,0
suet,0.0,0,0
bagpipe,0.0,0,0
ethnographer,0.0,0,0
roadworthy,0.0,0,0
ochre,0.0,0,0
vocative,0.0,0,0
mark,0.0,0,0
directness,0.0,0,0
postimpressionism,0.0,0,0
digestively,0.0,0,0
translatable,0.0,0,0
boat,0.0,0,0
landscapist,0.0,0,0
architecturally,0.0,0,0
imperishably,0.0,0,0
font,0.0,0,0
vocationally,0.0,0,0
imperceptive,0.0,0,-1
unoriginal,0.0,0,0
systematization,0.0,0,0
dodecahedron,0.0,0,0
bipedal,0.0,0,0
preservationist,0.0,0,0
competence,0.0,0,0
unmissed,0.0,0,0
pursuit,0.0,0,0
subway,0.0,0,0
witted,0.0,0,0
hippopotamus,0.0,0,0
exceptional,0.0,0,0
constructional,0.0,0,0
warless,0.0,0,0
antinuclear,0.0,0,0
fibrous,0.0,0,0
vocalist,0.0,0,0
antisepsis,0.0,0,0
genotypic,0.0,0,0
conjugate,0.0,0,0
eyelash,0.0,0,0
sailable,0.0,0,0
aqua,0.0,0,0
checkerboard,0.0,0,0
acquiesce,0.0,0,0
conclusiveness,0.0,0,0
permissibility,0.0,0,0
cheek,0.0,0,0
hedge,0.0,0,0
multihued,0.0,0,0
constabulary,0.0,0,0
neoclassic,0.0,0,0
paraphrase,0.0,0,0
gubernatorial,0.0,0,0
sprocket,0.0,0,0
cities,0.0,0,0
nonmaterial,0.0,0,0
hydroxylation,0.0,0,0
griddle,0.0,0,0
barmaid,0.0,0,0
preventability,0.0,0,0
mechanics,0.0,0,0
dualism,0.0,0,0
neuroanatomical,0.0,0,0
afresh,0.0,0,0
entrepreneurial,0.0,0,0
annual,0.0,0,0
sublimate,0.0,0,0
viscose,0.0,0,0
methane,0.0,0,0
noncompetitive,0.0,0,0
premiership,0.0,0,0
scone,0.0,0,0
house,0.0,0,0
microbial,0.0,0,0
orca,0.0,0,0
objectivist,0.0,0,0
positional,0.0,0,0
at,0.0,0,1
journalism,0.0,0,0
nudie,0.0,0,0
inexcusability,0.0,0,0
reintegration,0.0,0,0
webbing,0.0,0,0
sees,0.0,0,0
protoplasm,0.0,0,0
netted,0.0,0,0
monounsaturated,0.0,0,0
determinedly,0.0,0,0
based,0.0,0,0
timestamp,0.0,0,0
glassworker,0.0,0,0
limey,0.0,0,0
rosary,0.0,0,1
bend,0.0,0,0
renewable,0.0,0,0
noontime,0.0,0,0
chrysalis,0.0,0,0
protoplast,0.0,0,0
zookeeper,0.0,0,0
drape,0.0,0,0
officer,0.0,0,0
kinship,0.0,0,0
blog,0.0,0,0
backtracker,0.0,0,0
gestation,0.0,0,0
paintable,0.0,0,0
gross,0.0,0,0
nonromantic,0.0,0,0
shin,0.0,0,0
crestless,0.0,0,0
inexact,0.0,0,0
during,0.0,0,0
refold,0.0,0,0
dot,0.0,0,0
tided,0.0,0,0
facility,0.0,0,0
vastness,0.0,0,0
cathartically,0.0,0,0
well,0.0,0,0
phlegm,0.0,0,1
repopulate,0.0,0,0
untranslatable,0.0,0,0
detachable,0.0,0,0
sexologist,0.0,0,0
lifetime,0.0,0,0
sociopath,0.0,0,0
odorize,0.0,0,0
premium,0.0,0,0
prospector,0.0,0,0
colloidal,0.0,0,0
rendering,0.0,0,0
extractive,0.0,0,0
handball,0.0,0,0
dissector,0.0,0,0
flaxen,0.0,0,0
formulize,0.0,0,0
broaden,0.0,0,0
derma,0.0,0,0
weatherboard,0.0,0,0
watermark,0.0,0,0
oiler,0.0,0,0
charthouse,0.0,0,0
floorless,0.0,0,0
floristry,0.0,0,0
snowshoe,0.0,0,0
trebuchet,0.0,0,0
pharmacologically,0.0,0,0
eyetooth,0.0,0,0
linguini,0.0,0,0
antenna,0.0,0,0
swingman,0.0,0,0
hardwood,0.0,0,0
fishpond,0.0,0,0
backfill,0.0,0,0
dvd,0.0,0,0
determinately,0.0,0,0
pentathlon,0.0,0,0
nondrying,0.0,0,0
lever,0.0,0,0
computably,0.0,0,0
outlying,0.0,0,0
perpetuation,0.0,0,0
academic,0.0,0,0
chancellorship,0.0,0,0
amber,0.0,0,0
unrivalled,0.0,0,0
indivisible,0.0,0,0
gratuitousness,0.0,0,0
chewy,0.0,0,0
southeastward,0.0,0,0
captainship,0.0,0,0
bromide,0.0,0,0
firetruck,0.0,0,0
uncertified,0.0,0,0
schemata,0.0,0,0
conformance,0.0,0,0
arabesque,0.0,0,0
reforecast,0.0,0,0
arithmetically,0.0,0,0
coincide,0.0,0,0
shiitake,0.0,0,0
drifted,0.0,0,0
saltine,0.0,0,0
correlation,0.0,0,0
bun,0.0,0,0
repository,0.0,0,0
hem,0.0,0,0
ascertainably,0.0,0,0
haystack,0.0,0,0
precisionist,0.0,0,0
schoolbag,0.0,0,0
shallows,0.0,0,0
attributer,0.0,0,0
subaqueous,0.0,0,0
discountable,0.0,0,0
acetaminophen,0.0,0,0
obtainment,0.0,0,0
postsurgical,0.0,0,0
ecclesiastical,0.0,0,0
dabber,0.0,0,0
ulna,0.0,0,0
extramural,0.0,0,0
red,0.0,0,0
ambience,0.0,0,0
geocentrically,0.0,0,0
cone,0.0,0,0
celibate,0.0,0,0
radiolocation,0.0,0,0
gleaming,0.0,0,0
canister,0.0,0,0
institution,0.0,0,0
alphabetize,0.0,0,0
regressively,0.0,0,0
classicalist,0.0,0,0
invitation,0.0,0,0
fandango,0.0,0,0
funds,0.0,0,0
topography,0.0,0,0
viscosity,0.0,0,0
articulation,0.0,0,0
macroscopically,0.0,0,0
been,0.0,0,0
multibillion,0.0,0,0
extracurricular,0.0,0,0
barcode,0.0,0,0
each,0.0,0,0
puniness,0.0,0,0
minidress,0.0,0,0
blooper,0.0,0,0
euphonium,0.0,0,0
stoutly,0.0,0,0
masticate,0.0,0,0
kazoo,0.0,0,0
clothespin,0.0,0,0
covariant,0.0,0,0
legislatorial,0.0,0,0
aligner,0.0,0,0
topical,0.0,0,0
annex,0.0,0,0
grid,0.0,0,0
advantageous,0.0,0,0
marinade,0.0,0,0
socioeconomic,0.0,0,0
ecliptic,0.0,0,0
busybody,0.0,0,0
hematologist,0.0,0,0
mane,0.0,0,0
inundator,0.0,0,0
monarchial,0.0,0,0
notable,0.0,0,0
pathophysiology,0.0,0,0
tarpaulin,0.0,0,0
spotter,0.0,0,0
nutritious,0.0,0,0
playa,0.0,0,0
sultan,0.0,0,0
sourpuss,0.0,0,0
observatory,0.0,0,0
barnacle,0.0,0,0
metres,0.0,0,0
caw,0.0,0,0
factual,0.0,0,0
spine,0.0,0,0
coin,0.0,0,0
nethermost,0.0,0,0
though,0.0,0,0
fresher,0.0,0,0
photomap,0.0,0,0
conduce,0.0,0,0
flowerlike,0.0,0,0
gregorian,0.0,0,0
bourse,0.0,0,0
flavonoid,0.0,0,0
unpatented,0.0,0,0
lefty,0.0,0,0
hold,0.0,0,0
beetle,0.0,0,0
handgrip,0.0,0,0
university,0.0,0,0
sync,0.0,0,0
ironclad,0.0,0,0
helm,0.0,0,0
sheetrock,0.0,0,0
rocklike,0.0,0,0
lowa,0.0,0,0
another,0.0,0,0
cutlet,0.0,0,0
dispersible,0.0,0,0
antecedent,0.0,0,0
prescriptively,0.0,0,0
easterner,0.0,0,0
photodynamic,0.0,0,0
hors,0.0,0,0
bronze,0.0,0,0
guideline,0.0,0,0
firebrick,0.0,0,0
flew,0.0,0,0
lore,0.0,0,0
mow,0.0,0,0
chairperson,0.0,0,0
telephoned,0.0,0,0
beacon,0.0,0,0
approximating,0.0,0,0
verbalism,0.0,0,0
temperately,0.0,0,0
smith,0.0,0,0
mistletoe,0.0,0,0
commercially,0.0,0,0
wiccan,0.0,0,0
federacy,0.0,0,0
families,0.0,0,0
decidable,0.0,0,0
repairer,0.0,0,0
gnomic,0.0,0,0
tuba,0.0,0,0
kelp,0.0,0,0
altruist,0.0,0,0
multiple,0.0,0,0
catalog,0.0,0,0
society,0.0,0,0
depriver,0.0,0,0
soundtrack,0.0,0,0
aforesaid,0.0,0,0
drippy,0.0,0,0
bespeak,0.0,0,0
proletariate,0.0,0,0
unstopped,0.0,0,0
breadfruit,0.0,0,0
latino,0.0,0,0
dimension,0.0,0,0
tether,0.0,0,0
satinwood,0.0,0,0
patternmaking,0.0,0,0
pedestrian,0.0,0,0
parcel,0.0,0,0
feline,0.0,0,0
parliamentary,0.0,0,0
antechamber,0.0,0,0
pluralist,0.0,0,0
procurator,0.0,0,0
afterlife,0.0,0,0
guess,0.0,0,0
allegorist,0.0,0,0
eventfully,0.0,0,0
panfry,0.0,0,0
childlikeness,0.0,0,1
embroider,0.0,0,0
placekicker,0.0,0,0
confounder,0.0,0,0
spitted,0.0,0,0
spectrograph,0.0,0,0
dispenser,0.0,0,0
extrude,0.0,0,0
reforest,0.0,0,0
purposefulness,0.0,0,0
biogenetical,0.0,0,0
handshake,0.0,0,0
pyramid,0.0,0,0
model,0.0,0,0
wallboard,0.0,0,0
internal,0.0,0,0
anchorman,0.0,0,0
respective,0.0,0,0
hydrotropic,0.0,0,0
ethological,0.0,0,0
doctoral,0.0,0,0
bacteriological,0.0,0,0
salsa,0.0,0,0
substitutable,0.0,0,0
dado,0.0,0,0
multiprocessing,0.0,0,0
derived,0.0,0,0
handspring,0.0,0,0
barium,0.0,0,0
peg,0.0,0,0
hider,0.0,0,0
profitability,0.0,0,0
overproduction,0.0,0,0
intro,0.0,0,0
oarswoman,0.0,0,0
ceiling,0.0,0,0
extraordinaire,0.0,0,0
seaworthiness,0.0,0,0
branchless,0.0,0,0
den,0.0,0,0
premise,0.0,0,0
buttocks,0.0,0,0
bilayer,0.0,0,0
subsequence,0.0,0,0
geothermic,0.0,0,0
romance,0.0,0,0
foregoing,0.0,0,0
apportion,0.0,0,0
action,0.0,0,0
chalkstone,0.0,0,0
publisher,0.0,0,0
derivable,0.0,0,0
downloadable,0.0,0,0
teacupful,0.0,0,0
renormalize,0.0,0,0
shuttlecock,0.0,0,0
contextualization,0.0,0,0
modulation,0.0,0,0
paper,0.0,0,0
ambassadorial,0.0,0,0
bisulphate,0.0,0,0
affirmable,0.0,0,0
disconnectedly,0.0,0,0
greasily,0.0,0,0
placental,0.0,0,0
liquefiable,0.0,0,0
typological,0.0,0,0
propositional,0.0,0,0
transformability,0.0,0,0
bibliography,0.0,0,0
sixfold,0.0,0,0
sanskrit,0.0,0,0
desirously,0.0,0,0
payable,0.0,0,0
circumstances,0.0,0,0
builder,0.0,0,0
universalize,0.0,0,0
neural,0.0,0,0
compress,0.0,0,0
redbird,0.0,0,0
initiated,0.0,0,0
alphanumerical,0.0,0,0
halftrack,0.0,0,0
imputable,0.0,0,0
transformer,0.0,0,0
ethos,0.0,0,0
specialized,0.0,0,0
ops,0.0,0,0
consistent,0.0,0,0
satisfier,0.0,0,0
seen,0.0,0,0
appropriate,0.0,0,0
debutante,0.0,0,0
subfloor,0.0,0,0
handmaid,0.0,0,0
utilize,0.0,0,0
intrepidity,0.0,0,0
mammalian,0.0,0,0
thumbtack,0.0,0,0
virtuoso,0.0,0,0
ratio,0.0,0,0
hugely,0.0,0,0
modernize,0.0,0,0
webmanager,0.0,0,0
coffer,0.0,0,0
equinox,0.0,0,0
intercollegiate,0.0,0,0
committeeman,0.0,0,0
thither,0.0,0,0
cripes,0.0,0,0
cockatoo,0.0,0,0
millhouse,0.0,0,0
showerhead,0.0,0,0
mathematically,0.0,0,0
enhancer,0.0,0,0
eyepatch,0.0,0,0
bucktooth,0.0,0,0
audiologist,0.0,0,0
civilize,0.0,0,0
monarchal,0.0,0,0
video,0.0,0,0
sequitur,0.0,0,0
datable,0.0,0,0
condensed,0.0,0,0
reap,0.0,0,0
cloakroom,0.0,0,0
millennium,0.0,0,0
deemed,0.0,0,0
pooltable,0.0,0,0
physician,0.0,0,0
amniotic,0.0,0,0
interfusion,0.0,0,0
henceforth,0.0,0,0
testable,0.0,0,0
hypoacidity,0.0,0,0
juststop,0.0,0,-1
exoskeleton,0.0,0,0
equidistance,0.0,0,0
hart,0.0,0,0
obstetrical,0.0,0,0
orate,0.0,0,0
applesauce,0.0,0,0
dual,0.0,0,0
unsubsidized,0.0,0,0
unstipulated,0.0,0,0
miso,0.0,0,0
outright,0.0,0,0
irrelevant,0.0,0,0
section,0.0,0,0
contents,0.0,0,0
hamburger,0.0,0,0
saber,0.0,0,0
recalculate,0.0,0,0
outermost,0.0,0,0
palomino,0.0,0,0
replicable,0.0,0,0
city,0.0,0,0
valid,0.0,0,0
carpeting,0.0,0,0
semolina,0.0,0,0
somethingigetalot,0.0,0,0
nonce,0.0,0,0
parrotfish,0.0,0,0
bluetooth,0.0,0,0
from,0.0,0,0
express,0.0,0,0
transactional,0.0,0,0
externality,0.0,0,0
inscriber,0.0,0,0
parchment,0.0,0,0
synthetically,0.0,0,0
engraver,0.0,0,0
tufted,0.0,0,0
anecdotal,0.0,0,0
hologram,0.0,0,0
headquarter,0.0,0,0
towable,0.0,0,0
faceplate,0.0,0,0
trilingual,0.0,0,0
midpoint,0.0,0,0
goat,0.0,0,0
seaworthy,0.0,0,0
pluralize,0.0,0,0
courier,0.0,0,0
congruency,0.0,0,0
phonotype,0.0,0,0
geochemical,0.0,0,0
bobber,0.0,0,0
grammar,0.0,0,0
reverse,0.0,0,0
heterogeneity,0.0,0,0
whereon,0.0,0,0
collegiately,0.0,0,0
aeronautically,0.0,0,0
input,0.0,0,0
biometry,0.0,0,0
outsmart,0.0,0,0
compression,0.0,0,0
camber,0.0,0,0
counterproductive,0.0,0,0
weld,0.0,0,0
incorrectly,0.0,0,0
concealable,0.0,0,0
archival,0.0,0,0
period,0.0,0,0
doesn,0.0,0,0
decomposability,0.0,0,0
buckskinned,0.0,0,0
archangel,0.0,0,0
southwestwardly,0.0,0,0
conjugality,0.0,0,0
pickin,0.0,0,0
microphysics,0.0,0,0
quillwork,0.0,0,0
horseplayer,0.0,0,0
postmark,0.0,0,0
scheduled,0.0,0,0
ostrich,0.0,0,0
borne,0.0,0,0
cobalt,0.0,0,0
fortune,0.0,0,0
initialization,0.0,0,0
caplet,0.0,0,0
chronographically,0.0,0,0
aspirate,0.0,0,0
curvedness,0.0,0,0
euclidean,0.0,0,0
noun,0.0,0,0
corrode,0.0,0,0
audiotape,0.0,0,0
balsa,0.0,0,0
fungicidal,0.0,0,0
skirt,0.0,0,0
schooner,0.0,0,0
kernel,0.0,0,0
housekeep,0.0,0,0
aboriginality,0.0,0,0
astuteness,0.0,0,0
afro,0.0,0,0
secularism,0.0,0,0
grantee,0.0,0,0
monohydrate,0.0,0,0
involved,0.0,0,0
nonreader,0.0,0,0
nonproducing,0.0,0,0
truism,0.0,0,0
dissoluble,0.0,0,0
canape,0.0,0,0
garlicky,0.0,0,0
antimilitary,0.0,0,0
commensuration,0.0,0,0
sanguineous,0.0,0,0
lengthy,0.0,0,0
retinal,0.0,0,0
redirect,0.0,0,0
demigoddess,0.0,0,0
individualism,0.0,0,0
reformism,0.0,0,0
thought,0.0,0,0
unproved,0.0,0,0
glazier,0.0,0,0
canterbury,0.0,0,0
sturgeon,0.0,0,0
heliocentricity,0.0,0,0
afterword,0.0,0,0
pictogram,0.0,0,0
spigot,0.0,0,0
millwork,0.0,0,0
urban,0.0,0,0
hombre,0.0,0,0
welterweight,0.0,0,0
geothermal,0.0,0,0
embarrassed,0.0,0,-1
gigantically,0.0,0,0
flagpole,0.0,0,0
establishmentarian,0.0,0,0
eve,0.0,0,0
vitalistic,0.0,0,0
throatiness,0.0,0,0
tactician,0.0,0,0
plasticine,0.0,0,0
clubman,0.0,0,0
fashionable,0.0,0,0
reasoning,0.0,0,0
daintily,0.0,0,0
corrective,0.0,0,0
newsboy,0.0,0,0
evenly,0.0,0,0
enterpriser,0.0,0,0
dynamo,0.0,0,0
puma,0.0,0,0
judgeship,0.0,0,0
microfilm,0.0,0,0
songlike,0.0,0,0
physiologist,0.0,0,0
collarbone,0.0,0,0
byway,0.0,0,0
gnome,0.0,0,0
institute,0.0,0,0
coequality,0.0,0,0
lexicology,0.0,0,0
cruncher,0.0,0,0
sleeper,0.0,0,0
pilgrim,0.0,0,0
inning,0.0,0,0
bodice,0.0,0,0
cultism,0.0,0,0
dissociate,0.0,0,0
depository,0.0,0,0
thoracic,0.0,0,0
physiotherapeutic,0.0,0,0
conjunct,0.0,0,0
septuagenarian,0.0,0,0
fixtures,0.0,0,0
simultaneous,0.0,0,0
funnily,0.0,0,0
fistful,0.0,0,0
propositionally,0.0,0,0
manager,0.0,0,0
encephalograph,0.0,0,0
hydroponics,0.0,0,0
duodenum,0.0,0,0
tantamount,0.0,0,0
clerically,0.0,0,0
answerer,0.0,0,0
dermatologic,0.0,0,0
depreciated,0.0,0,0
heraldic,0.0,0,0
nonintervention,0.0,0,0
gravity,0.0,0,0
mastication,0.0,0,0
idealization,0.0,0,0
roadster,0.0,0,0
chatbox,0.0,0,0
chessboard,0.0,0,0
impala,0.0,0,0
proportion,0.0,0,0
acknowledger,0.0,0,0
showiness,0.0,0,0
pentecostal,0.0,0,0
chromium,0.0,0,0
navy,0.0,0,0
sixth,0.0,0,0
incomputable,0.0,0,0
correlational,0.0,0,0
combined,0.0,0,0
ladylike,0.0,0,0
operatory,0.0,0,0
postclassical,0.0,0,0
such,0.0,0,0
elevator,0.0,0,0
voiceover,0.0,0,0
experientialist,0.0,0,0
conjunctly,0.0,0,0
unsee,0.0,0,0
polytonal,0.0,0,0
genealogist,0.0,0,0
unindustrialized,0.0,0,0
patriarch,0.0,0,0
homological,0.0,0,0
axiomatic,0.0,0,0
vaporizable,0.0,0,0
parse,0.0,0,0
therapeutics,0.0,0,0
subkingdom,0.0,0,0
chutney,0.0,0,0
ride,0.0,0,0
riverfront,0.0,0,0
verification,0.0,0,0
kiloliter,0.0,0,0
moviegoer,0.0,0,0
tribal,0.0,0,0
garage,0.0,0,0
sideslip,0.0,0,0
repay,0.0,0,0
handoff,0.0,0,0
numerousness,0.0,0,0
inkpad,0.0,0,0
travail,0.0,0,0
nosnow,0.0,0,0
heh,0.0,0,0
dumpling,0.0,0,0
similarities,0.0,0,0
orthodontic,0.0,0,0
metamorphose,0.0,0,0
hydrogenate,0.0,0,0
swish,0.0,0,0
clerical,0.0,0,0
bridgework,0.0,0,0
rationalistic,0.0,0,0
kilter,0.0,0,0
chamber,0.0,0,0
pacify,0.0,0,1
spinningwheel,0.0,0,0
quantitatively,0.0,0,0
averagely,0.0,0,0
crowner,0.0,0,0
spirited,0.0,0,0
mythology,0.0,0,0
matrix,0.0,0,0
psychobiological,0.0,0,0
southwestward,0.0,0,0
begotten,0.0,0,0
propelled,0.0,0,0
constitutive,0.0,0,0
mollusk,0.0,0,0
isometric,0.0,0,0
editorial,0.0,0,0
untelevised,0.0,0,0
heft,0.0,0,0
nonmetal,0.0,0,0
perceive,0.0,0,0
emancipist,0.0,0,0
microspore,0.0,0,0
prepubescent,0.0,0,0
countrymen,0.0,0,0
dextroglucose,0.0,0,0
conjunction,0.0,0,0
connectedly,0.0,0,0
coffeepot,0.0,0,0
commissionership,0.0,0,0
ineffably,0.0,0,0
notwithstanding,0.0,0,0
sessions,0.0,0,0
bodybuilder,0.0,0,0
inborn,0.0,0,0
procurement,0.0,0,0
nonaligned,0.0,0,0
material,0.0,0,0
uther,0.0,0,0
timeshare,0.0,0,0
gratin,0.0,0,0
cottonweed,0.0,0,0
darker,0.0,0,0
moonshiner,0.0,0,0
stockholder,0.0,0,0
wing,0.0,0,0
generality,0.0,0,0
dorky,0.0,0,0
annexe,0.0,0,0
handclasp,0.0,0,0
spacer,0.0,0,0
toothpaste,0.0,0,0
signer,0.0,0,0
reweave,0.0,0,0
medicalization,0.0,0,0
twin,0.0,0,0
focusable,0.0,0,0
synthetic,0.0,0,0
dynamically,0.0,0,0
delineation,0.0,0,0
outstrip,0.0,0,0
brief,0.0,0,0
bonefish,0.0,0,0
connectional,0.0,0,0
biomass,0.0,0,0
ceaselessly,0.0,0,0
outflow,0.0,0,0
filtrate,0.0,0,0
sunroof,0.0,0,0
interdental,0.0,0,0
compeller,0.0,0,0
subfamily,0.0,0,0
sinuous,0.0,0,0
baseman,0.0,0,0
shaman,0.0,0,0
mixed,0.0,0,0
polynucleotide,0.0,0,0
polymer,0.0,0,0
multiply,0.0,0,0
resinate,0.0,0,0
reinforcements,0.0,0,0
schoolmate,0.0,0,0
iota,0.0,0,0
dehydrogenate,0.0,0,0
midsole,0.0,0,0
revisionary,0.0,0,0
arm,0.0,0,0
restructure,0.0,0,0
archbishop,0.0,0,0
dispense,0.0,0,0
fresno,0.0,0,0
toxicologically,0.0,0,0
premolar,0.0,0,0
hermaphroditic,0.0,0,0
nonsurgical,0.0,0,0
cadre,0.0,0,0
strawberry,0.0,0,0
communicant,0.0,0,0
neolith,0.0,0,0
knoll,0.0,0,0
brushy,0.0,0,0
dung,0.0,0,0
pinkie,0.0,0,0
untie,0.0,0,0
bicolor,0.0,0,0
likelihood,0.0,0,0
bud,0.0,0,0
consecrator,0.0,0,0
oceanographically,0.0,0,0
igneous,0.0,0,0
hindmost,0.0,0,0
fortifiable,0.0,0,0
transistor,0.0,0,0
adhesively,0.0,0,0
discriminating,0.0,0,0
pen,0.0,0,0
meteorologist,0.0,0,0
scourer,0.0,0,0
hospitableness,0.0,0,0
inscribe,0.0,0,0
deerhound,0.0,0,0
septennial,0.0,0,0
illusionism,0.0,0,0
mimeograph,0.0,0,0
cookware,0.0,0,0
nonetheless,0.0,0,0
logo,0.0,0,0
earpiece,0.0,0,0
directorship,0.0,0,0
daytrip,0.0,0,0
mercantilist,0.0,0,0
inseam,0.0,0,0
figure,0.0,0,0
teletext,0.0,0,0
materialist,0.0,0,0
bore,0.0,0,0
magical,0.0,0,0
oats,0.0,0,0
craftwork,0.0,0,0
conveyancing,0.0,0,0
spoken,0.0,0,0
nontrivial,0.0,0,0
conceal,0.0,0,1
contralateral,0.0,0,0
eight,0.0,0,0
metaphorically,0.0,0,0
partook,0.0,0,0
perambulate,0.0,0,0
harpsichordist,0.0,0,0
watershed,0.0,0,0
with,0.0,0,0
globular,0.0,0,0
indeterminateness,0.0,0,0
psychogenetic,0.0,0,0
reflexivity,0.0,0,0
prototypical,0.0,0,0
reconsolidate,0.0,0,0
expand,0.0,0,0
civilizer,0.0,0,0
hungary,0.0,0,0
minnesota,0.0,0,0
forgeable,0.0,0,0
eveningwear,0.0,0,0
concocter,0.0,0,0
countertop,0.0,0,0
say,0.0,0,0
redcoat,0.0,0,0
supremeness,0.0,0,0
classifier,0.0,0,0
urbanism,0.0,0,0
dynastic,0.0,0,0
weather,0.0,0,1
countercurrent,0.0,0,0
unitary,0.0,0,0
scruple,0.0,0,0
horsemanship,0.0,0,0
counteraction,0.0,0,0
climatic,0.0,0,0
asteroid,0.0,0,0
acolyte,0.0,0,0
unaired,0.0,0,0
adhesive,0.0,0,0
neocolonial,0.0,0,0
whizzkid,0.0,0,0
horsehide,0.0,0,0
fabricant,0.0,0,0
interfuse,0.0,0,0
plume,0.0,0,0
solver,0.0,0,0
sauerkraut,0.0,0,0
invariably,0.0,0,0
clove,0.0,0,0
macronutrient,0.0,0,0
aerator,0.0,0,0
chrome,0.0,0,0
legalized,0.0,0,0
tongue,0.0,0,0
indemnification,0.0,0,0
aardvark,0.0,0,0
astrobiology,0.0,0,0
zigzag,0.0,0,0
reparatory,0.0,0,0
myrrh,0.0,0,0
chime,0.0,0,0
hydrograph,0.0,0,0
secondhand,0.0,0,0
archway,0.0,0,0
pretax,0.0,0,0
nonresistant,0.0,0,0
yam,0.0,0,0
eyebrow,0.0,0,0
commodity,0.0,0,0
differ,0.0,0,0
southerner,0.0,0,0
icing,0.0,0,0
paraprofessional,0.0,0,0
correctly,0.0,0,0
socialize,0.0,0,0
linkage,0.0,0,0
capacity,0.0,0,0
claimable,0.0,0,0
wiggler,0.0,0,0
reticence,0.0,0,0
venturer,0.0,0,0
disciple,0.0,0,0
disclamation,0.0,0,0
grenadier,0.0,0,0
ineligibly,0.0,0,0
migratory,0.0,0,0
crustacean,0.0,0,0
meridional,0.0,0,0
documents,0.0,0,0
carpetbaggery,0.0,0,0
utensil,0.0,0,0
groomsman,0.0,0,0
timepiece,0.0,0,0
debutant,0.0,0,0
silversmith,0.0,0,0
multidrug,0.0,0,0
subtropics,0.0,0,0
layered,0.0,0,0
transitivity,0.0,0,0
braise,0.0,0,0
subsoil,0.0,0,0
placemat,0.0,0,0
putt,0.0,0,0
article,0.0,0,0
laundromat,0.0,0,0
linguist,0.0,0,0
ultimately,0.0,0,0
shorn,0.0,0,0
electricity,0.0,0,0
adjunctive,0.0,0,0
accessory,0.0,0,0
dimensionally,0.0,0,0
pixel,0.0,0,0
multispeed,0.0,0,0
ascendant,0.0,0,0
powderpuff,0.0,0,0
jimmy,0.0,0,0
walkup,0.0,0,0
microphysical,0.0,0,0
perceptiveness,0.0,0,0
analogously,0.0,0,0
preacher,0.0,0,0
orchestra,0.0,0,0
tinned,0.0,0,0
two,0.0,0,0
subspecialist,0.0,0,0
cytoskeleton,0.0,0,0
overrated,0.0,0,0
bearlike,0.0,0,0
diarist,0.0,0,0
chancellor,0.0,0,0
fictitiously,0.0,0,0
semi,0.0,0,0
afterschool,0.0,0,0
subsidy,0.0,0,0
molar,0.0,0,0
confectioner,0.0,0,0
agronomic,0.0,0,0
unwritten,0.0,0,0
seniority,0.0,0,0
observationally,0.0,0,0
convex,0.0,0,0
recopy,0.0,0,0
lexicographer,0.0,0,0
liquidizer,0.0,0,0
apache,0.0,0,0
underwrite,0.0,0,0
pilsner,0.0,0,0
us,0.0,0,0
clockwise,0.0,0,0
option,0.0,0,0
landowning,0.0,0,0
chronometer,0.0,0,0
bartend,0.0,0,0
conceptualization,0.0,0,0
contraption,0.0,0,0
smeller,0.0,0,0
nearly,0.0,0,0
electroencephalography,0.0,0,0
superstring,0.0,0,0
ultimate,0.0,0,0
recuse,0.0,0,0
carat,0.0,0,0
rugged,0.0,0,0
pita,0.0,0,0
country,0.0,0,0
worshipfulness,0.0,0,0
groundling,0.0,0,0
newsman,0.0,0,0
electrometallurgical,0.0,0,0
palpate,0.0,0,0
quadratic,0.0,0,0
fetcher,0.0,0,0
lapboard,0.0,0,0
whoosh,0.0,0,0
groundwater,0.0,0,0
contradicter,0.0,0,0
nightingale,0.0,0,0
multilingualism,0.0,0,0
paddleball,0.0,0,0
always,0.0,0,0
enlightener,0.0,0,0
multimode,0.0,0,0
standpipe,0.0,0,0
assemblyman,0.0,0,0
mediterranean,0.0,0,0
putz,0.0,0,0
authorial,0.0,0,0
stalagmite,0.0,0,0
labrador,0.0,0,0
bioscopy,0.0,0,0
leaded,0.0,0,0
preconstruction,0.0,0,0
motivational,0.0,0,0
photopositive,0.0,0,0
hairpiece,0.0,0,0
rimmed,0.0,0,0
entity,0.0,0,0
ironsmith,0.0,0,0
octet,0.0,0,0
centrality,0.0,0,0
carbonator,0.0,0,0
anglomaniac,0.0,0,0
amphitheater,0.0,0,0
landscape,0.0,0,0
call,0.0,0,0
pea,0.0,0,0
transact,0.0,0,0
picard,0.0,0,0
inconceivable,0.0,0,0
configurationally,0.0,0,0
bannister,0.0,0,0
fashionably,0.0,0,0
exogenous,0.0,0,0
profitableness,0.0,0,0
reroof,0.0,0,0
mankind,0.0,0,0
architectural,0.0,0,0
differentiable,0.0,0,0
impel,0.0,0,0
mezzo,0.0,0,0
romans,0.0,0,0
blower,0.0,0,0
cursive,0.0,0,0
ipod,0.0,0,0
scorer,0.0,0,0
valuation,0.0,0,0
castor,0.0,0,0
doorplate,0.0,0,0
deportment,0.0,0,0
flash,0.0,0,0
panning,0.0,0,0
twinned,0.0,0,0
slipover,0.0,0,0
onomatopoeia,0.0,0,0
refiner,0.0,0,0
fossilization,0.0,0,0
bannerman,0.0,0,0
codeword,0.0,0,0
alchemist,0.0,0,0
elaborative,0.0,0,0
bumper,0.0,0,0
compounder,0.0,0,0
exclusivist,0.0,0,0
superconductive,0.0,0,0
they,0.0,0,0
aptitude,0.0,0,0
extender,0.0,0,0
sheepdog,0.0,0,0
pyrometer,0.0,0,0
exhauster,0.0,0,0
effusiveness,0.0,0,0
plaything,0.0,0,0
tridimensional,0.0,0,0
ascot,0.0,0,0
objective,0.0,0,0
sentient,0.0,0,0
quadrilateral,0.0,0,0
inevitability,0.0,0,0
hallmark,0.0,0,0
emulsifier,0.0,0,0
choreography,0.0,0,0
cytologist,0.0,0,0
peninsular,0.0,0,0
strapless,0.0,0,0
brachial,0.0,0,0
beech,0.0,0,0
fiftieth,0.0,0,0
closet,0.0,0,0
nontribal,0.0,0,0
autotrophic,0.0,0,0
entwinement,0.0,0,0
authorizer,0.0,0,0
stopwatch,0.0,0,0
tradesman,0.0,0,0
nonparallel,0.0,0,0
starflower,0.0,0,0
mythically,0.0,0,0
conveyance,0.0,0,0
slather,0.0,0,0
tableaux,0.0,0,0
concave,0.0,0,0
newspaperwoman,0.0,0,0
readout,0.0,0,0
undecorated,0.0,0,0
woot,0.0,0,0
morn,0.0,0,0
variably,0.0,0,0
autogenic,0.0,0,0
incorruptibility,0.0,0,0
probity,0.0,0,0
incorporated,0.0,0,0
trademark,0.0,0,0
sonic,0.0,0,0
convoy,0.0,0,0
parkway,0.0,0,0
personality,0.0,0,0
freewill,0.0,0,0
polythene,0.0,0,0
culturally,0.0,0,0
unnamed,0.0,0,0
benzoate,0.0,0,0
draftsmanship,0.0,0,0
syntax,0.0,0,0
investible,0.0,0,0
flagon,0.0,0,0
hemp,0.0,0,0
mastership,0.0,0,0
habitant,0.0,0,0
monolayer,0.0,0,0
dissertational,0.0,0,0
unvisited,0.0,0,0
itemized,0.0,0,0
injunctive,0.0,0,0
decathlete,0.0,0,0
brick,0.0,0,0
clubhouse,0.0,0,0
nutrition,0.0,0,0
shouldve,0.0,0,0
teleconference,0.0,0,0
north,0.0,0,0
hypnotherapist,0.0,0,0
remoteness,0.0,0,0
petite,0.0,0,0
unadoptable,0.0,0,0
colloquium,0.0,0,0
remote,0.0,0,0
ledged,0.0,0,0
hopes,0.0,0,1
booster,0.0,0,0
canner,0.0,0,0
racquetball,0.0,0,0
scanner,0.0,0,0
vane,0.0,0,0
troglodyte,0.0,0,0
marmoset,0.0,0,0
flatwork,0.0,0,0
greased,0.0,0,0
heterogenic,0.0,0,0
settler,0.0,0,0
bailsman,0.0,0,0
snouty,0.0,0,0
entireness,0.0,0,0
essentiality,0.0,0,0
cowbell,0.0,0,0
betwixt,0.0,0,0
scholastic,0.0,0,0
apt,0.0,0,0
mitochondria,0.0,0,0
uplands,0.0,0,0
consultative,0.0,0,0
methodologist,0.0,0,0
forklift,0.0,0,0
rotunda,0.0,0,0
borough,0.0,0,0
subjectivist,0.0,0,0
learnedness,0.0,0,0
sixteenth,0.0,0,0
retain,0.0,0,0
photoelectrical,0.0,0,0
perpetuity,0.0,0,0
semanticist,0.0,0,0
professionalize,0.0,0,0
duodecimal,0.0,0,0
parsnip,0.0,0,0
blueprint,0.0,0,0
probate,0.0,0,0
thumb,0.0,0,0
gay,0.0,0,0
drainpipe,0.0,0,0
eardrum,0.0,0,0
sextuple,0.0,0,0
osmotic,0.0,0,0
intermixture,0.0,0,0
proposition,0.0,0,0
shipper,0.0,0,0
quizzer,0.0,0,0
garb,0.0,0,0
pragmatism,0.0,0,0
noncontributing,0.0,0,0
biodegradable,0.0,0,0
revertible,0.0,0,0
pov,0.0,0,0
cutwork,0.0,0,0
pizza,0.0,0,0
storewide,0.0,0,0
griller,0.0,0,0
beguilement,0.0,0,0
groundsman,0.0,0,0
dialogue,0.0,0,0
tuesday,0.0,0,0
aforementioned,0.0,0,0
microprobe,0.0,0,0
footlight,0.0,0,0
taste,0.0,0,0
psycho,0.0,0,0
coursing,0.0,0,0
logically,0.0,0,0
halved,0.0,0,0
southeastwardly,0.0,0,0
unfound,0.0,0,0
retransmit,0.0,0,0
parasitology,0.0,0,0
accessories,0.0,0,0
sweatshirt,0.0,0,0
terminology,0.0,0,0
shuffler,0.0,0,0
monoplane,0.0,0,0
shinbone,0.0,0,0
molded,0.0,0,0
memoirist,0.0,0,0
pager,0.0,0,0
additive,0.0,0,0
paintwork,0.0,0,0
columnar,0.0,0,0
wanderer,0.0,0,0
mozzarella,0.0,0,0
pavestone,0.0,0,0
liberalize,0.0,0,0
abbreviated,0.0,0,0
between,0.0,0,0
illusionary,0.0,0,0
code,0.0,0,0
francs,0.0,0,0
infanthood,0.0,0,0
usage,0.0,0,0
closeup,0.0,0,0
gramophone,0.0,0,0
cotangent,0.0,0,0
etymological,0.0,0,0
cause,0.0,0,0
susceptive,0.0,0,0
carol,0.0,0,0
enigmatically,0.0,0,0
signore,0.0,0,0
nonbinding,0.0,0,0
decentralist,0.0,0,0
tiling,0.0,0,0
transliteration,0.0,0,0
mousepad,0.0,0,0
moneybox,0.0,0,0
pegging,0.0,0,0
pistachio,0.0,0,0
unsaturated,0.0,0,0
sneezing,0.0,0,0
spittoon,0.0,0,0
counterplead,0.0,0,0
harbormaster,0.0,0,0
adjuvant,0.0,0,0
woodcock,0.0,0,0
conjugation,0.0,0,0
boar,0.0,0,0
bedded,0.0,0,0
strings,0.0,0,0
songbook,0.0,0,0
provisionary,0.0,0,0
graduator,0.0,0,0
magnetically,0.0,0,0
subdominant,0.0,0,0
pinto,0.0,0,0
nonelectrical,0.0,0,0
thermodynamically,0.0,0,0
voluntary,0.0,0,0
camerawork,0.0,0,0
kleenex,0.0,0,0
underwear,0.0,0,0
hydrogen,0.0,0,0
deservedness,0.0,0,1
alchemize,0.0,0,0
kickstand,0.0,0,0
lawfully,0.0,0,0
stockbreeding,0.0,0,0
additively,0.0,0,0
planes,0.0,0,0
protagonist,0.0,0,0
tankard,0.0,0,0
inducer,0.0,0,0
thirtieth,0.0,0,0
lactation,0.0,0,0
stockholders,0.0,0,0
melt,0.0,0,0
nomenclatural,0.0,0,0
landlocked,0.0,0,0
credenza,0.0,0,0
hark,0.0,0,0
breath,0.0,0,0
measure,0.0,0,0
transmittance,0.0,0,0
one,0.0,0,0
glasses,0.0,0,0
spearhead,0.0,0,0
wriggler,0.0,0,0
suck,0.0,0,0
represented,0.0,0,0
nebular,0.0,0,0
walkout,0.0,0,0
transmutable,0.0,0,0
semantic,0.0,0,0
morphogenetic,0.0,0,0
cellulose,0.0,0,0
freighter,0.0,0,0
bonjour,0.0,0,0
blossom,0.0,0,1
whitener,0.0,0,0
eugenically,0.0,0,0
copenhagen,0.0,0,0
undercut,0.0,0,0
foreigner,0.0,0,0
baton,0.0,0,0
unaltered,0.0,0,0
brail,0.0,0,0
holographic,0.0,0,0
translated,0.0,0,0
neurotransmitter,0.0,0,0
saddens,0.0,0,0
prompter,0.0,0,0
supposable,0.0,0,0
third,0.0,0,0
bimolecular,0.0,0,0
desirer,0.0,0,0
anthropomorphism,0.0,0,0
protozoan,0.0,0,0
shrub,0.0,0,0
aerograph,0.0,0,0
span,0.0,0,0
idiosyncrasy,0.0,0,0
immunology,0.0,0,0
earthworm,0.0,0,0
honky,0.0,0,0
durability,0.0,0,0
alliance,0.0,0,0
banknote,0.0,0,0
yellowbelly,0.0,0,0
outspoken,0.0,0,0
clout,0.0,0,0
unenlightening,0.0,0,0
cuticle,0.0,0,0
robotics,0.0,0,0
whisk,0.0,0,0
curling,0.0,0,0
differentially,0.0,0,0
sparrow,0.0,0,0
unilaterally,0.0,0,0
remittable,0.0,0,0
nonvoting,0.0,0,0
immobilizer,0.0,0,0
pronounce,0.0,0,0
chemosynthetic,0.0,0,0
headhunter,0.0,0,0
habitualness,0.0,0,0
unmonitored,0.0,0,1
indicative,0.0,0,0
repurpose,0.0,0,0
microtone,0.0,0,0
vestry,0.0,0,0
offside,0.0,0,0
inhalation,0.0,0,0
octopus,0.0,0,0
misprint,0.0,0,0
customize,0.0,0,0
carthorse,0.0,0,0
clothbound,0.0,0,0
numbly,0.0,0,0
geomorphological,0.0,0,0
clubroom,0.0,0,0
unrivaled,0.0,0,0
chinese,0.0,0,0
pebblestone,0.0,0,0
indistinctive,0.0,0,0
goner,0.0,0,0
reflectivity,0.0,0,0
underline,0.0,0,0
geostatic,0.0,0,0
nonexpendable,0.0,0,0
philharmonic,0.0,0,0
voice,0.0,0,0
hypertext,0.0,0,0
bodiless,0.0,0,0
jawbone,0.0,0,0
franc,0.0,0,0
vulcanized,0.0,0,0
rulemaking,0.0,0,0
lyricist,0.0,0,0
beaklike,0.0,0,0
pontoon,0.0,0,0
antipollution,0.0,0,0
nonlocal,0.0,0,0
monte,0.0,0,0
delegator,0.0,0,0
rookery,0.0,0,0
titular,0.0,0,0
singlehood,0.0,0,0
adjective,0.0,0,0
nonindustrial,0.0,0,0
conversation,0.0,0,0
oatmeal,0.0,0,0
presoak,0.0,0,0
lineage,0.0,0,0
breeder,0.0,0,0
multipurpose,0.0,0,0
pancake,0.0,0,0
distillery,0.0,0,0
indefinitely,0.0,0,0
expressive,0.0,0,0
cataloger,0.0,0,0
memory,0.0,0,0
dosage,0.0,0,0
protestant,0.0,0,0
omnivorous,0.0,0,0
packet,0.0,0,0
antifungal,0.0,0,0
roll,0.0,0,0
anymore,0.0,0,0
refurnish,0.0,0,0
minimalist,0.0,0,0
autodidactic,0.0,0,0
boatbuilding,0.0,0,0
skateboarder,0.0,0,0
copiousness,0.0,0,0
micronutrient,0.0,0,0
genealogic,0.0,0,0
steelworker,0.0,0,0
brimless,0.0,0,0
bowl,0.0,0,0
nationhood,0.0,0,0
ghostwrite,0.0,0,0
canasta,0.0,0,0
population,0.0,0,0
ostensive,0.0,0,0
hydrocellulose,0.0,0,0
concerto,0.0,0,0
dish,0.0,0,0
compoundable,0.0,0,0
among,0.0,0,0
fluoroscopy,0.0,0,0
paragon,0.0,0,0
thoughtful,0.0,0,0
opaquely,0.0,0,0
attentiveness,0.0,0,-1
diaphragm,0.0,0,0
hairspray,0.0,0,0
brownness,0.0,0,0
icehouse,0.0,0,0
taxonomic,0.0,0,0
stemming,0.0,0,0
stippled,0.0,0,0
scene,0.0,0,0
shaft,0.0,0,0
emperorship,0.0,0,0
reducible,0.0,0,0
garbanzo,0.0,0,0
skirting,0.0,0,0
bestowal,0.0,0,0
linguistic,0.0,0,0
urinate,0.0,0,0
odometer,0.0,0,0
wordage,0.0,0,0
handled,0.0,0,0
conventionalization,0.0,0,0
signatory,0.0,0,0
vaporizer,0.0,0,0
successional,0.0,0,0
telekinesis,0.0,0,0
this,0.0,0,0
untitled,0.0,0,0
measly,0.0,0,0
mannerism,0.0,0,0
riddled,0.0,0,-1
lexicographically,0.0,0,0
homology,0.0,0,0
inviable,0.0,0,0
gauzelike,0.0,0,0
speedometer,0.0,0,0
footboard,0.0,0,0
steerage,0.0,0,0
letter,0.0,0,0
glycine,0.0,0,0
hickory,0.0,0,0
skyline,0.0,0,0
patriarchic,0.0,0,0
distribute,0.0,0,0
helical,0.0,0,0
homologous,0.0,0,0
encourager,0.0,0,-1
aquarium,0.0,0,0
estrogen,0.0,0,0
nonliving,0.0,0,0
agriculturist,0.0,0,0
morphologist,0.0,0,0
recoupment,0.0,0,0
moonflower,0.0,0,0
enumerate,0.0,0,0
ancestress,0.0,0,0
snorkel,0.0,0,0
martially,0.0,0,0
clientless,0.0,0,0
fieldworker,0.0,0,0
bounty,0.0,0,0
shorts,0.0,0,0
retainable,0.0,0,0
ovenproof,0.0,0,0
heptathlon,0.0,0,0
matchboard,0.0,0,0
paragraph,0.0,0,0
dermal,0.0,0,0
daughterless,0.0,0,0
percentile,0.0,0,0
peashooter,0.0,0,0
offshoot,0.0,0,0
housemate,0.0,0,0
biophysics,0.0,0,0
mudfish,0.0,0,0
landline,0.0,0,0
dreamworld,0.0,0,0
prehistorical,0.0,0,0
manicure,0.0,0,0
nonobservant,0.0,0,0
depot,0.0,0,0
clock,0.0,0,0
superman,0.0,0,0
incomparably,0.0,0,0
ductwork,0.0,0,0
sociometric,0.0,0,0
pipette,0.0,0,0
recompilation,0.0,0,0
literalistic,0.0,0,0
kidney,0.0,0,0
criteria,0.0,0,0
blighter,0.0,0,0
happyholidays,0.0,0,1
illustrational,0.0,0,0
interfacial,0.0,0,0
ante,0.0,0,0
thence,0.0,0,0
toothed,0.0,0,0
conventionalist,0.0,0,0
sandalwood,0.0,0,0
none,0.0,0,0
bluer,0.0,0,0
outmatch,0.0,0,0
centrically,0.0,0,0
ophthalmologic,0.0,0,0
heterotopic,0.0,0,0
mil,0.0,0,0
uprightness,0.0,0,0
cheep,0.0,0,0
anticorrosive,0.0,0,0
factitiously,0.0,0,0
exemplifier,0.0,0,0
overt,0.0,0,0
pubis,0.0,0,0
gimlet,0.0,0,0
homoeopathy,0.0,0,0
socialistic,0.0,0,0
zoography,0.0,0,0
empiric,0.0,0,0
goods,0.0,0,0
customary,0.0,0,0
user,0.0,0,0
likability,0.0,0,0
electromotive,0.0,0,0
viewport,0.0,0,0
reword,0.0,0,0
wasteland,0.0,0,0
diluter,0.0,0,0
homeostasis,0.0,0,0
uncondensed,0.0,0,0
inscriptionless,0.0,0,0
replier,0.0,0,0
mushily,0.0,0,0
effects,0.0,0,0
sacrifice,0.0,0,0
cased,0.0,0,0
postman,0.0,0,0
electroplate,0.0,0,0
inscription,0.0,0,0
escrow,0.0,0,0
crimper,0.0,0,0
skinner,0.0,0,0
meringue,0.0,0,0
backstitch,0.0,0,0
internationality,0.0,0,0
saloonkeeper,0.0,0,0
positron,0.0,0,0
prattle,0.0,0,0
botany,0.0,0,0
materialization,0.0,0,0
tenable,0.0,0,0
meathead,0.0,0,0
powered,0.0,0,0
livery,0.0,0,0
uniformity,0.0,0,0
wardrobe,0.0,0,0
counterchange,0.0,0,0
colonnade,0.0,0,0
sequencer,0.0,0,0
attachable,0.0,0,0
coalmine,0.0,0,0
potholder,0.0,0,0
domesticator,0.0,0,0
italian,0.0,0,0
judicator,0.0,0,0
intergalactic,0.0,0,0
awarder,0.0,0,0
jurisprudence,0.0,0,0
meet,0.0,0,0
broomstick,0.0,0,0
synergistically,0.0,0,0
centralism,0.0,0,0
stylization,0.0,0,0
phosphorous,0.0,0,0
part,0.0,0,0
protector,0.0,0,0
abolishable,0.0,0,0
rationale,0.0,0,0
breadboard,0.0,0,0
resemblance,0.0,0,0
floriculturist,0.0,0,0
circumventive,0.0,0,0
ordain,0.0,0,0
exchanged,0.0,0,0
contemporaneousness,0.0,0,0
it,0.0,0,0
appendices,0.0,0,0
caravan,0.0,0,0
videographer,0.0,0,0
iconographic,0.0,0,0
thermoregulation,0.0,0,0
argon,0.0,0,0
hypothetical,0.0,0,0
endocentric,0.0,0,0
camel,0.0,0,0
remade,0.0,0,0
costco,0.0,0,0
tabby,0.0,0,0
boric,0.0,0,0
iconologist,0.0,0,0
emblazon,0.0,0,0
prima,0.0,0,0
phooey,0.0,0,0
chameleon,0.0,0,0
author,0.0,0,0
endive,0.0,0,0
germanophile,0.0,0,0
cantstandit,0.0,0,0
caption,0.0,0,0
alumnae,0.0,0,0
modeling,0.0,0,0
shamrock,0.0,0,0
indestructibly,0.0,0,0
rolex,0.0,0,0
unobstructed,0.0,0,0
icemaker,0.0,0,0
chin,0.0,0,0
greenroom,0.0,0,0
leaseholder,0.0,0,0
evermore,0.0,0,0
congregator,0.0,0,0
spermatogenesis,0.0,0,0
spencer,0.0,0,0
mouthwash,0.0,0,0
vestigial,0.0,0,0
modifier,0.0,0,0
reply,0.0,0,0
rhythmically,0.0,0,0
age,0.0,0,0
immeasurability,0.0,0,0
irreligiously,0.0,0,0
oilcloth,0.0,0,0
pantaloon,0.0,0,0
semaphore,0.0,0,0
sustainment,0.0,0,0
pic,0.0,0,0
privatization,0.0,0,0
epistemologist,0.0,0,0
indisputability,0.0,0,0
headwear,0.0,0,0
caps,0.0,0,0
reconstitution,0.0,0,0
coextensive,0.0,0,0
pupa,0.0,0,0
wheelbarrow,0.0,0,0
oilman,0.0,0,0
telemetric,0.0,0,0
incumbency,0.0,0,0
topflight,0.0,0,0
amongst,0.0,0,0
ruled,0.0,0,0
interpolator,0.0,0,0
hirer,0.0,0,0
sequentially,0.0,0,0
coordinator,0.0,0,0
endow,0.0,0,0
unspectacular,0.0,0,0
midfielder,0.0,0,0
intransitive,0.0,0,0
loophole,0.0,0,0
retinol,0.0,0,0
familial,0.0,0,0
adjectively,0.0,0,0
nonattached,0.0,0,0
unstressed,0.0,0,0
lubricator,0.0,0,0
whale,0.0,0,0
target,0.0,0,0
unlink,0.0,0,0
riverboat,0.0,0,0
adopter,0.0,0,0
intersection,0.0,0,0
average,0.0,0,0
outbalance,0.0,0,0
corrigible,0.0,0,0
physiochemical,0.0,0,0
mast,0.0,0,0
pedant,0.0,0,0
polisher,0.0,0,0
square,0.0,0,0
limelighter,0.0,0,0
characterization,0.0,0,0
fourfold,0.0,0,0
boxful,0.0,0,0
insert,0.0,0,0
chickpea,0.0,0,0
piecemeal,0.0,0,0
inline,0.0,0,0
flirtatiously,0.0,0,-1
whomsoever,0.0,0,0
greatnight,0.0,0,0
specialization,0.0,0,0
monochromatic,0.0,0,0
actuate,0.0,0,0
discussible,0.0,0,0
submicroscopic,0.0,0,0
supplicant,0.0,0,-1
chopsticks,0.0,0,0
unpin,0.0,0,0
sprat,0.0,0,0
nineties,0.0,0,0
dynastical,0.0,0,0
phrasebook,0.0,0,0
tallness,0.0,0,0
anomalistic,0.0,0,0
suffixation,0.0,0,0
photobiotic,0.0,0,0
stapler,0.0,0,0
radiobroadcast,0.0,0,0
inexhaustibly,0.0,0,0
steamboat,0.0,0,0
seagull,0.0,0,0
remunerable,0.0,0,0
nonstrategic,0.0,0,0
postmillennialist,0.0,0,0
binary,0.0,0,0
drumhead,0.0,0,0
hank,0.0,0,0
distillation,0.0,0,0
coenzyme,0.0,0,0
lithographically,0.0,0,0
bookkeeper,0.0,0,0
resample,0.0,0,0
exalter,0.0,0,0
plutonium,0.0,0,0
respect,0.0,0,0
bondless,0.0,0,0
compote,0.0,0,0
largely,0.0,0,0
microgram,0.0,0,0
factional,0.0,0,0
spaced,0.0,0,0
indiscrimination,0.0,0,0
zirconium,0.0,0,0
woundless,0.0,0,0
sprung,0.0,0,0
inductive,0.0,0,0
helipad,0.0,0,0
coder,0.0,0,0
statehood,0.0,0,0
depicting,0.0,0,0
prefabrication,0.0,0,0
alkali,0.0,0,0
phosphate,0.0,0,0
whitetail,0.0,0,0
outdraw,0.0,0,0
southeast,0.0,0,0
cogwheel,0.0,0,0
engenderment,0.0,0,0
subzone,0.0,0,0
page,0.0,0,0
hardtop,0.0,0,0
cytotoxic,0.0,0,0
aromatization,0.0,0,0
monohydrated,0.0,0,0
barber,0.0,0,0
magisterial,0.0,0,0
gratuity,0.0,0,0
unbitten,0.0,0,0
gait,0.0,0,0
dak,0.0,0,0
percent,0.0,0,0
shutout,0.0,0,0
polysyllable,0.0,0,0
tourney,0.0,0,0
router,0.0,0,0
heliocentric,0.0,0,0
editorially,0.0,0,0
thymus,0.0,0,0
thicken,0.0,0,0
urology,0.0,0,0
salivate,0.0,0,0
metallically,0.0,0,0
unshapely,0.0,0,0
flapper,0.0,0,0
gopher,0.0,0,0
advocate,0.0,0,0
wholesale,0.0,0,0
newstart,0.0,0,0
coalescence,0.0,0,0
trunk,0.0,0,0
surrealist,0.0,0,0
softhead,0.0,0,0
emperor,0.0,0,0
sounder,0.0,0,0
sublanguage,0.0,0,0
photonic,0.0,0,0
fictionally,0.0,0,0
excelsior,0.0,0,0
kilometer,0.0,0,0
crayfish,0.0,0,0
furniture,0.0,0,0
antispasmodic,0.0,0,0
manifest,0.0,0,0
microelectrode,0.0,0,0
buildings,0.0,0,0
conservative,0.0,0,0
offices,0.0,0,0
refrigeration,0.0,0,0
aerostation,0.0,0,0
categorization,0.0,0,0
unlogged,0.0,0,0
dime,0.0,0,0
mississippi,0.0,0,0
embody,0.0,0,0
scale,0.0,0,0
applied,0.0,0,0
dynamical,0.0,0,0
swami,0.0,0,0
dictum,0.0,0,0
diluent,0.0,0,0
endoscope,0.0,0,0
biopic,0.0,0,0
westcoast,0.0,0,0
druid,0.0,0,0
spinally,0.0,0,0
leatherwork,0.0,0,0
migrant,0.0,0,0
byproduct,0.0,0,0
southlander,0.0,0,0
pineapple,0.0,0,0
cropland,0.0,0,0
pharynx,0.0,0,0
veer,0.0,0,0
gardenless,0.0,0,0
hereditary,0.0,0,0
parenthesis,0.0,0,0
paving,0.0,0,0
cat,0.0,0,0
bedspread,0.0,0,0
distinctness,0.0,0,0
skivvies,0.0,0,0
metacarpus,0.0,0,0
leatherneck,0.0,0,0
process,0.0,0,0
muesli,0.0,0,0
prefix,0.0,0,0
collectedly,0.0,0,0
endocrinologist,0.0,0,0
compressibility,0.0,0,0
marsupial,0.0,0,0
eel,0.0,0,0
curtains,0.0,0,0
plumpish,0.0,0,0
distil,0.0,0,0
karma,0.0,0,0
drawer,0.0,0,0
alchemistic,0.0,0,0
notebook,0.0,0,0
statuette,0.0,0,0
brochette,0.0,0,0
dissimilar,0.0,0,0
tableau,0.0,0,0
sausage,0.0,0,0
networking,0.0,0,0
yiddish,0.0,0,0
beanpole,0.0,0,0
crawl,0.0,0,-1
shoveling,0.0,0,0
stereographical,0.0,0,0
slimness,0.0,0,0
societies,0.0,0,0
inconceivably,0.0,0,0
crossbreed,0.0,0,0
pinpoint,0.0,0,0
excise,0.0,0,0
inhabitable,0.0,0,0
unsuspected,0.0,0,0
criminology,0.0,0,0
suitability,0.0,0,0
utopist,0.0,0,0
cans,0.0,0,0
microtubule,0.0,0,0
heraldry,0.0,0,0
ninefold,0.0,0,0
cuttle,0.0,0,0
credit,0.0,0,0
seventh,0.0,0,0
obtuse,0.0,0,0
explicator,0.0,0,0
sedimentary,0.0,0,0
gump,0.0,0,0
leghorn,0.0,0,0
algebraic,0.0,0,0
reconcilable,0.0,0,0
seafood,0.0,0,0
liquidness,0.0,0,0
software,0.0,0,0
swede,0.0,0,0
subaccount,0.0,0,0
tinwork,0.0,0,0
antiperspirant,0.0,0,0
triceps,0.0,0,0
bolsterer,0.0,0,0
liquid,0.0,0,0
electrodynamics,0.0,0,0
aubergine,0.0,0,0
acumen,0.0,0,0
rider,0.0,0,0
women,0.0,0,0
skillet,0.0,0,0
punctuate,0.0,0,0
paleoanthropologist,0.0,0,0
micrometer,0.0,0,0
conclusive,0.0,0,0
geriatrician,0.0,0,0
hyperbolically,0.0,0,0
boutique,0.0,0,0
phenotype,0.0,0,0
charioteer,0.0,0,0
castle,0.0,0,0
enclose,0.0,0,0
outlaid,0.0,0,0
plz,0.0,0,0
stepdaughter,0.0,0,0
deposition,0.0,0,0
agrobiologist,0.0,0,0
firehydrant,0.0,0,0
trisection,0.0,0,0
berretta,0.0,0,0
agriculturally,0.0,0,0
voucher,0.0,0,0
workmen,0.0,0,0
abbreviator,0.0,0,0
expressionist,0.0,0,0
geophysical,0.0,0,0
adaptability,0.0,0,0
naught,0.0,0,0
bowless,0.0,0,0
charterhouse,0.0,0,0
whittle,0.0,0,0
tenderizer,0.0,0,0
relativist,0.0,0,0
upstanding,0.0,0,0
scales,0.0,0,0
carriageway,0.0,0,0
satchel,0.0,0,0
numerable,0.0,0,0
sextet,0.0,0,0
elaborator,0.0,0,0
elimination,0.0,0,0
resurvey,0.0,0,0
antiglare,0.0,0,0
fluorination,0.0,0,0
described,0.0,0,0
microworld,0.0,0,0
beamless,0.0,0,0
stringiness,0.0,0,0
shrubbery,0.0,0,0
topographer,0.0,0,0
transmutability,0.0,0,0
persnickety,0.0,0,0
capitol,0.0,0,0
colonize,0.0,0,0
egoist,0.0,0,0
communicate,0.0,0,0
gadget,0.0,0,0
sociologic,0.0,0,0
conceptualistic,0.0,0,0
diatomic,0.0,0,0
doit,0.0,0,0
surrealism,0.0,0,0
parliamentarian,0.0,0,0
concurrency,0.0,0,0
printer,0.0,0,0
editorship,0.0,0,0
mountains,0.0,0,0
variation,0.0,0,0
reassigned,0.0,0,0
functionalism,0.0,0,0
saw,0.0,0,0
gameday,0.0,0,0
dissimilate,0.0,0,0
modicum,0.0,0,0
respond,0.0,0,0
aspartame,0.0,0,0
neuropsychologist,0.0,0,0
buddhist,0.0,0,0
dickens,0.0,0,0
scrumptiously,0.0,0,0
lactase,0.0,0,0
biometrician,0.0,0,0
crystalloid,0.0,0,0
businesspeople,0.0,0,0
winger,0.0,0,0
foodstuff,0.0,0,0
negotiability,0.0,0,0
herbivorous,0.0,0,0
sprite,0.0,0,0
lesson,0.0,0,0
gyrocompass,0.0,0,0
datebook,0.0,0,0
intercessional,0.0,0,0
fishburger,0.0,0,0
noodle,0.0,0,0
localism,0.0,0,0
advisor,0.0,0,0
corrugate,0.0,0,0
labor,0.0,0,0
hypercorrection,0.0,0,0
intuitionally,0.0,0,0
noncommissioned,0.0,0,0
notional,0.0,0,0
bladderless,0.0,0,0
passkey,0.0,0,0
litigiously,0.0,0,0
driver,0.0,0,0
ahold,0.0,0,0
barista,0.0,0,0
athletically,0.0,0,0
induction,0.0,0,0
world,0.0,0,0
persons,0.0,0,0
geographic,0.0,0,0
steppe,0.0,0,0
millipede,0.0,0,0
globule,0.0,0,0
proteus,0.0,0,0
reutilize,0.0,0,0
classifiable,0.0,0,0
reminisce,0.0,0,0
obviousness,0.0,0,0
rockstar,0.0,0,0
constringent,0.0,0,0
neanderthal,0.0,0,0
conflate,0.0,0,0
fleck,0.0,0,0
declination,0.0,0,0
metamorphism,0.0,0,0
pinning,0.0,0,0
epiglottis,0.0,0,0
mutually,0.0,0,0
locale,0.0,0,0
jetted,0.0,0,0
analogous,0.0,0,0
ellipsoid,0.0,0,0
nether,0.0,0,0
tomboyish,0.0,0,0
postbag,0.0,0,0
bestseller,0.0,0,0
bicentennial,0.0,0,0
gearwheel,0.0,0,0
choppers,0.0,0,0
youngling,0.0,0,0
congregant,0.0,0,0
notarize,0.0,0,0
administer,0.0,0,0
scripture,0.0,0,0
plus,0.0,0,0
priory,0.0,0,0
oilskin,0.0,0,0
gravestone,0.0,0,0
forebear,0.0,0,0
bouquet,0.0,0,0
delectableness,0.0,0,0
eggless,0.0,0,0
circuitously,0.0,0,0
magnetite,0.0,0,0
dematerialize,0.0,0,0
scored,0.0,0,0
climatology,0.0,0,0
plover,0.0,0,0
tun,0.0,0,0
satellite,0.0,0,0
factsheet,0.0,0,0
nuance,0.0,0,0
instructor,0.0,0,0
unsubscribed,0.0,0,0
indigenous,0.0,0,0
oar,0.0,0,0
anodize,0.0,0,0
minimization,0.0,0,0
tackled,0.0,0,0
predicatively,0.0,0,0
stagecoach,0.0,0,0
courtly,0.0,0,0
fosterer,0.0,0,0
cephalic,0.0,0,0
imperceptibleness,0.0,0,0
cosponsor,0.0,0,0
longitudinal,0.0,0,0
microwatt,0.0,0,0
systemic,0.0,0,0
wallflower,0.0,0,0
concavely,0.0,0,0
several,0.0,0,0
wienie,0.0,0,0
synch,0.0,0,0
lankiness,0.0,0,0
finch,0.0,0,0
spectrogram,0.0,0,0
airliner,0.0,0,0
anthropic,0.0,0,0
stamp,0.0,0,0
duality,0.0,0,0
mojo,0.0,0,0
senator,0.0,0,0
pedal,0.0,0,0
billiard,0.0,0,0
penholder,0.0,0,0
preregistration,0.0,0,0
silkweed,0.0,0,0
substrate,0.0,0,0
southward,0.0,0,0
typist,0.0,0,0
stethoscope,0.0,0,0
consequent,0.0,0,0
anachronistically,0.0,0,0
lopsidedness,0.0,0,0
mandrel,0.0,0,0
refer,0.0,0,0
typeset,0.0,0,0
meritoriously,0.0,0,0
frontiersman,0.0,0,0
democratize,0.0,0,0
pansexual,0.0,0,0
systemization,0.0,0,0
accumulatively,0.0,0,0
paradigm,0.0,0,0
toothbrush,0.0,0,0
subscribe,0.0,0,0
provable,0.0,0,0
unorthodoxly,0.0,0,0
holograph,0.0,0,0
constituents,0.0,0,0
airbed,0.0,0,0
cowshed,0.0,0,0
instep,0.0,0,0
nonimpact,0.0,0,0
grammaticism,0.0,0,0
toucan,0.0,0,0
projector,0.0,0,0
proposed,0.0,0,0
unobjectionable,0.0,0,0
editor,0.0,0,0
superhighway,0.0,0,0
retranslation,0.0,0,0
preparedness,0.0,0,0
minutely,0.0,0,0
fingerling,0.0,0,0
subcellular,0.0,0,0
kooky,0.0,0,-1
zirconia,0.0,0,0
headset,0.0,0,0
aerographic,0.0,0,0
hoy,0.0,0,0
plated,0.0,0,0
gravitas,0.0,0,0
unexpended,0.0,0,0
quotable,0.0,0,0
duckbill,0.0,0,0
harvestman,0.0,0,0
preassigned,0.0,0,0
earrings,0.0,0,0
disputably,0.0,0,0
astrologically,0.0,0,0
pancreatic,0.0,0,0
dethrone,0.0,0,-1
ledger,0.0,0,0
outlier,0.0,0,0
canned,0.0,0,0
calzone,0.0,0,0
crania,0.0,0,0
ilovechristmas,0.0,0,0
highway,0.0,0,0
oxidization,0.0,0,0
pigmentation,0.0,0,0
arbitrage,0.0,0,0
spareribs,0.0,0,0
consummatory,0.0,0,0
incommensurable,0.0,0,0
fluked,0.0,0,0
polity,0.0,0,0
pencilsharpener,0.0,0,0
inapplicably,0.0,0,0
timbre,0.0,0,0
tactual,0.0,0,0
acidifier,0.0,0,0
moment,0.0,0,0
mettle,0.0,0,0
insider,0.0,0,0
doublet,0.0,0,0
alikeness,0.0,0,0
phonological,0.0,0,0
hovercraft,0.0,0,0
hierological,0.0,0,0
swimwear,0.0,0,0
hermaphrodite,0.0,0,0
fawnlike,0.0,0,0
global,0.0,0,0
putter,0.0,0,0
gaining,0.0,0,0
numerator,0.0,0,0
turret,0.0,0,0
course,0.0,0,0
savant,0.0,0,0
nightstand,0.0,0,0
friday,0.0,0,0
thematically,0.0,0,0
nonvascular,0.0,0,0
bucko,0.0,0,0
ophthalmology,0.0,0,0
schoolfellow,0.0,0,0
inexplicit,0.0,0,0
phrenologist,0.0,0,0
reformulation,0.0,0,0
incubatory,0.0,0,0
op,0.0,0,0
synergistic,0.0,0,0
crosshead,0.0,0,0
systolic,0.0,0,0
equilateral,0.0,0,0
walleye,0.0,0,0
macular,0.0,0,0
cubism,0.0,0,0
gilder,0.0,0,0
guidebook,0.0,0,0
furlong,0.0,0,0
flexion,0.0,0,0
commensurability,0.0,0,0
schematic,0.0,0,0
jaybird,0.0,0,0
recognizer,0.0,0,0
slumming,0.0,0,0
procedural,0.0,0,0
google,0.0,0,0
holder,0.0,0,0
everything,0.0,0,0
skyhook,0.0,0,0
subfield,0.0,0,0
statistics,0.0,0,0
agnosticism,0.0,0,0
preservation,0.0,0,0
fender,0.0,0,0
ordinal,0.0,0,0
nonny,0.0,0,0
sealant,0.0,0,0
brunette,0.0,0,0
diamondback,0.0,0,0
pumpernickel,0.0,0,0
enzyme,0.0,0,0
widely,0.0,0,0
gynecology,0.0,0,0
quilter,0.0,0,0
stylize,0.0,0,0
brazilian,0.0,0,0
dayroom,0.0,0,0
launderette,0.0,0,0
diverge,0.0,0,0
ode,0.0,0,0
administratively,0.0,0,0
hydro,0.0,0,0
mongoose,0.0,0,0
measuring,0.0,0,0
swifter,0.0,0,0
notepaper,0.0,0,0
extroversion,0.0,0,0
fibrously,0.0,0,0
postage,0.0,0,0
cedar,0.0,0,0
alignment,0.0,0,0
midsentence,0.0,0,0
sophomorically,0.0,0,0
excerpt,0.0,0,0
veteran,0.0,0,0
unserviceable,0.0,0,0
pluralistically,0.0,0,0
personification,0.0,0,0
monogenic,0.0,0,0
confirmation,0.0,0,0
sockeye,0.0,0,0
wean,0.0,0,0
lumbar,0.0,0,0
signifier,0.0,0,0
modulatory,0.0,0,0
pelagic,0.0,0,0
fusionist,0.0,0,0
earwax,0.0,0,0
rededicate,0.0,0,0
actionable,0.0,0,0
copperware,0.0,0,0
scoffer,0.0,0,0
proverbially,0.0,0,0
prairie,0.0,0,0
fur,0.0,0,0
acrobat,0.0,0,0
childless,0.0,0,0
annunciation,0.0,0,0
inkpot,0.0,0,0
autocorrelation,0.0,0,0
colour,0.0,0,0
multimodal,0.0,0,0
gastroenterologist,0.0,0,0
prefacer,0.0,0,0
stirrup,0.0,0,0
money,0.0,0,0
honeydew,0.0,0,0
deplane,0.0,0,0
goblet,0.0,0,0
transference,0.0,0,0
icepick,0.0,0,0
talcum,0.0,0,0
waterbird,0.0,0,0
localizable,0.0,0,0
winder,0.0,0,0
certificate,0.0,0,0
season,0.0,0,0
glucose,0.0,0,0
timberland,0.0,0,0
donation,0.0,0,0
seemingly,0.0,0,0
prescription,0.0,0,0
plausible,0.0,0,0
expositive,0.0,0,0
harden,0.0,0,0
tetrapod,0.0,0,0
tug,0.0,0,0
nonmetropolitan,0.0,0,0
begonia,0.0,0,0
insulin,0.0,0,0
adherent,0.0,0,0
diagram,0.0,0,0
product,0.0,0,0
beast,0.0,0,0
invisibly,0.0,0,0
mudd,0.0,0,0
abbey,0.0,0,0
buick,0.0,0,0
houseboy,0.0,0,0
showing,0.0,0,0
compare,0.0,0,0
multiline,0.0,0,0
southwest,0.0,0,0
punctuation,0.0,0,0
year,0.0,0,0
benzodiazepine,0.0,0,0
cognition,0.0,0,0
unidirectional,0.0,0,0
crunchable,0.0,0,0
biller,0.0,0,0
ducktail,0.0,0,0
sothankful,0.0,0,0
homemaking,0.0,0,0
horseflesh,0.0,0,0
distinguishably,0.0,0,0
urinary,0.0,0,0
fall,0.0,0,0
iterate,0.0,0,0
orbiter,0.0,0,0
wingspan,0.0,0,0
bronchia,0.0,0,0
archetypical,0.0,0,0
feature,0.0,0,0
nerd,0.0,0,0
uncontestable,0.0,0,0
rink,0.0,0,0
herdswoman,0.0,0,0
godhead,0.0,0,0
coacher,0.0,0,0
treadmill,0.0,0,0
form,0.0,0,0
breadth,0.0,0,0
originality,0.0,0,0
chromatographic,0.0,0,0
ventilator,0.0,0,0
humankind,0.0,0,0
dancing,0.0,0,0
penile,0.0,0,0
distributary,0.0,0,0
relic,0.0,0,0
secularity,0.0,0,0
rudder,0.0,0,0
starch,0.0,0,0
expedite,0.0,0,1
rewatch,0.0,0,0
exteriorize,0.0,0,0
hydrant,0.0,0,0
irradiance,0.0,0,0
druidism,0.0,0,0
syncopated,0.0,0,0
radiology,0.0,0,0
quarto,0.0,0,0
joiner,0.0,0,0
lineman,0.0,0,0
seminary,0.0,0,0
bullmastiff,0.0,0,0
requite,0.0,0,0
fudge,0.0,0,0
coldish,0.0,0,0
intergovernmental,0.0,0,0
stainless,0.0,0,0
podium,0.0,0,0
mousse,0.0,0,0
behoove,0.0,0,0
nonmanufacturing,0.0,0,0
grist,0.0,0,0
overlying,0.0,0,0
norm,0.0,0,0
imageless,0.0,0,0
logistic,0.0,0,0
glassblower,0.0,0,0
chlorophyll,0.0,0,0
zulu,0.0,0,0
remittent,0.0,0,0
tollhouse,0.0,0,0
asymmetrically,0.0,0,0
predomination,0.0,0,0
discriminatively,0.0,0,0
dredge,0.0,0,0
method,0.0,0,0
blueray,0.0,0,0
essayist,0.0,0,0
inscriptional,0.0,0,0
fingertips,0.0,0,0
bonne,0.0,0,0
payment,0.0,0,0
polypeptide,0.0,0,0
countries,0.0,0,0
illustriously,0.0,0,0
corrugation,0.0,0,0
uncaptioned,0.0,0,0
gazing,0.0,0,1
blowfly,0.0,0,0
labeler,0.0,0,0
ethnicity,0.0,0,0
pureblood,0.0,0,0
acoustically,0.0,0,0
cosmographer,0.0,0,0
radiotelegraph,0.0,0,0
keep,0.0,0,0
pilot,0.0,0,0
gearless,0.0,0,0
alum,0.0,0,0
biochemistry,0.0,0,0
divider,0.0,0,0
undersecretary,0.0,0,0
mannishly,0.0,0,0
bulletin,0.0,0,0
servility,0.0,0,0
collegian,0.0,0,0
admixture,0.0,0,0
soymilk,0.0,0,0
keystroke,0.0,0,0
appropriateness,0.0,0,0
equipment,0.0,0,0
homeopathic,0.0,0,0
spicy,0.0,0,0
emoticon,0.0,0,0
antennae,0.0,0,0
bagful,0.0,0,0
saltwater,0.0,0,0
corresponsive,0.0,0,0
effluence,0.0,0,0
foldout,0.0,0,0
raised,0.0,0,0
multicentre,0.0,0,0
toenails,0.0,0,0
countervote,0.0,0,0
designation,0.0,0,0
until,0.0,0,0
wintery,0.0,0,0
worthily,0.0,0,0
supplement,0.0,0,0
handicapper,0.0,0,0
hola,0.0,0,0
panelist,0.0,0,0
unentertaining,0.0,0,0
sandwich,0.0,0,0
senatorially,0.0,0,0
cultivatable,0.0,0,0
linkup,0.0,0,0
decency,0.0,0,0
soliloquize,0.0,0,0
cud,0.0,0,0
countershaft,0.0,0,0
hindu,0.0,0,0
zeppelin,0.0,0,0
colorable,0.0,0,0
generate,0.0,0,0
yokel,0.0,0,0
groundball,0.0,0,0
superposition,0.0,0,0
juiceless,0.0,0,0
economy,0.0,0,0
microphone,0.0,0,0
condensational,0.0,0,0
definitive,0.0,0,0
appstore,0.0,0,0
nietzschean,0.0,0,0
intersociety,0.0,0,0
elastic,0.0,0,0
riveter,0.0,0,0
prehistoric,0.0,0,0
stegosaurus,0.0,0,0
oxtail,0.0,0,0
arbitrariness,0.0,0,0
evolvable,0.0,0,0
depositary,0.0,0,0
superimposition,0.0,0,0
rudimentary,0.0,0,0
capitally,0.0,0,0
farseeing,0.0,0,0
contingent,0.0,0,0
actuary,0.0,0,0
children,0.0,0,0
centerpiece,0.0,0,0
yieldable,0.0,0,0
ambulant,0.0,0,0
ciabatta,0.0,0,0
gallantly,0.0,0,0
pullover,0.0,0,0
mineral,0.0,0,0
crystallization,0.0,0,0
pigtail,0.0,0,0
astronomer,0.0,0,0
decoder,0.0,0,0
conformation,0.0,0,0
easternmost,0.0,0,0
skipped,0.0,0,0
exaltedness,0.0,0,0
celtic,0.0,0,0
mashed,0.0,0,0
prefabricator,0.0,0,0
subjectivity,0.0,0,0
occupant,0.0,0,0
theory,0.0,0,0
curried,0.0,0,0
kicker,0.0,0,0
metamorphic,0.0,0,0
auspice,0.0,0,0
skill,0.0,0,0
sort,0.0,0,0
golfer,0.0,0,0
sulfur,0.0,0,0
binominal,0.0,0,0
woodless,0.0,0,0
steer,0.0,0,0
fair,0.0,0,0
microscopic,0.0,0,0
protractor,0.0,0,0
sizable,0.0,0,0
knead,0.0,0,0
shortie,0.0,0,0
cannelloni,0.0,0,0
minions,0.0,0,0
showplace,0.0,0,0
gender,0.0,0,0
fulcrum,0.0,0,0
longboat,0.0,0,0
sizeable,0.0,0,0
silicate,0.0,0,0
didactically,0.0,0,0
unconscientiously,0.0,0,0
algebraically,0.0,0,0
yeah,0.0,0,0
resultant,0.0,0,0
relight,0.0,0,0
underwent,0.0,0,0
precook,0.0,0,0
affirm,0.0,0,0
instantaneousness,0.0,0,0
frigate,0.0,0,0
plasticization,0.0,0,0
node,0.0,0,0
reprint,0.0,0,0
coiffeur,0.0,0,0
characteristic,0.0,0,0
deducible,0.0,0,0
proximally,0.0,0,0
infusibility,0.0,0,0
entirety,0.0,0,0
telegenic,0.0,0,0
narrow,0.0,0,0
verbalization,0.0,0,0
unloader,0.0,0,0
hydrogenated,0.0,0,0
surreptitiously,0.0,0,0
craniologist,0.0,0,0
hydrogeology,0.0,0,0
governing,0.0,0,0
profitable,0.0,0,0
collard,0.0,0,0
transcend,0.0,0,0
pound,0.0,0,0
browner,0.0,0,0
fractionize,0.0,0,0
lovebird,0.0,0,0
ninetieth,0.0,0,0
cytogenetically,0.0,0,0
authenticator,0.0,0,0
wet,0.0,0,0
illustratable,0.0,0,0
cabbage,0.0,0,0
subroutine,0.0,0,0
muscular,0.0,0,0
extemporarily,0.0,0,0
plebeian,0.0,0,0
reoffer,0.0,0,0
neuroscience,0.0,0,0
overplay,0.0,0,0
instrumental,0.0,0,0
reinstitution,0.0,0,0
yardage,0.0,0,0
translucence,0.0,0,0
inspirable,0.0,0,0
fluoroscope,0.0,0,0
rowboat,0.0,0,0
confirmatory,0.0,0,0
astronomical,0.0,0,0
polygenic,0.0,0,0
sluice,0.0,0,0
collusively,0.0,0,0
commercialist,0.0,0,0
theistically,0.0,0,0
voodooist,0.0,0,0
biped,0.0,0,0
gyroplane,0.0,0,0
operatic,0.0,0,0
chessman,0.0,0,0
imaginable,0.0,0,0
polytrophic,0.0,0,0
movingon,0.0,0,0
anthropomorphist,0.0,0,0
economically,0.0,0,0
atomist,0.0,0,0
outlined,0.0,0,0
intermissive,0.0,0,0
constructivism,0.0,0,0
mullet,0.0,0,0
essentialist,0.0,0,0
precognition,0.0,0,0
blondish,0.0,0,0
abound,0.0,0,0
higher,0.0,0,0
trainmaster,0.0,0,0
formlessness,0.0,0,0
violinist,0.0,0,0
royalism,0.0,0,0
radiosensitive,0.0,0,0
decomposable,0.0,0,0
setter,0.0,0,0
refrigerator,0.0,0,0
emulate,0.0,0,0
hypodermal,0.0,0,0
synthesize,0.0,0,0
reattribute,0.0,0,0
gyrostabilizer,0.0,0,0
rareness,0.0,0,0
finally,0.0,0,0
ripeness,0.0,0,0
absentee,0.0,0,0
backstroke,0.0,0,0
overeat,0.0,0,1
unclogged,0.0,0,0
inter,0.0,0,0
mainstream,0.0,0,0
microchemistry,0.0,0,0
finiteness,0.0,0,0
heritability,0.0,0,0
atmospherically,0.0,0,0
pulpwood,0.0,0,0
digress,0.0,0,0
autonomous,0.0,0,0
piecework,0.0,0,0
arsenal,0.0,0,0
counterguard,0.0,0,0
smock,0.0,0,0
counteroffer,0.0,0,0
pertinently,0.0,0,0
musicality,0.0,0,0
pane,0.0,0,0
triplet,0.0,0,0
arrange,0.0,0,0
pertinence,0.0,0,0
sectionalist,0.0,0,0
interspersion,0.0,0,0
conic,0.0,0,0
chronographer,0.0,0,0
socially,0.0,0,0
retransmission,0.0,0,0
duplication,0.0,0,0
intranet,0.0,0,0
gouda,0.0,0,0
swedish,0.0,0,0
hemoglobin,0.0,0,0
suspension,0.0,0,0
complementation,0.0,0,0
numerology,0.0,0,0
noncombat,0.0,0,0
ascertainment,0.0,0,0
farming,0.0,0,0
neutralizer,0.0,0,0
immutable,0.0,0,0
alt,0.0,0,0
pictographically,0.0,0,0
ionic,0.0,0,0
glove,0.0,0,0
polyglot,0.0,0,0
android,0.0,0,0
animal,0.0,0,0
cognitive,0.0,0,0
demonism,0.0,0,0
touchpad,0.0,0,0
supercenter,0.0,0,0
meritless,0.0,0,0
lapful,0.0,0,0
concatenation,0.0,0,0
reincarnate,0.0,0,0
wristwatch,0.0,0,0
prince,0.0,0,0
maternity,0.0,0,0
steelmaking,0.0,0,0
racoon,0.0,0,0
whom,0.0,0,0
shared,0.0,0,0
prob,0.0,0,0
overseas,0.0,0,0
vermilion,0.0,0,0
sum,0.0,0,0
administrator,0.0,0,0
ragdoll,0.0,0,0
genetic,0.0,0,0
enormousness,0.0,0,0
housewives,0.0,0,0
centennial,0.0,0,0
semitransparent,0.0,0,0
congruous,0.0,0,0
piper,0.0,0,0
enumeration,0.0,0,0
conglomerate,0.0,0,0
affiliation,0.0,0,0
hardcover,0.0,0,0
wordsmith,0.0,0,0
nuclear,0.0,0,0
seductively,0.0,0,1
fallopian,0.0,0,0
happening,0.0,0,0
hammer,0.0,0,0
inviter,0.0,0,0
unrecognizing,0.0,0,0
rebuilder,0.0,0,0
sidestep,0.0,0,0
sequence,0.0,0,0
absolute,0.0,0,0
evanesce,0.0,0,0
roundhead,0.0,0,0
campus,0.0,0,0
displacer,0.0,0,0
relatedness,0.0,0,0
endodermic,0.0,0,0
bioelectricity,0.0,0,0
reversely,0.0,0,0
nonreactor,0.0,0,0
synchronization,0.0,0,0
dimmer,0.0,0,0
incidental,0.0,0,0
recapitulative,0.0,0,0
bit,0.0,0,0
girlishness,0.0,0,0
departmentalization,0.0,0,0
erect,0.0,0,0
inarguable,0.0,0,0
females,0.0,0,0
rebound,0.0,0,0
follower,0.0,0,0
rematerialize,0.0,0,0
barrow,0.0,0,0
depreciable,0.0,0,0
handyman,0.0,0,0
nondenominational,0.0,0,0
purple,0.0,0,0
wizardly,0.0,0,0
polytheist,0.0,0,0
oculus,0.0,0,0
checkbook,0.0,0,0
reexamine,0.0,0,0
transdisciplinary,0.0,0,0
ethology,0.0,0,0
dispensable,0.0,0,0
ginseng,0.0,0,0
rumba,0.0,0,0
altitude,0.0,0,0
indistinct,0.0,0,0
brisket,0.0,0,0
intergrowth,0.0,0,0
multiplexer,0.0,0,0
formulary,0.0,0,0
musketeer,0.0,0,0
jiffy,0.0,0,0
cinematograph,0.0,0,0
half,0.0,0,0
unguardedly,0.0,0,0
swampland,0.0,0,0
lovability,0.0,0,0
challenger,0.0,0,0
contrastable,0.0,0,0
detachability,0.0,0,0
croaker,0.0,0,0
domain,0.0,0,0
dispeller,0.0,0,0
bihourly,0.0,0,0
conception,0.0,0,0
insolubly,0.0,0,0
telecommunication,0.0,0,0
appliance,0.0,0,0
downstate,0.0,0,0
inactivate,0.0,0,0
aspirin,0.0,0,0
rotund,0.0,0,0
eyeshade,0.0,0,0
antibiotic,0.0,0,0
eagle,0.0,0,0
mineralize,0.0,0,0
nonentity,0.0,0,0
intuitive,0.0,0,0
peculiar,0.0,0,0
supercontinent,0.0,0,0
brogue,0.0,0,0
ancestrally,0.0,0,0
coessential,0.0,0,0
propylene,0.0,0,0
wheedle,0.0,0,0
anchovies,0.0,0,0
shredder,0.0,0,0
superconductor,0.0,0,0
transparency,0.0,0,0
oxidize,0.0,0,0
interspecies,0.0,0,0
semielliptical,0.0,0,0
turnstone,0.0,0,0
leave,0.0,0,0
topic,0.0,0,0
yellowcake,0.0,0,0
penis,0.0,0,0
intertwinement,0.0,0,0
atrophic,0.0,0,0
disaffectedly,0.0,0,0
vending,0.0,0,0
embryology,0.0,0,0
wireless,0.0,0,0
armadillo,0.0,0,0
mapmaker,0.0,0,0
photoshop,0.0,0,0
famed,0.0,0,0
ryegrass,0.0,0,0
modifiability,0.0,0,0
distributorship,0.0,0,0
publishable,0.0,0,0
lateralization,0.0,0,0
dye,0.0,0,0
multisyllabic,0.0,0,0
janitorial,0.0,0,0
elasticize,0.0,0,0
proctorship,0.0,0,0
bestselling,0.0,0,0
gastropod,0.0,0,0
pontifically,0.0,0,0
photonegative,0.0,0,0
nondependent,0.0,0,0
shoestring,0.0,0,0
internalization,0.0,0,0
hinter,0.0,0,0
hypnologist,0.0,0,0
basinet,0.0,0,0
undirected,0.0,0,0
lope,0.0,0,0
curliness,0.0,0,0
hummus,0.0,0,0
photomontage,0.0,0,0
taxonomically,0.0,0,0
monotheist,0.0,0,0
workbench,0.0,0,0
liquefier,0.0,0,0
goop,0.0,0,0
cornbread,0.0,0,0
voidable,0.0,0,0
wiener,0.0,0,0
legitimist,0.0,0,0
germfree,0.0,0,0
grandniece,0.0,0,0
typology,0.0,0,0
penetrant,0.0,0,0
personify,0.0,0,0
preside,0.0,0,0
significance,0.0,0,0
orientation,0.0,0,0
synchronic,0.0,0,0
overalls,0.0,0,0
alight,0.0,0,0
barrel,0.0,0,0
bedcover,0.0,0,0
electrochemist,0.0,0,0
cytogenetic,0.0,0,0
unfollow,0.0,0,0
crewmate,0.0,0,0
encephalogram,0.0,0,0
nonadjacent,0.0,0,0
crick,0.0,0,0
stratocumulus,0.0,0,0
ritualized,0.0,0,0
talkatively,0.0,0,0
refutability,0.0,0,0
subcostal,0.0,0,0
calves,0.0,0,0
concurrence,0.0,0,0
nucleoli,0.0,0,0
indelibly,0.0,0,0
irrelative,0.0,0,0
widener,0.0,0,0
yachtswoman,0.0,0,0
factoid,0.0,0,0
lifecycle,0.0,0,0
bodyline,0.0,0,0
reposition,0.0,0,0
factually,0.0,0,0
germanium,0.0,0,0
inherency,0.0,0,0
bur,0.0,0,0
multinomial,0.0,0,0
mine,0.0,0,0
unscriptural,0.0,0,0
instructorship,0.0,0,0
radiotelegraphy,0.0,0,0
conclave,0.0,0,0
husband,0.0,0,0
decahedron,0.0,0,0
tidemark,0.0,0,0
ruefulness,0.0,0,0
wedlock,0.0,0,0
quartz,0.0,0,0
catholicism,0.0,0,0
reticulation,0.0,0,0
groundskeeper,0.0,0,0
earflap,0.0,0,0
calculate,0.0,0,0
daughterhood,0.0,0,0
electrophysiology,0.0,0,0
marker,0.0,0,0
writing,0.0,0,0
awardee,0.0,0,0
sequent,0.0,0,0
consider,0.0,0,0
parameters,0.0,0,0
dictatorially,0.0,0,0
ventriloquist,0.0,0,0
phalanx,0.0,0,0
jeweler,0.0,0,0
bartender,0.0,0,0
constitutionalism,0.0,0,0
nitrogenous,0.0,0,0
lidocaine,0.0,0,0
solid,0.0,0,0
investigational,0.0,0,0
endmost,0.0,0,0
drugstore,0.0,0,0
plutocracy,0.0,0,0
undefined,0.0,0,0
maraschino,0.0,0,0
multigenerational,0.0,0,0
radioisotope,0.0,0,0
altruistic,0.0,0,0
jug,0.0,0,0
microscopically,0.0,0,0
revocable,0.0,0,0
suaveness,0.0,0,1
phonetics,0.0,0,0
contraposition,0.0,0,0
reinitialize,0.0,0,0
legalese,0.0,0,0
rubberize,0.0,0,0
acetate,0.0,0,0
bluefin,0.0,0,0
artbook,0.0,0,0
tactically,0.0,0,0
beerhouse,0.0,0,0
licensee,0.0,0,0
anachronous,0.0,0,0
reappointment,0.0,0,0
weeklong,0.0,0,0
unsliced,0.0,0,0
endodermal,0.0,0,0
gourd,0.0,0,0
superfluous,0.0,0,0
tome,0.0,0,0
filler,0.0,0,0
airwoman,0.0,0,0
metropolis,0.0,0,0
archangelic,0.0,0,0
commemoratively,0.0,0,0
polish,0.0,0,0
rational,0.0,0,0
coalitionist,0.0,0,0
associated,0.0,0,0
alchemically,0.0,0,0
optometrist,0.0,0,0
doodler,0.0,0,0
extendedness,0.0,0,0
monogamy,0.0,0,0
attributable,0.0,0,0
thermos,0.0,0,0
ball,0.0,0,0
austrian,0.0,0,0
imperatively,0.0,0,0
whistler,0.0,0,0
slight,0.0,0,0
sideman,0.0,0,0
biblical,0.0,0,0
binational,0.0,0,0
inserter,0.0,0,0
madrigal,0.0,0,0
inhabitant,0.0,0,0
lifestyle,0.0,0,0
inflectionless,0.0,0,0
stoneware,0.0,0,0
slideshow,0.0,0,0
prehistorically,0.0,0,0
unprompted,0.0,0,0
eliminatory,0.0,0,0
toothy,0.0,0,0
viewing,0.0,0,0
permeability,0.0,0,0
eclectically,0.0,0,0
interspatial,0.0,0,0
evocable,0.0,0,0
recompense,0.0,0,0
barometric,0.0,0,0
mariner,0.0,0,0
starboard,0.0,0,0
incorporate,0.0,0,0
stipend,0.0,0,0
harpsichord,0.0,0,0
regard,0.0,0,0
sublingual,0.0,0,0
secretor,0.0,0,0
attired,0.0,0,0
cardiogram,0.0,0,0
bedspring,0.0,0,0
seventieth,0.0,0,0
shortest,0.0,0,0
friedman,0.0,0,0
attributive,0.0,0,0
phototherapeutic,0.0,0,0
biblically,0.0,0,0
hooves,0.0,0,0
unheralded,0.0,0,0
culpa,0.0,0,0
calve,0.0,0,0
ephemeris,0.0,0,0
swordsmanship,0.0,0,0
grommet,0.0,0,0
lmfao,0.0,0,0
sensory,0.0,0,0
dishrag,0.0,0,0
interval,0.0,0,0
perfumery,0.0,0,0
round,0.0,0,0
homeopathically,0.0,0,0
motorman,0.0,0,0
knuckleball,0.0,0,0
interjectional,0.0,0,0
conjugant,0.0,0,0
introduced,0.0,0,0
reduplicate,0.0,0,0
nonproduction,0.0,0,0
driest,0.0,0,0
chunkily,0.0,0,0
formed,0.0,0,0
indivisibleness,0.0,0,0
jellybean,0.0,0,0
valence,0.0,0,0
toner,0.0,0,0
filipino,0.0,0,0
inherently,0.0,0,0
revamp,0.0,0,0
fashioner,0.0,0,0
afar,0.0,0,0
misshape,0.0,0,0
broadtail,0.0,0,0
preposition,0.0,0,0
rustproof,0.0,0,0
catalysis,0.0,0,0
conically,0.0,0,0
ironingboard,0.0,0,0
gyroscope,-0.01,0,0
engine,-0.01,0,0
count,-0.01,0,0
attribution,-0.01,0,0
sleeve,-0.01,0,0
fiber,-0.01,0,0
ellipsis,-0.01,0,0
reference,-0.02,0,0
ether,-0.02,0,0
information,-0.02,0,0
repurchase,-0.02,0,0
byte,-0.02,0,0
utencil,-0.02,0,0
modality,-0.02,0,0
environment,-0.02,0,0
main,-0.02,0,0
circumference,-0.02,0,0
canonical,-0.02,0,0
yolk,-0.03,0,0
butt,-0.03,0,0
vertical,-0.03,0,0
contemporary,-0.03,0,0
fyi,-0.03,0,0
municipal,-0.03,0,0
flour,-0.03,0,0
menu,-0.03,0,0
postulate,-0.03,0,0
tubular,-0.04,0,0
today,-0.04,0,0
towel,-0.04,0,0
idolatry,-0.04,0,0
anatomic,-0.04,0,0
quotation,-0.04,0,0
utilization,-0.04,0,0
sublimation,-0.04,0,0
ellipse,-0.04,0,0
summation,-0.05,0,0
padding,-0.05,0,0
powdered,-0.05,0,0
sauce,-0.05,0,0
conical,-0.05,0,0
wherefore,-0.05,0,0
biographer,-0.06,0,0
designer,-0.06,0,0
disbursement,-0.06,0,0
bulb,-0.06,0,0
context,-0.06,0,0
band,-0.06,0,0
fundamentally,-0.06,0,0
pendent,-0.06,0,0
outline,-0.06,0,0
translate,-0.06,0,0
tenths,-0.06,0,0
braid,-0.06,0,0
law,-0.06,0,0
hosiery,-0.07,0,0
beadwork,-0.07,0,0
reparably,-0.07,0,0
eschewer,-0.07,0,0
oxidation,-0.07,0,0
normalize,-0.07,0,0
polka,-0.07,0,0
record,-0.07,0,0
paleography,-0.07,0,0
boilable,-0.07,0,0
filmstrip,-0.07,0,0
convinced,-0.07,0,0
stuffing,-0.07,0,0
carelessly,-0.07,0,1
nonmarket,-0.07,0,0
superscript,-0.07,0,0
leftmost,-0.07,0,0
jean,-0.07,0,0
prototypic,-0.07,0,0
photofinishing,-0.07,0,0
sixpenny,-0.07,0,0
visual,-0.07,0,0
accrual,-0.07,0,0
stereogram,-0.07,0,0
inhabitation,-0.07,0,0
banqueter,-0.07,0,0
phonographically,-0.07,0,0
southwardly,-0.07,0,0
governance,-0.07,0,0
cleanable,-0.07,0,0
generative,-0.07,0,0
resource,-0.07,0,0
futurism,-0.07,0,0
sheet,-0.07,0,0
loyalist,-0.07,0,0
dairywoman,-0.07,0,0
aft,-0.08,0,0
ideography,-0.08,0,0
bones,-0.08,0,0
creaseproof,-0.08,0,0
patented,-0.08,0,0
newsbeat,-0.08,0,0
typical,-0.08,0,0
nonfiction,-0.08,0,0
preprint,-0.08,0,0
issued,-0.08,0,0
vibrantly,-0.08,0,0
auditory,-0.08,0,0
homophonous,-0.08,0,0
furnishment,-0.08,0,0
prescriber,-0.08,0,0
upward,-0.08,0,0
lifework,-0.08,0,0
leatherworker,-0.08,0,0
workbasket,-0.08,0,0
nonresidential,-0.08,0,0
spectacularly,-0.08,0,0
madras,-0.08,0,0
clearable,-0.08,0,0
cabernet,-0.08,0,0
monolith,-0.08,0,0
pension,-0.08,0,0
subtropical,-0.08,0,0
capricorn,-0.08,0,0
manmade,-0.08,0,0
alternating,-0.08,0,0
retentively,-0.08,0,0
semiofficially,-0.08,0,0
iguana,-0.08,0,0
chateaux,-0.08,0,0
rhyming,-0.08,0,0
immunotherapy,-0.08,0,0
anticlerical,-0.08,0,0
headscarf,-0.08,0,0
renaissance,-0.08,0,0
wigwam,-0.08,0,0
recolor,-0.08,0,0
festival,-0.08,0,0
sampler,-0.08,0,0
sourdough,-0.08,0,0
longbow,-0.08,0,0
payout,-0.08,0,0
suffusion,-0.08,0,0
certifier,-0.08,0,0
prehistory,-0.08,0,0
cognizant,-0.08,0,0
queues,-0.08,0,0
irreprehensible,-0.08,0,0
kosher,-0.08,0,0
concluder,-0.08,0,0
accessorize,-0.08,0,0
stratus,-0.08,0,0
unidimensional,-0.08,0,0
saddle,-0.08,0,0
flagman,-0.08,0,0
meaty,-0.08,0,0
pictorially,-0.08,0,0
candelabrum,-0.08,0,0
mosque,-0.08,0,0
sprig,-0.08,0,0
gnu,-0.08,0,0
headphones,-0.08,0,0
symposium,-0.08,0,0
cupbearer,-0.08,0,0
anchovy,-0.08,0,0
subsection,-0.08,0,0
symposia,-0.08,0,0
unroll,-0.08,0,0
engineless,-0.08,0,0
waxen,-0.08,0,0
hire,-0.08,0,0
interlineal,-0.08,0,0
matriarch,-0.08,0,0
vivaciously,-0.08,0,0
neurological,-0.08,0,0
permanency,-0.08,0,0
octagonal,-0.08,0,0
reawake,-0.08,0,0
notepad,-0.08,0,0
verbatim,-0.08,0,0
citronella,-0.08,0,0
undistinguishing,-0.08,0,0
damask,-0.08,0,0
undisguised,-0.08,0,0
interstellar,-0.08,0,0
cordless,-0.08,0,0
basalt,-0.08,0,0
wintry,-0.09,0,0
crimeless,-0.09,0,0
escapade,-0.09,0,0
integrally,-0.09,0,0
waterway,-0.09,0,0
ancient,-0.09,0,0
dishy,-0.09,0,0
same,-0.09,0,0
lavisher,-0.09,0,0
FALSE,-0.09,0,0
beefy,-0.09,0,0
limitable,-0.09,0,0
inextinguishably,-0.09,0,0
hick,-0.09,0,0
monotonous,-0.09,0,0
recommend,-0.09,0,0
reinvestigate,-0.09,0,0
reassertion,-0.09,0,0
saleswoman,-0.09,0,0
reframe,-0.09,0,0
spiritism,-0.09,0,0
categorical,-0.09,0,0
liquidly,-0.09,0,0
slyness,-0.09,0,1
cornucopia,-0.09,0,0
surrender,-0.09,0,-1
teetotalism,-0.09,0,0
saddleback,-0.09,0,0
placeholder,-0.09,0,0
disestablishmentarian,-0.09,0,0
inflatable,-0.09,0,0
mastoid,-0.09,0,0
figurativeness,-0.09,0,0
kinesthetic,-0.09,0,0
faceable,-0.09,0,0
winterbreak,-0.09,0,0
testability,-0.09,0,0
european,-0.09,0,0
options,-0.1,0,0
offering,-0.1,0,0
proponent,-0.1,0,0
equatorial,-0.1,0,0
chairman,-0.1,0,0
schema,-0.1,0,0
pied,-0.1,0,0
artists,-0.1,0,0
ticket,-0.1,0,0
sucrose,-0.1,0,0
barred,-0.1,0,-1
driftwood,-0.1,0,0
branch,-0.1,0,0
tricycle,-0.1,0,0
partake,-0.1,0,0
unthrifty,-0.1,0,0
prorate,-0.1,0,0
matrimony,-0.1,0,0
undersea,-0.1,0,0
yet,-0.1,0,0
newsstand,-0.1,0,0
transversally,-0.1,0,0
corpus,-0.1,0,0
obverse,-0.1,0,0
participate,-0.1,0,0
sprinkler,-0.1,0,0
mottled,-0.1,0,-1
preservative,-0.1,0,0
materialize,-0.1,0,0
discovery,-0.1,0,0
herbal,-0.1,0,0
uncustomary,-0.1,0,0
deterministic,-0.1,0,0
tenet,-0.1,0,0
autonym,-0.1,0,0
coy,-0.1,0,0
sporting,-0.1,0,0
sold,-0.1,0,0
caudal,-0.1,0,0
mucus,-0.1,0,0
outlay,-0.1,0,0
fictionist,-0.1,0,0
hundredth,-0.1,0,0
shabbiness,-0.1,0,-1
stubby,-0.1,0,0
vena,-0.1,0,0
cosmetically,-0.1,0,0
flatness,-0.1,0,0
coupon,-0.1,0,0
avertedly,-0.1,0,0
hoop,-0.1,0,0
acclamatory,-0.1,0,0
coppery,-0.1,0,0
laity,-0.1,0,0
cameo,-0.1,0,0
prophylactic,-0.1,0,0
pore,-0.1,0,0
dappled,-0.1,0,0
grinner,-0.1,0,0
breeding,-0.1,0,0
ethic,-0.1,0,0
busboy,-0.1,0,0
caulk,-0.1,0,0
beardless,-0.1,0,0
pup,-0.1,0,0
adobe,-0.1,0,0
forsooth,-0.1,0,0
kangaroo,-0.1,0,0
manner,-0.1,0,0
withheld,-0.1,0,0
practicably,-0.1,0,0
rambler,-0.1,0,0
vision,-0.1,0,0
whisker,-0.1,0,0
servant,-0.1,0,0
score,-0.1,0,0
producing,-0.1,0,0
yoghurt,-0.1,0,0
anteater,-0.1,0,0
rear,-0.1,0,0
indelible,-0.1,0,0
handbag,-0.1,0,0
disposer,-0.1,0,0
stylist,-0.1,0,0
cave,-0.1,0,0
message,-0.1,0,0
rewound,-0.1,0,0
duration,-0.1,0,0
ration,-0.1,0,0
indispensable,-0.1,0,0
giraffe,-0.1,0,0
indication,-0.1,0,0
spreader,-0.1,0,0
observed,-0.1,0,0
representativeness,-0.1,0,0
sunglasses,-0.1,0,-1
phoned,-0.1,0,0
townspeople,-0.1,0,0
computable,-0.1,0,0
ginger,-0.1,0,0
palmer,-0.1,0,0
tennis,-0.1,0,0
decorated,-0.1,0,0
captivate,-0.1,0,1
development,-0.1,0,0
palm,-0.1,0,0
black,-0.1,0,0
interior,-0.1,0,0
pasta,-0.1,0,0
chicory,-0.1,0,0
patroness,-0.1,0,0
malleable,-0.1,0,0
sledge,-0.1,0,0
securable,-0.1,0,0
civilian,-0.1,0,0
shading,-0.1,0,0
infiniteness,-0.1,0,0
converter,-0.1,0,0
handmade,-0.1,0,0
commissionaire,-0.1,0,0
skillfulness,-0.1,0,0
favor,-0.1,0,0
paleface,-0.1,0,0
dermatological,-0.1,0,0
text,-0.1,0,0
volition,-0.1,0,0
landlady,-0.1,0,0
ruminant,-0.1,0,0
commensurate,-0.1,0,0
sideways,-0.1,0,0
mere,-0.1,0,0
crane,-0.1,0,0
raft,-0.1,0,0
shoebox,-0.1,0,0
primacy,-0.1,0,0
locker,-0.1,0,0
acoustic,-0.1,0,0
starship,-0.1,0,0
liaison,-0.1,0,0
pongo,-0.1,0,0
kingfisher,-0.1,0,0
astronautics,-0.1,0,0
pace,-0.1,0,0
nautilus,-0.1,0,0
multimillionaire,-0.1,0,0
antique,-0.1,0,0
stove,-0.1,0,0
hey,-0.1,0,0
prophetical,-0.1,0,0
candle,-0.1,0,0
declaredly,-0.1,0,0
humidor,-0.1,0,0
greece,-0.1,0,0
smattering,-0.1,0,0
iridescence,-0.1,0,0
gaze,-0.1,0,0
printable,-0.1,0,0
media,-0.1,0,0
eyedropper,-0.1,0,0
hoist,-0.1,0,0
prophecy,-0.1,0,0
reinstatement,-0.1,0,0
tights,-0.1,0,0
instructions,-0.1,0,0
souvenir,-0.1,0,0
ceremoniously,-0.1,0,0
central,-0.1,0,0
originator,-0.1,0,0
precognizant,-0.1,0,0
dune,-0.1,0,0
permissiveness,-0.1,0,0
gelatinize,-0.1,0,0
onionskin,-0.1,0,0
inbuilt,-0.1,0,0
briefly,-0.1,0,0
spend,-0.1,0,0
longshoreman,-0.1,0,0
bunkhouse,-0.1,0,0
dormitory,-0.1,0,0
grassiness,-0.1,0,0
newsweek,-0.1,0,0
homogeneous,-0.1,0,0
slightly,-0.1,0,0
lamp,-0.1,0,0
prefer,-0.1,0,0
linearity,-0.1,0,0
ummm,-0.1,0,0
cohabit,-0.1,0,0
cheese,-0.1,0,0
spellcheck,-0.1,0,0
equalitarian,-0.1,0,0
fatty,-0.1,0,0
identifier,-0.1,0,0
biogenetic,-0.1,0,0
aesthetician,-0.1,0,0
handloom,-0.1,0,0
colonel,-0.1,0,0
bystander,-0.1,0,0
dilutor,-0.1,0,0
distinguishing,-0.1,0,0
requester,-0.1,0,0
terminus,-0.1,0,0
marinated,-0.1,0,0
patriotism,-0.1,0,0
upper,-0.1,0,0
crosswalk,-0.1,0,0
tote,-0.1,0,0
bitty,-0.1,0,0
appraisable,-0.1,0,0
broadness,-0.1,0,0
frittata,-0.1,0,0
metal,-0.1,0,0
caretaker,-0.1,0,0
rookie,-0.1,0,0
switchboard,-0.1,0,0
deferral,-0.1,0,0
midsummer,-0.1,0,0
occurrence,-0.1,0,0
poetics,-0.1,0,0
patcher,-0.1,0,0
gemini,-0.1,0,0
indexless,-0.1,0,0
marginal,-0.1,0,-1
stipulate,-0.1,0,0
ship,-0.1,0,0
tube,-0.1,0,0
understory,-0.1,0,0
lengthwise,-0.1,0,0
piggyback,-0.1,0,0
organisation,-0.1,0,0
standardized,-0.1,0,0
clergy,-0.1,0,0
ecclesiast,-0.1,0,0
nautically,-0.1,0,0
gossiper,-0.1,0,0
alltime,-0.1,0,0
beak,-0.1,0,0
stator,-0.1,0,0
rainproof,-0.1,0,0
lumberman,-0.1,0,0
educationally,-0.1,0,0
tailoring,-0.1,0,0
presubscription,-0.1,0,0
oriental,-0.1,0,0
yarn,-0.1,0,0
turtle,-0.1,0,0
rev,-0.1,0,0
cloth,-0.1,0,0
glaze,-0.1,0,0
send,-0.1,0,0
navigate,-0.1,0,0
singular,-0.1,0,0
orator,-0.1,0,0
wander,-0.1,0,0
rung,-0.1,0,0
tramp,-0.1,0,-1
neutralization,-0.1,0,0
unabbreviated,-0.1,0,0
irrefutable,-0.1,0,0
thinkable,-0.1,0,0
peck,-0.1,0,0
minicab,-0.1,0,0
anthem,-0.1,0,0
walkabout,-0.1,0,0
eraser,-0.1,0,0
porky,-0.1,0,0
default,-0.1,0,0
snack,-0.1,0,0
agilely,-0.1,0,0
antelope,-0.1,0,0
banking,-0.1,0,0
trek,-0.1,0,-1
mart,-0.1,0,0
allotment,-0.1,0,0
bookworm,-0.1,0,0
checker,-0.1,0,0
outgrow,-0.1,0,0
repertoire,-0.1,0,0
replica,-0.1,0,0
unreduced,-0.1,0,0
ask,-0.1,0,0
tray,-0.1,0,0
innkeeper,-0.1,0,0
discernible,-0.1,0,0
paraphernalia,-0.1,0,0
declarer,-0.1,0,0
constitute,-0.1,0,0
appendix,-0.1,0,0
aftertaste,-0.1,0,0
sponge,-0.1,0,0
turf,-0.1,0,0
spawn,-0.1,0,0
nomination,-0.1,0,0
coupled,-0.1,0,0
precut,-0.1,0,0
filmable,-0.1,0,0
relativism,-0.1,0,0
adroitness,-0.1,0,0
nose,-0.1,0,0
cycler,-0.1,0,0
medievalist,-0.1,0,0
elongate,-0.1,0,0
fowl,-0.1,0,0
lyrist,-0.1,0,0
minibar,-0.1,0,0
panhandle,-0.1,0,0
groundwork,-0.1,0,0
recording,-0.1,0,0
euphemism,-0.1,0,0
successor,-0.1,0,0
bone,-0.1,0,0
disposal,-0.1,0,0
unedited,-0.1,0,0
analysis,-0.1,0,0
undiminished,-0.1,0,0
nudge,-0.1,0,0
implicatively,-0.1,0,0
transverse,-0.1,0,0
clodhopping,-0.1,0,0
aspect,-0.1,0,0
interpolation,-0.1,0,0
mores,-0.1,0,0
oration,-0.1,0,0
originate,-0.1,0,0
defer,-0.1,0,0
totality,-0.1,0,0
aught,-0.1,0,0
sweep,-0.1,0,0
dualist,-0.1,0,0
stayed,-0.1,0,0
corker,-0.1,0,0
guacamole,-0.1,0,0
blackboard,-0.1,0,0
retold,-0.11,0,0
godparent,-0.11,0,0
reformer,-0.11,0,0
chloride,-0.11,0,0
spangled,-0.11,0,0
facile,-0.11,0,0
nape,-0.11,0,0
unofficial,-0.11,0,0
unpublished,-0.11,0,0
bowling,-0.11,0,0
synonymous,-0.11,0,0
marine,-0.11,0,0
moisturizer,-0.11,0,0
tunable,-0.11,0,0
guppy,-0.11,0,0
disaggregation,-0.11,0,0
flyable,-0.11,0,0
shrine,-0.11,0,0
minidisc,-0.11,0,0
godchild,-0.11,0,0
watchband,-0.11,0,0
unassailable,-0.11,0,0
roundness,-0.11,0,0
tryout,-0.11,0,-1
promo,-0.11,0,0
geriatric,-0.11,0,0
glass,-0.11,0,0
furl,-0.11,0,0
inoperativeness,-0.11,0,0
anomalous,-0.11,0,0
outlines,-0.11,0,0
scholar,-0.11,0,0
erodible,-0.11,0,0
origin,-0.11,0,0
burlap,-0.11,0,0
bade,-0.11,0,0
playmate,-0.11,0,0
caramel,-0.11,0,0
cornice,-0.11,0,0
syllabic,-0.11,0,0
slipcover,-0.11,0,0
prologue,-0.11,0,0
cask,-0.11,0,0
groundlessly,-0.11,0,0
etymology,-0.11,0,0
pedicurist,-0.11,0,0
feminine,-0.11,0,0
curve,-0.11,0,0
papoose,-0.11,0,0
beady,-0.11,0,0
ascender,-0.11,0,0
dexterous,-0.11,0,0
canvas,-0.11,0,0
pug,-0.11,0,0
tenant,-0.11,0,0
shyly,-0.11,0,-1
bot,-0.11,0,0
ferret,-0.11,0,0
annular,-0.11,0,0
quiche,-0.11,0,0
unimportant,-0.11,0,0
clayware,-0.11,0,0
printing,-0.11,0,0
boycott,-0.11,0,-1
croquet,-0.11,0,0
headmaster,-0.11,0,0
sister,-0.11,0,0
compatriotism,-0.11,0,0
headstream,-0.11,0,0
intellect,-0.11,0,0
unrepresented,-0.11,0,0
inbound,-0.11,0,0
philosophical,-0.11,0,0
nonofficial,-0.11,0,0
coexisting,-0.11,0,0
hit,-0.11,0,0
marbles,-0.11,0,0
participant,-0.11,0,0
jiff,-0.11,0,0
flourless,-0.11,0,0
filings,-0.11,0,0
documentarian,-0.11,0,0
phototherapy,-0.11,0,0
vineyard,-0.11,0,0
coffee,-0.11,0,0
assister,-0.11,0,0
waves,-0.11,0,0
dilution,-0.11,0,0
wicked,-0.11,0,1
solve,-0.11,0,0
space,-0.11,0,0
sheriff,-0.11,0,0
blackcurrant,-0.11,0,0
corn,-0.11,0,0
artiste,-0.11,0,0
agricultural,-0.11,0,0
awed,-0.11,0,-1
grill,-0.11,0,0
curtly,-0.11,0,0
unfading,-0.11,0,0
investigator,-0.11,0,0
agrarian,-0.11,0,0
loan,-0.11,0,0
lexicography,-0.11,0,0
perfumed,-0.11,0,0
speciality,-0.11,0,0
virgin,-0.11,0,0
newme,-0.11,0,0
outlearn,-0.11,0,0
signpost,-0.11,0,0
vega,-0.11,0,0
indisputably,-0.11,0,0
regalia,-0.11,0,0
visibly,-0.11,0,0
hone,-0.11,0,0
roe,-0.11,0,0
taxonomy,-0.11,0,0
euphemistically,-0.11,0,0
measured,-0.11,0,0
marathoner,-0.11,0,0
recoverability,-0.11,0,0
communicator,-0.11,0,0
fop,-0.11,0,0
clown,-0.11,0,0
wrist,-0.11,0,0
lamppost,-0.11,0,0
salty,-0.11,0,0
bro,-0.11,0,0
conference,-0.11,0,0
binoculars,-0.11,0,0
memo,-0.11,0,0
lite,-0.11,0,0
transcendentalism,-0.11,0,0
succinctly,-0.11,0,0
notably,-0.11,0,0
tenuous,-0.11,0,-1
undershirt,-0.11,0,0
broadcloth,-0.11,0,0
godmother,-0.11,0,0
dispersed,-0.11,0,0
nurse,-0.11,0,0
augmentation,-0.11,0,0
minutia,-0.11,0,0
deposit,-0.11,0,0
mould,-0.11,0,0
allegorically,-0.11,0,0
grapevine,-0.11,0,0
diphthong,-0.11,0,0
thirteenth,-0.11,0,0
nutritionist,-0.11,0,0
recall,-0.11,0,0
chatting,-0.11,0,0
construct,-0.11,0,0
ponderable,-0.11,0,0
clinician,-0.11,0,0
plasma,-0.11,0,0
licensed,-0.11,0,0
matching,-0.11,0,0
washday,-0.11,0,0
sky,-0.11,0,0
mandolin,-0.11,0,0
knowable,-0.11,0,0
aiding,-0.11,0,0
muslin,-0.11,0,0
distraction,-0.11,0,0
untrimmed,-0.11,0,0
dwarfishness,-0.11,0,0
contractile,-0.11,0,0
teapot,-0.11,0,0
footer,-0.11,0,0
landed,-0.11,0,0
whitish,-0.11,0,0
sure,-0.11,0,0
extricable,-0.11,0,0
nod,-0.11,0,0
extemporal,-0.11,0,0
insure,-0.11,0,0
iconographical,-0.11,0,0
liturgy,-0.11,0,0
adhesion,-0.11,0,0
canonic,-0.11,0,0
circulation,-0.11,0,0
casing,-0.11,0,0
chili,-0.11,0,0
finger,-0.11,0,0
joystick,-0.11,0,0
waterskiing,-0.11,0,0
amplitude,-0.11,0,0
quadrillionth,-0.11,0,0
driftage,-0.11,0,0
lard,-0.11,0,0
boilerplate,-0.11,0,0
assignee,-0.11,0,0
plaid,-0.11,0,0
lien,-0.11,0,0
arbitrate,-0.11,0,0
rubbing,-0.11,0,0
unmusical,-0.11,0,0
grinder,-0.11,0,0
blockhouse,-0.11,0,0
refortify,-0.11,0,0
religiously,-0.11,0,0
wistful,-0.11,0,0
primary,-0.11,0,0
valley,-0.11,0,0
foredeck,-0.11,0,0
reticently,-0.11,0,0
gentleman,-0.11,0,0
resistivity,-0.11,0,0
patent,-0.11,0,0
pyramidal,-0.11,0,0
departure,-0.11,0,0
takeout,-0.11,0,0
pike,-0.11,0,0
tooth,-0.11,0,0
kettle,-0.11,0,0
autograph,-0.11,0,0
fable,-0.11,0,0
handclap,-0.11,0,0
architecture,-0.11,0,0
crumply,-0.11,0,0
primer,-0.11,0,0
skate,-0.11,0,0
naturist,-0.11,0,0
tailor,-0.11,0,0
rustiness,-0.11,0,0
picked,-0.11,0,0
untold,-0.11,0,0
progeny,-0.11,0,0
globetrotter,-0.11,0,0
erectable,-0.11,0,0
semimonthly,-0.11,0,0
bickering,-0.11,0,-1
brainworker,-0.11,0,0
unimproved,-0.11,0,0
mesh,-0.11,0,0
consume,-0.11,0,0
shopping,-0.11,0,0
coursed,-0.11,0,0
tuberous,-0.11,0,0
rewash,-0.11,0,0
abutment,-0.11,0,0
play,-0.11,0,0
strongman,-0.11,0,0
pinecone,-0.11,0,0
formational,-0.11,0,0
forewarned,-0.11,0,-1
headwaiter,-0.11,0,0
cleanser,-0.11,0,0
crucifix,-0.11,0,0
complaisance,-0.11,0,0
straightly,-0.11,0,0
bluishness,-0.11,0,0
foundry,-0.11,0,0
lipid,-0.11,0,0
coverlet,-0.11,0,0
degree,-0.11,0,0
quantifiable,-0.11,0,0
excludable,-0.11,0,0
feebly,-0.11,0,1
theology,-0.11,0,0
chimp,-0.11,0,0
durableness,-0.11,0,0
accommodator,-0.11,0,0
rind,-0.11,0,0
chorizo,-0.11,0,0
derriere,-0.11,0,0
customer,-0.11,0,0
intelligent,-0.11,0,0
valance,-0.11,0,0
wisher,-0.11,0,0
sandiness,-0.11,0,0
thickness,-0.11,0,0
husk,-0.11,0,0
bioreactor,-0.11,0,0
consecutively,-0.11,0,0
citric,-0.11,0,0
ingrained,-0.11,0,0
seldom,-0.11,0,0
revise,-0.11,0,0
diadem,-0.11,0,0
interlude,-0.11,0,0
subplot,-0.11,0,0
touchup,-0.11,0,0
entitle,-0.11,0,0
conversable,-0.11,0,1
unanimously,-0.11,0,0
drat,-0.11,0,0
bishop,-0.11,0,0
stabilizer,-0.11,0,0
hog,-0.11,0,0
townhouse,-0.11,0,0
hole,-0.11,0,0
manual,-0.11,0,0
hopped,-0.11,0,0
inexpensiveness,-0.11,0,0
truffle,-0.11,0,0
nugget,-0.11,0,0
knapsack,-0.11,0,0
subbing,-0.11,0,0
adequately,-0.11,0,0
rubric,-0.11,0,0
hummer,-0.11,0,0
translucent,-0.11,0,0
wholesaler,-0.11,0,0
rate,-0.11,0,0
federal,-0.11,0,0
headphone,-0.11,0,0
restorer,-0.11,0,0
chalkboard,-0.11,0,0
applicability,-0.11,0,0
flashlight,-0.11,0,0
porridge,-0.11,0,0
disclosed,-0.11,0,0
equitable,-0.11,0,0
secretarial,-0.11,0,0
sometime,-0.11,0,0
acquirer,-0.11,0,0
reins,-0.11,0,0
used,-0.11,0,0
avenue,-0.11,0,0
grow,-0.11,0,0
motion,-0.11,0,0
intermediary,-0.11,0,0
door,-0.11,0,0
fairly,-0.11,0,0
hop,-0.11,0,0
automatic,-0.11,0,0
panderer,-0.11,0,-1
considerer,-0.11,0,0
promote,-0.11,0,0
christendom,-0.11,0,0
treatable,-0.11,0,0
prop,-0.11,0,0
valedictory,-0.11,0,0
brains,-0.11,0,0
abbreviation,-0.11,0,0
mango,-0.11,0,0
gatehouse,-0.11,0,0
continuous,-0.11,0,0
inquisitive,-0.11,0,0
inventively,-0.11,0,0
reciprocation,-0.11,0,0
jasper,-0.11,0,0
southeaster,-0.11,0,0
painter,-0.11,0,0
musical,-0.11,0,0
highly,-0.11,0,0
manger,-0.11,0,0
survey,-0.11,0,0
bowhead,-0.11,0,0
cattish,-0.11,0,0
unexpectedly,-0.11,0,0
fathom,-0.11,0,0
interweave,-0.11,0,0
ornamentally,-0.11,0,0
adviser,-0.11,0,0
proximate,-0.11,0,0
quintuplicate,-0.11,0,0
paring,-0.11,0,0
firemen,-0.11,0,0
proceed,-0.11,0,0
crystalline,-0.11,0,0
interpose,-0.11,0,0
student,-0.11,0,0
cultivate,-0.11,0,0
unanimous,-0.11,0,0
spousal,-0.11,0,0
demonstrativeness,-0.11,0,0
fluctuation,-0.11,0,0
objectless,-0.11,0,0
shipped,-0.11,0,0
canton,-0.11,0,0
ultrasound,-0.11,0,0
rhyme,-0.11,0,0
gob,-0.11,0,0
preference,-0.11,0,0
wink,-0.11,0,0
deflectable,-0.11,0,0
droll,-0.11,0,0
straighten,-0.11,0,0
recursion,-0.11,0,0
multiplex,-0.11,0,0
association,-0.11,0,0
treaty,-0.11,0,0
symbolize,-0.11,0,0
ottoman,-0.11,0,0
giftshop,-0.11,0,0
inheritor,-0.11,0,0
further,-0.11,0,0
tike,-0.11,0,0
optician,-0.11,0,0
teacup,-0.11,0,0
ballot,-0.11,0,0
variable,-0.11,0,0
incomprehensibleness,-0.11,0,0
taffy,-0.11,0,0
pare,-0.11,0,0
trending,-0.11,0,0
lungs,-0.11,0,0
tone,-0.11,0,0
homeopath,-0.11,0,0
direct,-0.11,0,0
calcite,-0.11,0,0
interchangeableness,-0.11,0,0
county,-0.11,0,0
mound,-0.11,0,0
voicemail,-0.11,0,0
panchromatic,-0.11,0,0
unbind,-0.11,0,0
poetically,-0.11,0,0
unaffiliated,-0.11,0,0
wholemeal,-0.11,0,0
anointed,-0.11,0,0
falafel,-0.11,0,0
perceiver,-0.11,0,0
thus,-0.11,0,0
ibuprofen,-0.11,0,0
journeyer,-0.11,0,0
undeservedly,-0.11,0,0
artist,-0.11,0,0
economist,-0.11,0,0
foundation,-0.11,0,0
toilette,-0.11,0,0
redeemably,-0.11,0,0
reappearance,-0.11,0,0
implied,-0.11,0,0
recognized,-0.11,0,0
materially,-0.11,0,0
serve,-0.11,0,0
incubation,-0.11,0,0
cardboard,-0.11,0,0
corporeal,-0.11,0,0
unprocessed,-0.11,0,0
unlined,-0.11,0,0
fairway,-0.11,0,0
municipality,-0.11,0,0
instill,-0.11,0,0
foody,-0.11,0,0
stick,-0.11,0,0
arguably,-0.11,0,0
radius,-0.11,0,0
entire,-0.11,0,0
quest,-0.11,0,0
transcribe,-0.11,0,0
unimpressionable,-0.11,0,0
countable,-0.11,0,0
legality,-0.11,0,0
quotient,-0.11,0,0
uncrushed,-0.11,0,0
extraprofessional,-0.11,0,0
proprietress,-0.11,0,0
medal,-0.11,0,0
provisional,-0.11,0,0
condone,-0.11,0,0
contrasted,-0.11,0,0
miraculously,-0.11,0,1
multivitamin,-0.11,0,0
publish,-0.11,0,0
anklebone,-0.11,0,0
plat,-0.11,0,0
compellable,-0.11,0,0
hash,-0.11,0,0
supermarket,-0.11,0,0
alterable,-0.11,0,0
ornithological,-0.11,0,0
basin,-0.11,0,0
bagel,-0.11,0,0
varnish,-0.11,0,0
million,-0.11,0,0
broth,-0.11,0,0
surroundings,-0.11,0,0
public,-0.11,0,0
subsistence,-0.11,0,0
obliviousness,-0.11,0,0
lapel,-0.11,0,0
viable,-0.11,0,0
scintillating,-0.11,0,0
salamander,-0.11,0,0
headpiece,-0.11,0,0
herewith,-0.11,0,0
wearing,-0.11,0,0
convergent,-0.11,0,0
conventionality,-0.11,0,0
crust,-0.11,0,0
simulation,-0.11,0,0
trig,-0.11,0,0
slope,-0.11,0,0
craftswoman,-0.11,0,0
bassist,-0.11,0,0
chronogram,-0.11,0,0
spain,-0.11,0,0
kennel,-0.11,0,0
incorruptibleness,-0.11,0,0
teflon,-0.11,0,0
resize,-0.11,0,0
distinctive,-0.11,0,0
workfellow,-0.11,0,0
gray,-0.11,0,0
goldfinch,-0.11,0,0
retrospect,-0.11,0,0
earshot,-0.11,0,0
symbol,-0.11,0,0
flatscreen,-0.11,0,0
synergy,-0.11,0,0
occurred,-0.11,0,0
perceivable,-0.11,0,0
lightproof,-0.11,0,0
countermove,-0.11,0,0
mustached,-0.11,0,0
calcareous,-0.11,0,0
manatee,-0.11,0,0
softening,-0.11,0,1
arose,-0.11,0,0
monogrammed,-0.12,0,0
lucent,-0.12,0,0
pinhole,-0.12,0,0
aspirator,-0.12,0,0
broke,-0.12,0,0
fatherly,-0.12,0,1
secondly,-0.12,0,0
pattern,-0.12,0,0
predefinition,-0.12,0,0
delivery,-0.12,0,0
practice,-0.12,0,0
intangibleness,-0.12,0,0
paste,-0.12,0,0
crinkle,-0.12,0,0
tending,-0.12,0,0
supernaturalism,-0.12,0,0
determinant,-0.12,0,0
asymptotic,-0.12,0,0
platoon,-0.12,0,0
twine,-0.12,0,0
bemused,-0.12,0,0
ribcage,-0.12,0,0
shed,-0.12,0,0
correspondence,-0.12,0,0
gusset,-0.12,0,0
substantial,-0.12,0,0
outstretched,-0.12,0,-1
unobtrusively,-0.12,0,1
intermission,-0.12,0,0
wieldy,-0.12,0,0
holster,-0.12,0,0
born,-0.12,0,0
heliotherapy,-0.12,0,0
streaky,-0.12,0,0
effusion,-0.12,0,0
scrupulously,-0.12,0,-1
bendy,-0.12,0,0
lime,-0.12,0,0
tetrachloride,-0.12,0,0
foresightedness,-0.12,0,0
naturalized,-0.12,0,0
respondent,-0.12,0,0
outset,-0.12,0,0
reductionism,-0.12,0,0
stile,-0.12,0,0
waive,-0.12,0,0
assembly,-0.12,0,0
fisherman,-0.12,0,0
swordswoman,-0.12,0,0
processional,-0.12,0,0
hombres,-0.12,0,0
enrobe,-0.12,0,0
translucency,-0.12,0,0
obtainer,-0.12,0,0
smelling,-0.12,0,0
acetic,-0.12,0,0
programme,-0.12,0,0
lyre,-0.12,0,0
incontrovertibly,-0.12,0,0
environ,-0.12,0,0
barometer,-0.12,0,0
stairs,-0.12,0,0
tributary,-0.12,0,0
periscope,-0.12,0,0
curator,-0.12,0,0
lithography,-0.12,0,0
rerun,-0.12,0,0
mechanical,-0.12,0,0
brawny,-0.12,0,0
marzipan,-0.12,0,0
ranking,-0.12,0,0
connect,-0.12,0,0
rags,-0.12,0,0
chaff,-0.12,0,0
positivist,-0.12,0,0
convent,-0.12,0,0
periodic,-0.12,0,0
colorless,-0.12,0,0
frontman,-0.12,0,0
ensemble,-0.12,0,0
kingship,-0.12,0,0
synchronized,-0.12,0,0
openhanded,-0.12,0,0
habitation,-0.12,0,0
outdrink,-0.12,0,0
gloved,-0.12,0,0
believer,-0.12,0,0
polyrhythmic,-0.12,0,0
flannel,-0.12,0,0
device,-0.12,0,0
absent,-0.12,0,0
gauche,-0.12,0,0
apostolic,-0.12,0,0
leg,-0.12,0,0
garter,-0.12,0,0
seals,-0.12,0,0
honorableness,-0.12,0,0
peachy,-0.12,0,0
mundane,-0.12,0,0
reflex,-0.12,0,0
flashback,-0.12,0,-1
strongly,-0.12,0,0
sprout,-0.12,0,0
mender,-0.12,0,0
nutritional,-0.12,0,0
devotedly,-0.12,0,0
unessential,-0.12,0,0
fortnight,-0.12,0,0
usefulness,-0.12,0,-1
define,-0.12,0,0
deglaze,-0.12,0,0
unromantic,-0.12,0,0
clause,-0.12,0,0
estimated,-0.12,0,0
sandbar,-0.12,0,0
unopened,-0.12,0,0
obtainable,-0.12,0,-1
undoubted,-0.12,0,0
eminency,-0.12,0,0
fetch,-0.12,0,0
acquitter,-0.12,0,0
flush,-0.12,0,0
agedness,-0.12,0,1
outfall,-0.12,0,0
barnyard,-0.12,0,0
unclip,-0.12,0,0
servable,-0.12,0,0
squinty,-0.12,0,-1
psalm,-0.12,0,0
dotted,-0.12,0,0
cosmetics,-0.12,0,0
rumpus,-0.12,0,0
itemize,-0.12,0,0
uninspiring,-0.12,0,0
hitting,-0.12,0,1
creek,-0.12,0,0
semisolid,-0.12,0,0
hyperbole,-0.12,0,0
librarianship,-0.12,0,0
glowworm,-0.12,0,0
minneapolis,-0.12,0,0
embodiment,-0.12,0,0
squelch,-0.12,0,0
carving,-0.12,0,0
pothouse,-0.12,0,0
monochrome,-0.12,0,0
isomer,-0.12,0,0
undershorts,-0.12,0,0
digest,-0.12,0,0
sod,-0.12,0,0
snow,-0.12,0,0
scintillation,-0.12,0,0
boyhood,-0.12,0,0
superintendant,-0.12,0,0
sonata,-0.12,0,0
mimicker,-0.12,0,0
homoeopathic,-0.12,0,0
epic,-0.12,0,0
legitimacy,-0.12,0,0
research,-0.12,0,0
communicably,-0.12,0,0
symmetry,-0.12,0,0
accompanier,-0.12,0,0
dissimilarly,-0.12,0,0
dice,-0.12,0,0
masterwork,-0.12,0,0
supergiant,-0.12,0,0
ace,-0.12,0,0
herr,-0.12,0,0
dispassionate,-0.12,0,0
interchangeably,-0.12,0,0
intellectually,-0.12,0,0
plutocrat,-0.12,0,0
imperially,-0.12,0,0
handwork,-0.12,0,0
igloo,-0.12,0,0
proportionally,-0.12,0,0
whither,-0.12,0,0
immediateness,-0.12,0,0
tartly,-0.12,0,-1
unread,-0.12,0,0
humanities,-0.12,0,0
repayable,-0.12,0,0
assessor,-0.12,0,0
headstone,-0.12,0,0
encampment,-0.12,0,0
longhouse,-0.12,0,0
dichromatic,-0.12,0,0
ornamented,-0.12,0,0
effigy,-0.12,0,0
sulphur,-0.12,0,0
girlie,-0.12,0,0
sprayer,-0.12,0,0
grandparental,-0.12,0,0
creatine,-0.12,0,0
nada,-0.12,0,0
stalwartly,-0.12,0,0
daddy,-0.12,0,0
goodly,-0.12,0,-1
fastener,-0.12,0,0
accommodative,-0.12,0,0
sensei,-0.12,0,0
seadog,-0.12,0,0
luxuriance,-0.12,0,0
abstinently,-0.12,0,0
pillar,-0.12,0,0
theologian,-0.12,0,0
standing,-0.12,0,0
eyelid,-0.12,0,0
slide,-0.12,0,0
bountifulness,-0.12,0,-1
thinking,-0.12,0,0
formulate,-0.12,0,0
congruent,-0.12,0,0
reproductive,-0.12,0,0
island,-0.12,0,0
diminish,-0.12,0,-1
thirtyish,-0.12,0,0
fraternizer,-0.12,0,0
northern,-0.12,0,0
checkout,-0.12,0,0
diagnostician,-0.12,0,0
bucket,-0.12,0,0
fiction,-0.12,0,0
aeronaut,-0.12,0,0
embark,-0.12,0,1
devotee,-0.12,0,0
collegiate,-0.12,0,0
reenlistment,-0.12,0,0
crater,-0.12,0,0
auctioneer,-0.12,0,0
ascertain,-0.12,0,0
handout,-0.12,0,0
salutary,-0.12,0,0
oak,-0.12,0,0
trellis,-0.12,0,0
synchronically,-0.12,0,0
apprentice,-0.12,0,0
nowadays,-0.12,0,0
fameless,-0.12,0,0
communalize,-0.12,0,0
on,-0.12,0,0
impish,-0.12,0,-1
quotes,-0.12,0,0
divertible,-0.12,0,0
grey,-0.12,0,0
bequest,-0.12,0,0
causality,-0.12,0,0
versatile,-0.12,0,0
resonate,-0.12,0,0
candid,-0.12,0,0
unsowed,-0.12,0,0
provincial,-0.12,0,0
icicle,-0.12,0,0
plump,-0.12,0,0
hinderer,-0.12,0,0
reinsure,-0.12,0,0
tummy,-0.12,0,0
routine,-0.12,0,0
vindicate,-0.12,0,0
hither,-0.12,0,0
absinthe,-0.12,0,0
backer,-0.12,0,0
retroaction,-0.12,0,0
atrium,-0.12,0,0
reemerge,-0.12,0,0
cardamom,-0.12,0,0
deduct,-0.12,0,0
journeyman,-0.12,0,0
indestructibleness,-0.12,0,0
cuckoo,-0.12,0,0
multimedia,-0.12,0,0
truehearted,-0.12,0,0
technician,-0.12,0,0
tangibility,-0.12,0,0
cosmetology,-0.12,0,0
crate,-0.12,0,0
root,-0.12,0,0
computation,-0.12,0,0
grouping,-0.12,0,0
sanitarian,-0.12,0,0
filter,-0.12,0,0
fondness,-0.12,0,-1
resident,-0.12,0,0
proper,-0.12,0,0
basilica,-0.12,0,0
dotty,-0.12,0,0
embossment,-0.12,0,0
gelding,-0.12,0,0
aseptic,-0.12,0,0
deputy,-0.12,0,0
tabled,-0.12,0,0
semiconscious,-0.12,0,0
costume,-0.12,0,0
clearly,-0.12,0,0
elderflower,-0.12,0,0
stitchery,-0.12,0,0
stogie,-0.12,0,0
teahouse,-0.12,0,0
spouse,-0.12,0,0
spooler,-0.12,0,0
compliantly,-0.12,0,0
finalism,-0.12,0,0
landscaper,-0.12,0,0
balconied,-0.12,0,0
unaligned,-0.12,0,0
audibly,-0.12,0,0
path,-0.12,0,0
inlet,-0.12,0,0
agape,-0.12,0,0
confirmable,-0.12,0,0
daintiness,-0.12,0,1
dovetail,-0.12,0,0
breve,-0.12,0,0
cadence,-0.12,0,0
lovebite,-0.12,0,0
calculated,-0.12,0,0
periwinkle,-0.12,0,0
stationer,-0.12,0,0
gloveless,-0.12,0,0
salespeople,-0.12,0,0
affirmatively,-0.12,0,0
grouch,-0.12,0,0
juridical,-0.12,0,0
expire,-0.12,0,0
almanac,-0.12,0,0
telling,-0.12,0,0
inquire,-0.12,0,0
bonbon,-0.12,0,0
luckily,-0.12,0,0
sale,-0.12,0,0
furry,-0.12,0,0
oat,-0.12,0,0
small,-0.12,0,0
lawfulness,-0.12,0,0
poke,-0.12,0,0
violin,-0.12,0,0
princedom,-0.12,0,0
terminal,-0.12,0,0
medallist,-0.12,0,0
upslope,-0.12,0,0
kiss,-0.12,0,0
mentor,-0.12,0,0
quaint,-0.12,0,0
affordability,-0.12,0,0
inky,-0.12,0,0
formless,-0.12,0,0
catching,-0.12,0,0
chords,-0.12,0,0
foxhound,-0.12,0,0
headquarters,-0.12,0,0
victoria,-0.12,0,0
dignify,-0.12,0,0
populous,-0.12,0,0
rectitude,-0.12,0,0
intercommunity,-0.12,0,0
fertilize,-0.12,0,0
namesake,-0.12,0,0
scriptural,-0.12,0,0
unsung,-0.12,0,0
suitable,-0.12,0,0
foam,-0.12,0,0
casserole,-0.12,0,0
anklet,-0.12,0,0
fountain,-0.12,0,0
opportunity,-0.12,0,0
rhapsodist,-0.12,0,0
ancillary,-0.12,0,0
discernibly,-0.12,0,0
stance,-0.12,0,0
kyoto,-0.12,0,0
unmarried,-0.12,0,0
reliability,-0.12,0,0
navigability,-0.12,0,0
license,-0.12,0,0
definer,-0.12,0,0
presidential,-0.12,0,0
astute,-0.12,0,0
bisque,-0.12,0,0
repair,-0.12,0,0
knifeboard,-0.12,0,0
dub,-0.12,0,0
slab,-0.12,0,0
leftish,-0.12,0,0
tall,-0.12,0,0
emanation,-0.12,0,0
undrawn,-0.12,0,0
sieve,-0.12,0,0
crone,-0.12,0,0
anthropological,-0.12,0,0
sociopolitical,-0.12,0,0
localize,-0.12,0,0
calamari,-0.12,0,0
mythical,-0.12,0,0
seminar,-0.12,0,0
village,-0.12,0,0
pot,-0.12,0,0
quasi,-0.12,0,0
commode,-0.12,0,0
liquor,-0.12,0,-1
unattended,-0.12,0,-1
climate,-0.12,0,0
defray,-0.12,0,0
weary,-0.12,0,1
connector,-0.12,0,0
leafy,-0.12,0,0
gumdrop,-0.12,0,0
master,-0.12,0,0
devoid,-0.12,0,0
paleontologist,-0.12,0,0
authorship,-0.12,0,0
listing,-0.12,0,0
selflessly,-0.12,0,0
hub,-0.12,0,0
tree,-0.12,0,0
choral,-0.12,0,0
onlooker,-0.12,0,0
absorbency,-0.12,0,0
implicit,-0.12,0,0
responsible,-0.12,0,0
poll,-0.12,0,0
scintillate,-0.12,0,0
grandchild,-0.12,0,0
posterity,-0.12,0,0
undulation,-0.12,0,0
chatty,-0.12,0,-1
wallet,-0.12,0,0
cinematography,-0.12,0,0
upping,-0.12,0,0
respiration,-0.12,0,0
fork,-0.12,0,0
representatively,-0.12,0,0
foliage,-0.12,0,0
finned,-0.12,0,0
relics,-0.12,0,0
unfaithfully,-0.12,0,-1
inextensibility,-0.12,0,0
nonsmoking,-0.12,0,0
childhood,-0.12,0,0
sprinkled,-0.12,0,0
enable,-0.12,0,0
sartorial,-0.12,0,0
carry,-0.12,0,0
couch,-0.12,0,0
audiometric,-0.12,0,0
guestlist,-0.12,0,0
timber,-0.12,0,0
gum,-0.12,0,0
finite,-0.12,0,0
arrester,-0.12,0,0
tunefulness,-0.12,0,0
marquee,-0.12,0,0
touch,-0.12,0,0
assistant,-0.12,0,0
deserver,-0.12,0,0
adjunct,-0.12,0,0
unbundled,-0.12,0,0
sunstone,-0.12,0,0
bobbed,-0.12,0,0
extendable,-0.12,0,0
elixir,-0.12,0,0
eyeglasses,-0.12,0,0
songfest,-0.12,0,0
sled,-0.12,0,0
stockkeeper,-0.12,0,0
memorable,-0.12,0,0
asterisk,-0.12,0,0
recycling,-0.12,0,0
tamperproof,-0.12,0,0
existentialist,-0.12,0,0
tilting,-0.13,0,0
ascent,-0.13,0,0
barn,-0.13,0,0
reinterpret,-0.14,0,0
pasty,-0.14,0,0
addendum,-0.14,0,0
pause,-0.14,0,0
neoprene,-0.14,0,0
develop,-0.14,0,0
advisability,-0.14,0,0
bloodlessly,-0.14,0,0
sink,-0.14,0,0
doubleheader,-0.14,0,0
governable,-0.14,0,0
effervescency,-0.14,0,0
exemption,-0.14,0,0
plum,-0.14,0,0
monologue,-0.14,0,0
navigable,-0.14,0,0
elapse,-0.14,0,0
tanning,-0.14,0,-1
gradualism,-0.14,0,0
homogenous,-0.14,0,0
otherworldly,-0.14,0,0
admissibly,-0.14,0,0
mend,-0.14,0,0
authorization,-0.14,0,0
authority,-0.14,0,0
lingual,-0.14,0,0
oodles,-0.14,0,0
pastiness,-0.14,0,0
consciously,-0.14,0,0
scenario,-0.14,0,0
hydraulic,-0.14,0,0
inquiries,-0.14,0,0
underweight,-0.14,0,-1
drillhole,-0.14,0,0
unoffending,-0.14,0,0
perfecto,-0.14,0,0
electroencephalograph,-0.14,0,0
recapitulation,-0.14,0,0
inhale,-0.14,0,0
uninflected,-0.14,0,0
outstanding,-0.14,0,0
punchbowl,-0.14,0,0
babes,-0.14,0,0
kiddos,-0.14,0,0
reacquaint,-0.14,0,0
spearfish,-0.14,0,0
accurateness,-0.14,0,0
nonfinancial,-0.14,0,0
popularized,-0.14,0,0
pose,-0.14,0,0
efface,-0.14,0,0
heartedness,-0.14,0,0
gemstone,-0.14,0,0
chorus,-0.14,0,0
cane,-0.14,0,0
hardcopy,-0.14,0,0
luminescence,-0.14,0,0
vender,-0.14,0,0
ciao,-0.14,0,0
meteorological,-0.14,0,0
deputize,-0.14,0,0
antidote,-0.14,0,0
unobligated,-0.14,0,0
fogey,-0.14,0,0
align,-0.14,0,0
onyx,-0.14,0,0
cynic,-0.14,0,1
bearskin,-0.14,0,0
ecologically,-0.14,0,0
dimpled,-0.14,0,0
undergarment,-0.14,0,0
sculpt,-0.14,0,0
sunburst,-0.14,0,0
bronzer,-0.14,0,0
whisperer,-0.14,0,0
fluidly,-0.14,0,0
rentability,-0.14,0,0
veggie,-0.14,0,0
crescent,-0.14,0,0
sternly,-0.14,0,-1
chiffon,-0.14,0,0
hose,-0.14,0,0
ribbing,-0.14,0,0
tachometer,-0.14,0,0
applicative,-0.14,0,0
relation,-0.14,0,0
receptionist,-0.14,0,0
conjuror,-0.14,0,0
mainlander,-0.14,0,0
noticed,-0.14,0,0
cohesion,-0.14,0,0
unscrambled,-0.14,0,0
compatibility,-0.14,0,-1
illustriousness,-0.14,0,0
aerial,-0.14,0,0
omnipotence,-0.14,0,0
haymaking,-0.14,0,0
comp,-0.14,0,0
ditty,-0.14,0,0
mingle,-0.14,0,0
stubbiness,-0.14,0,0
advocatory,-0.14,0,0
aeration,-0.14,0,0
matronage,-0.14,0,0
dishwashing,-0.14,0,0
thermograph,-0.14,0,0
crib,-0.14,0,0
restring,-0.14,0,0
pale,-0.14,0,-1
mindfully,-0.14,0,0
hundred,-0.14,0,0
obliviously,-0.14,0,0
creditably,-0.14,0,0
baby,-0.14,0,0
dismantle,-0.14,0,0
luscious,-0.14,0,1
tortilla,-0.14,0,0
ethnographically,-0.14,0,0
suite,-0.14,0,0
overgrown,-0.14,0,0
atelier,-0.14,0,0
standard,-0.14,0,0
righteousness,-0.14,0,0
actual,-0.14,0,0
chuck,-0.14,0,0
mutualism,-0.14,0,0
fortuned,-0.14,0,0
glorified,-0.14,0,-1
saturday,-0.14,0,0
crudely,-0.14,0,0
clothier,-0.14,0,0
hoppy,-0.14,0,0
preteen,-0.14,0,0
florally,-0.14,0,0
shamelessly,-0.14,0,0
accustomed,-0.14,0,0
summerlike,-0.14,0,-1
counterword,-0.14,0,0
undistributed,-0.14,0,0
enthusiast,-0.14,0,0
climatically,-0.14,0,0
sole,-0.14,0,0
imperial,-0.14,0,0
readability,-0.14,0,0
polltaker,-0.14,0,0
sailor,-0.14,0,0
boardwalk,-0.14,0,0
weekender,-0.14,0,0
environs,-0.14,0,0
sugarless,-0.14,0,0
arboretum,-0.14,0,0
hypermarket,-0.14,0,0
exhaustively,-0.14,0,0
subjectivism,-0.14,0,0
ampleness,-0.14,0,0
dustiness,-0.14,0,1
speechlessly,-0.14,0,0
save,-0.14,0,0
unsearched,-0.14,0,0
sew,-0.14,0,0
absorbedness,-0.14,0,0
dumdum,-0.14,0,0
providence,-0.14,0,0
pubescent,-0.14,0,0
conserver,-0.14,0,0
intermediateness,-0.14,0,0
deepness,-0.14,0,0
disused,-0.14,0,0
palliative,-0.14,0,0
finalized,-0.14,0,0
arcade,-0.14,0,0
comprise,-0.14,0,0
dwelt,-0.14,0,0
groceries,-0.14,0,0
insole,-0.14,0,0
warbler,-0.14,0,0
benchmark,-0.14,0,0
tater,-0.14,0,0
tunic,-0.14,0,0
carve,-0.14,0,0
nix,-0.14,0,0
associable,-0.14,0,0
amaretto,-0.14,0,0
condom,-0.14,0,0
flakily,-0.14,0,0
upstage,-0.14,0,0
monarchical,-0.14,0,0
pentameter,-0.14,0,0
glittering,-0.14,0,-1
teaspoon,-0.14,0,0
groundsheet,-0.14,0,0
stead,-0.14,0,0
shall,-0.14,0,0
longhorn,-0.14,0,0
chicks,-0.14,0,0
parishioner,-0.14,0,0
unfetter,-0.14,0,0
possession,-0.14,0,0
currant,-0.14,0,0
spirits,-0.14,0,0
cathouse,-0.14,0,0
maidenly,-0.14,0,0
inestimable,-0.14,0,0
mountainous,-0.14,0,0
undiversified,-0.14,0,0
cleanse,-0.14,0,0
publicly,-0.14,0,0
nativist,-0.14,0,0
turntable,-0.14,0,0
unnoticed,-0.14,0,0
senor,-0.14,0,0
rudiment,-0.14,0,0
nacho,-0.14,0,0
remembering,-0.14,0,0
detachedly,-0.14,0,0
applauder,-0.14,0,0
humanist,-0.14,0,0
grove,-0.14,0,0
mainsheet,-0.14,0,0
personally,-0.14,0,0
blondeness,-0.14,0,0
solvability,-0.14,0,0
restrictedly,-0.14,0,0
unremarked,-0.14,0,0
snowday,-0.14,0,0
commanding,-0.14,0,0
dehumidifier,-0.14,0,0
powerbroker,-0.14,0,0
defender,-0.14,0,0
bendable,-0.14,0,0
updraft,-0.14,0,0
implies,-0.14,0,0
interesting,-0.14,0,0
interlace,-0.14,0,0
stingless,-0.14,0,0
evolutionally,-0.14,0,0
behind,-0.14,0,0
concentrate,-0.14,0,0
burrow,-0.14,0,0
washbasin,-0.14,0,0
antler,-0.14,0,0
shack,-0.14,0,0
gemlike,-0.14,0,0
cavalcade,-0.14,0,0
capped,-0.14,0,0
senses,-0.14,0,0
peyote,-0.14,0,0
leniently,-0.14,0,0
micrographic,-0.14,0,0
orderable,-0.14,0,0
internality,-0.14,0,0
inclusion,-0.14,0,0
petals,-0.14,0,0
ripple,-0.14,0,0
resumption,-0.14,0,0
legitimize,-0.14,0,0
employability,-0.14,0,-1
maintenance,-0.14,0,0
collapsible,-0.14,0,0
peninsula,-0.14,0,0
initiation,-0.14,0,0
spectacular,-0.14,0,1
original,-0.14,0,0
elaborately,-0.14,0,0
collarless,-0.14,0,0
veganism,-0.14,0,0
urination,-0.14,0,0
cloud,-0.14,0,0
evolutionism,-0.14,0,0
rechargeable,-0.14,0,0
intersession,-0.14,0,0
imitative,-0.14,0,0
improvable,-0.14,0,0
crownwork,-0.14,0,0
bellman,-0.14,0,0
repetitively,-0.14,0,0
invaluable,-0.14,0,0
inkling,-0.14,0,0
sands,-0.14,0,0
launcher,-0.14,0,0
solvency,-0.14,0,0
fixture,-0.14,0,0
terrestrially,-0.14,0,0
moot,-0.14,0,0
prefrontal,-0.14,0,0
buss,-0.14,0,0
shrug,-0.14,0,0
abstractedly,-0.14,0,0
opinionated,-0.14,0,-1
featheriness,-0.14,0,0
soundman,-0.14,0,0
pastille,-0.14,0,0
dullard,-0.14,0,0
folky,-0.14,0,0
saliently,-0.14,0,0
habitability,-0.14,0,0
watchman,-0.14,0,0
disinclination,-0.14,0,0
compellation,-0.14,0,0
grilled,-0.14,0,0
archeology,-0.14,0,0
custodial,-0.14,0,0
unofficially,-0.14,0,0
reawaken,-0.14,0,0
comedian,-0.14,0,0
britches,-0.14,0,0
curably,-0.14,0,0
eatery,-0.14,0,0
ladyship,-0.14,0,0
achieve,-0.14,0,0
protection,-0.14,0,-1
porpoise,-0.14,0,0
anthropologically,-0.14,0,0
superabundantly,-0.14,0,0
bagpipes,-0.14,0,0
nonuse,-0.14,0,0
indivisibility,-0.14,0,0
enliven,-0.14,0,0
pinker,-0.14,0,0
balanced,-0.14,0,0
mulch,-0.14,0,0
grandbaby,-0.14,0,0
underling,-0.14,0,0
undrape,-0.14,0,0
retrogressively,-0.14,0,0
nutritionally,-0.14,0,0
shebang,-0.14,0,0
rightfulness,-0.14,0,0
patriot,-0.14,0,0
rapscallion,-0.14,0,0
peer,-0.14,0,0
transceiver,-0.14,0,0
visually,-0.14,0,0
emerald,-0.14,0,0
postnuptial,-0.14,0,0
assorted,-0.14,0,0
handrail,-0.14,0,0
virginity,-0.14,0,0
unisexual,-0.14,0,0
forefather,-0.14,0,0
conventional,-0.14,0,0
cracker,-0.14,0,0
reintroduce,-0.14,0,0
patchwork,-0.14,0,0
kingpin,-0.14,0,0
enclave,-0.14,0,0
homebrew,-0.14,0,0
sociologist,-0.14,0,0
extricated,-0.14,0,0
morrow,-0.14,0,0
hardily,-0.14,0,0
retrospective,-0.14,0,0
footpath,-0.14,0,0
habilitate,-0.14,0,0
concentrative,-0.14,0,0
clan,-0.14,0,0
endorsable,-0.14,0,0
decor,-0.14,0,0
clog,-0.14,0,1
nonmilitary,-0.14,0,0
hummable,-0.14,0,0
weli,-0.14,0,0
alcove,-0.14,0,0
unmistakable,-0.14,0,0
downstairs,-0.14,0,0
dabbler,-0.14,0,0
magic,-0.14,0,0
realise,-0.14,0,0
gesundheit,-0.14,0,0
eyewear,-0.14,0,0
cabinetmaking,-0.14,0,0
expedience,-0.14,0,0
edgewise,-0.14,0,0
armory,-0.14,0,0
hermitic,-0.14,0,0
woolen,-0.14,0,0
foundling,-0.14,0,0
walnut,-0.14,0,0
aboard,-0.14,0,0
roommate,-0.14,0,0
undeclared,-0.14,0,0
cashback,-0.14,0,0
denominationalist,-0.14,0,0
regale,-0.14,0,0
vividity,-0.14,0,0
odyssey,-0.14,0,0
backslap,-0.14,0,0
rectifiable,-0.14,0,0
ebb,-0.14,0,0
introspection,-0.14,0,0
spare,-0.14,0,0
unassociated,-0.14,0,0
respire,-0.14,0,0
pink,-0.14,0,0
paperboy,-0.14,0,0
hen,-0.14,0,0
sunlamp,-0.14,0,0
functionality,-0.14,0,0
shell,-0.14,0,0
sentence,-0.14,0,0
luckiness,-0.15,0,1
olfaction,-0.15,0,0
guestroom,-0.15,0,0
duchess,-0.15,0,0
connectable,-0.15,0,0
ham,-0.15,0,0
lattermost,-0.15,0,0
agency,-0.15,0,0
redemption,-0.15,0,1
conclusively,-0.15,0,0
escapable,-0.15,0,0
stewpot,-0.15,0,0
duckweed,-0.15,0,0
fundable,-0.15,0,0
hubby,-0.15,0,0
bard,-0.15,0,0
crepe,-0.15,0,0
informatively,-0.15,0,0
neonatal,-0.15,0,0
switchback,-0.15,0,0
brim,-0.15,0,0
distillable,-0.15,0,0
footlocker,-0.15,0,0
servicer,-0.15,0,0
pint,-0.15,0,0
mustang,-0.15,0,0
propriety,-0.15,0,0
overstock,-0.16,0,0
vanilla,-0.16,0,0
maritime,-0.16,0,0
overhead,-0.16,0,0
tuck,-0.16,0,0
softwood,-0.17,0,0
roamer,-0.17,0,0
venison,-0.17,0,0
shorter,-0.17,0,0
owlishly,-0.17,0,0
insensitiveness,-0.17,0,0
tropically,-0.17,0,0
sallow,-0.17,0,0
nationalist,-0.17,0,0
buddhism,-0.17,0,0
ignorer,-0.17,0,0
maverick,-0.17,0,0
iconoclastically,-0.17,0,0
sightseeing,-0.17,0,0
sinus,-0.17,0,0
oxbow,-0.17,0,0
done,-0.17,0,0
recoat,-0.17,0,0
sideward,-0.17,0,0
multifactor,-0.17,0,0
requisitely,-0.17,0,0
recyclable,-0.17,0,0
advantageousness,-0.17,0,0
macaw,-0.17,0,0
touristy,-0.17,0,0
route,-0.17,0,0
potbelly,-0.17,0,0
enjoyer,-0.17,0,0
clapping,-0.17,0,0
tetrahedral,-0.17,0,0
uncategorized,-0.17,0,0
aftershave,-0.17,0,0
ramrod,-0.17,0,0
cunningness,-0.17,0,0
siblings,-0.17,0,0
elongated,-0.17,0,0
cleanup,-0.17,0,0
unparticular,-0.17,0,0
idolizer,-0.17,0,0
ramekin,-0.17,0,0
vitalism,-0.17,0,0
lately,-0.17,0,0
upstand,-0.17,0,0
sonorous,-0.17,0,0
hallo,-0.17,0,0
weeds,-0.17,0,0
stays,-0.17,0,0
chipboard,-0.17,0,0
genially,-0.17,0,0
mudpack,-0.17,0,0
conch,-0.17,0,0
foreknowledge,-0.17,0,0
folksy,-0.17,0,0
goodwife,-0.17,0,0
halfback,-0.17,0,0
forelock,-0.17,0,0
vroom,-0.17,0,0
scrumptiousness,-0.17,0,0
discretionally,-0.17,0,0
hygiene,-0.17,0,0
fairy,-0.17,0,0
blubber,-0.17,0,1
verandah,-0.17,0,0
determine,-0.17,0,0
exclusionary,-0.17,0,0
anesthetically,-0.17,0,0
serviceably,-0.17,0,0
yuk,-0.17,0,0
sea,-0.17,0,0
compromiser,-0.17,0,0
irreproachableness,-0.17,0,0
positivism,-0.17,0,0
perceptional,-0.17,0,0
cartographer,-0.17,0,0
equitably,-0.17,0,0
staffroom,-0.17,0,0
photographable,-0.17,0,0
spaciously,-0.17,0,0
optimality,-0.17,0,0
judicially,-0.17,0,0
perceived,-0.17,0,0
torch,-0.17,0,0
worldliness,-0.17,0,0
botanically,-0.17,0,0
uncanvassed,-0.17,0,0
earthbound,-0.17,0,0
beget,-0.17,0,0
noncompeting,-0.17,0,0
scrubbing,-0.17,0,0
unexhausted,-0.17,0,0
earliest,-0.17,0,0
motorhome,-0.17,0,0
rhinestone,-0.17,0,0
bustled,-0.17,0,0
dimply,-0.17,0,0
doglike,-0.17,0,0
pomegranate,-0.17,0,0
shortlived,-0.17,0,0
sellable,-0.17,0,0
proportionately,-0.17,0,0
cilantro,-0.17,0,0
collective,-0.17,0,0
highlighter,-0.17,0,0
genderless,-0.17,0,0
bittersweet,-0.17,0,0
submenu,-0.17,0,0
immemorial,-0.17,0,0
reallocate,-0.17,0,0
eighteenth,-0.17,0,0
parakeet,-0.17,0,0
sunfish,-0.17,0,0
effuse,-0.17,0,0
limitedness,-0.17,0,0
genuinely,-0.17,0,0
indolently,-0.17,0,0
indistinguishably,-0.17,0,0
undefiled,-0.17,0,0
sinker,-0.17,0,0
picnicker,-0.17,0,0
poeticize,-0.17,0,0
preciousness,-0.17,0,0
unclothe,-0.17,0,-1
manliness,-0.17,0,0
psalms,-0.17,0,0
approve,-0.17,0,0
lurker,-0.17,0,0
somersault,-0.17,0,0
nonrestrictive,-0.17,0,0
saltier,-0.17,0,0
rulebook,-0.17,0,0
diversification,-0.17,0,0
cooperative,-0.17,0,0
monotone,-0.17,0,0
oversee,-0.17,0,0
doctorial,-0.17,0,0
gosling,-0.17,0,0
newswoman,-0.17,0,0
funfair,-0.17,0,-1
mademoiselle,-0.17,0,0
doorman,-0.17,0,0
communicativeness,-0.17,0,0
footrest,-0.17,0,0
definitively,-0.17,0,0
puppeteer,-0.17,0,0
wryness,-0.17,0,0
ceremonialist,-0.17,0,0
duffel,-0.17,0,0
ultrashort,-0.17,0,0
shutit,-0.17,0,0
faux,-0.17,0,0
passionflower,-0.17,0,0
thaumaturgy,-0.17,0,0
unfrozen,-0.17,0,0
sanguinely,-0.17,0,0
festoon,-0.17,0,0
vitally,-0.17,0,0
duty,-0.17,0,0
sliceable,-0.17,0,0
cornerstone,-0.17,0,0
filigree,-0.17,0,0
tread,-0.17,0,0
soybean,-0.17,0,0
edifier,-0.17,0,0
unobservant,-0.17,0,0
arbitrarily,-0.17,0,0
skipping,-0.17,0,0
swatch,-0.17,0,0
kinghood,-0.17,0,0
saxophone,-0.17,0,0
fadeless,-0.17,0,0
jiminy,-0.17,0,0
autoclave,-0.17,0,0
sequential,-0.17,0,0
encomiastic,-0.17,0,0
dissentious,-0.17,0,-1
portably,-0.17,0,0
fructose,-0.17,0,0
barrenness,-0.17,0,0
swansong,-0.17,0,0
legit,-0.17,0,0
mature,-0.17,0,0
bisectional,-0.17,0,0
bankbook,-0.17,0,0
weaken,-0.17,0,-1
collectivist,-0.17,0,0
echoless,-0.17,0,0
emboss,-0.17,0,0
walrus,-0.17,0,0
ripening,-0.17,0,0
adeptly,-0.17,0,0
pliancy,-0.17,0,-1
rurally,-0.17,0,0
solo,-0.17,0,0
outstand,-0.17,0,0
undestroyed,-0.17,0,0
bonsai,-0.17,0,-1
ordinary,-0.17,0,0
hypnotizable,-0.17,0,0
costumer,-0.17,0,0
animism,-0.17,0,0
unshorn,-0.17,0,0
going,-0.17,0,0
congruousness,-0.17,0,0
refurbishment,-0.17,0,0
gumball,-0.17,0,0
sickbay,-0.17,0,0
definability,-0.17,0,0
endowed,-0.17,0,0
donut,-0.17,0,0
repave,-0.17,0,0
watercress,-0.17,0,0
gaucho,-0.17,0,0
enterprise,-0.17,0,0
aerate,-0.17,0,0
beefburger,-0.17,0,0
handheld,-0.17,0,0
unwrap,-0.17,0,0
ceremonially,-0.17,0,0
intelligently,-0.17,0,0
arrowhead,-0.17,0,0
sunbelt,-0.17,0,0
dream,-0.17,0,0
unexceptionably,-0.17,0,0
cutaway,-0.17,0,0
dustman,-0.17,0,0
piddle,-0.17,0,0
concord,-0.17,0,0
terrier,-0.17,0,0
buster,-0.17,0,0
minutiae,-0.17,0,0
noble,-0.17,0,0
squishy,-0.17,0,0
beatnik,-0.17,0,0
consummately,-0.17,0,0
sweetcorn,-0.17,0,0
feasible,-0.17,0,0
oxygen,-0.17,0,0
lectern,-0.17,0,0
furrower,-0.17,0,0
invaluableness,-0.17,0,0
aesthetical,-0.17,0,0
anchorage,-0.17,0,0
adoptable,-0.17,0,0
rehabilitate,-0.17,0,0
impeccability,-0.17,0,0
bookishly,-0.17,0,0
eaglet,-0.17,0,0
little,-0.17,0,0
nerveless,-0.17,0,0
preplan,-0.17,0,0
lubrication,-0.17,0,0
tent,-0.17,0,0
adhesiveness,-0.17,0,0
septuplet,-0.17,0,0
discriminately,-0.17,0,0
arise,-0.17,0,0
rivulet,-0.17,0,0
bruh,-0.17,0,0
tenderize,-0.17,0,0
bandaid,-0.17,0,0
aurally,-0.17,0,0
teriyaki,-0.17,0,0
depreciatively,-0.17,0,0
priestess,-0.17,0,0
canola,-0.17,0,0
invited,-0.17,0,0
episcopalian,-0.17,0,0
appreciator,-0.17,0,0
uncontroverted,-0.17,0,0
unsuspended,-0.17,0,0
interfaith,-0.17,0,0
bicycle,-0.17,0,0
appraiser,-0.17,0,0
unhook,-0.17,0,0
longhair,-0.17,0,0
boondocks,-0.17,0,0
hillcrest,-0.17,0,0
cognizance,-0.17,0,0
fingerless,-0.17,0,0
aunty,-0.17,0,0
reorient,-0.17,0,0
bluestone,-0.17,0,0
swinger,-0.17,0,0
musketeers,-0.17,0,0
bluesy,-0.17,0,0
fisheye,-0.17,0,0
normatively,-0.17,0,0
harrumph,-0.17,0,0
glycol,-0.17,0,0
undivided,-0.17,0,0
antacid,-0.17,0,0
forceless,-0.17,0,0
featherbed,-0.17,0,0
zilch,-0.17,0,0
crossly,-0.17,0,-1
btw,-0.17,0,0
noninterference,-0.17,0,0
astray,-0.17,0,-1
closest,-0.17,0,0
uprightly,-0.17,0,0
resourceful,-0.17,0,0
studded,-0.17,0,0
vitamin,-0.17,0,0
lanolin,-0.17,0,0
discipleship,-0.17,0,0
socializer,-0.17,0,0
farcical,-0.17,0,0
insightful,-0.17,0,0
stylistic,-0.17,0,0
galosh,-0.17,0,0
crossword,-0.17,0,0
pastoralist,-0.17,0,0
depositor,-0.17,0,0
antiquely,-0.17,0,0
adjustably,-0.17,0,0
pastorally,-0.17,0,0
aquatic,-0.17,0,0
brilliancy,-0.17,0,0
dalliance,-0.17,0,0
psalmist,-0.17,0,0
clink,-0.17,0,0
nonverbal,-0.17,0,0
ascetically,-0.17,0,0
daily,-0.17,0,0
near,-0.17,0,0
slowdown,-0.17,0,-1
reconvention,-0.17,0,0
mute,-0.17,0,0
rainbow,-0.17,0,0
nonmagnetic,-0.17,0,0
postpaid,-0.17,0,0
intervarsity,-0.17,0,0
palatine,-0.17,0,0
patchable,-0.17,0,0
trophy,-0.17,0,0
anyplace,-0.17,0,0
dweller,-0.17,0,0
torpidly,-0.17,0,0
renounceable,-0.17,0,0
fastidiously,-0.17,0,0
frostless,-0.17,0,0
plainer,-0.17,0,0
weeder,-0.17,0,0
constellation,-0.17,0,0
friar,-0.17,0,0
paintbrush,-0.17,0,0
delineate,-0.17,0,0
tapemeasure,-0.17,0,0
overpay,-0.17,0,0
southernism,-0.17,0,0
answerability,-0.17,0,0
cellophane,-0.17,0,0
thoughtfulness,-0.17,0,0
semiautonomous,-0.17,0,0
defrost,-0.17,0,0
undisputedly,-0.17,0,0
ribbed,-0.17,0,0
matriarchic,-0.17,0,0
capabilities,-0.17,0,0
ironman,-0.17,0,0
simply,-0.17,0,0
animated,-0.17,0,0
grail,-0.17,0,0
dogwatch,-0.17,0,0
intestines,-0.17,0,0
indistinctness,-0.17,0,0
abeyance,-0.17,0,0
eulogistic,-0.17,0,0
naturalism,-0.17,0,0
dashed,-0.17,0,0
winglessness,-0.17,0,0
mint,-0.17,0,0
backslapper,-0.17,0,0
methodologically,-0.17,0,0
made,-0.17,0,0
bedfellow,-0.17,0,0
lookin,-0.17,0,0
exculpable,-0.17,0,0
snowboard,-0.17,0,0
ordinarily,-0.17,0,0
heliostat,-0.17,0,0
compressible,-0.17,0,0
oceanographer,-0.17,0,0
correct,-0.17,0,0
uncommunicatively,-0.17,0,-1
intelligence,-0.17,0,0
coat,-0.17,0,0
immortalization,-0.17,0,0
interest,-0.17,0,0
crossover,-0.17,0,0
chubbiness,-0.17,0,0
eastside,-0.17,0,0
celeb,-0.17,0,0
flashbulb,-0.17,0,0
sinuously,-0.17,0,0
federate,-0.17,0,0
venerator,-0.17,0,0
repairable,-0.17,0,0
manifestly,-0.17,0,0
stitching,-0.17,0,0
sapiens,-0.17,0,0
discoverable,-0.17,0,0
emphatically,-0.17,0,0
voluptuously,-0.17,0,0
pie,-0.17,0,0
slickly,-0.17,0,0
nonprofit,-0.17,0,0
longshore,-0.17,0,0
nightly,-0.17,0,0
erstwhile,-0.17,0,0
evadable,-0.17,0,0
organizer,-0.17,0,0
jokester,-0.17,0,0
jamboree,-0.17,0,0
giantess,-0.17,0,0
unlimitedly,-0.17,0,0
nonfactual,-0.17,0,0
remember,-0.17,0,0
refinery,-0.17,0,0
park,-0.17,0,0
aficionado,-0.17,0,0
stroke,-0.17,0,0
experiment,-0.17,0,0
negligible,-0.17,0,0
modernistic,-0.17,0,0
activist,-0.17,0,0
knowhow,-0.17,0,0
clod,-0.17,0,0
nostalgic,-0.17,0,1
wholegrain,-0.17,0,0
acquired,-0.17,0,0
antibacterial,-0.17,0,0
topically,-0.17,0,0
equilibrium,-0.17,0,0
required,-0.17,0,0
scrubber,-0.17,0,0
vigorously,-0.18,0,1
loftily,-0.18,0,0
stair,-0.18,0,0
shuffleboard,-0.18,0,0
opalescence,-0.18,0,0
eccentrically,-0.18,0,0
boorishly,-0.18,0,0
wondrousness,-0.18,0,0
alliteratively,-0.18,0,0
fathomlessly,-0.18,0,0
subcontinent,-0.18,0,0
coz,-0.18,0,0
timeworn,-0.18,0,0
intuition,-0.18,0,0
laudable,-0.18,0,1
dolphin,-0.19,0,0
pictography,-0.2,0,0
freeholder,-0.2,0,0
cola,-0.2,0,0
cuddlesome,-0.2,0,0
endorse,-0.2,0,0
sevenfold,-0.2,0,0
suppose,-0.2,0,0
pleated,-0.2,0,0
earthlight,-0.2,0,0
bumblebee,-0.2,0,0
topsail,-0.2,0,0
wives,-0.2,0,0
support,-0.2,0,0
embraceable,-0.2,0,0
burgeon,-0.2,0,-1
decry,-0.2,0,0
reentry,-0.2,0,0
normally,-0.2,0,0
bluegrass,-0.2,0,0
vital,-0.2,0,0
waterlog,-0.2,0,0
replaced,-0.2,0,0
shuffling,-0.2,0,0
aristocrat,-0.2,0,0
souffle,-0.2,0,0
fortification,-0.2,0,0
pudgy,-0.2,0,0
saltcellar,-0.2,0,0
consummative,-0.2,0,0
relaxer,-0.2,0,-1
disimpassioned,-0.2,0,0
bobbing,-0.2,0,0
stag,-0.2,0,0
mettlesome,-0.2,0,0
terracotta,-0.2,0,0
cash,-0.2,0,0
dreamscape,-0.2,0,0
sportsman,-0.2,0,0
abundantly,-0.2,0,0
fatten,-0.2,0,-1
crocodilian,-0.2,0,0
vestment,-0.2,0,0
adjustability,-0.2,0,0
geezer,-0.2,0,0
shrewdness,-0.2,0,0
unsystematically,-0.2,0,0
overhand,-0.2,0,0
restitution,-0.2,0,0
solemnity,-0.2,0,0
swash,-0.2,0,0
effervescent,-0.2,0,1
homoeopathist,-0.2,0,0
low,-0.2,0,0
democratic,-0.2,0,0
adjoining,-0.2,0,-1
unconditioned,-0.2,0,0
since,-0.2,0,0
parfait,-0.2,0,0
rentable,-0.2,0,0
heatedly,-0.2,0,-1
hairlessness,-0.2,0,0
boating,-0.2,0,0
languorously,-0.2,0,0
arctic,-0.2,0,0
cleanly,-0.2,0,0
reproducibility,-0.2,0,0
unpretending,-0.2,0,0
drumstick,-0.2,0,0
nontechnical,-0.2,0,0
amazed,-0.2,0,0
iconographer,-0.2,0,0
wafer,-0.2,0,0
thirstily,-0.2,0,0
snowsuit,-0.2,0,0
ahhhhhhhh,-0.2,0,0
chewer,-0.2,0,0
unfoundedly,-0.2,0,0
temporarily,-0.2,0,0
spilt,-0.2,0,-1
unrestrictedly,-0.2,0,0
intercommunicative,-0.2,0,0
permit,-0.2,0,0
desirableness,-0.2,0,0
wormwood,-0.2,0,0
comparable,-0.2,0,0
uncharacteristic,-0.2,0,0
aimlessness,-0.2,0,0
seaward,-0.2,0,0
regality,-0.2,0,-1
preferably,-0.2,0,0
brill,-0.2,0,0
workgroup,-0.2,0,0
creamed,-0.2,0,0
nontheatrical,-0.2,0,0
containable,-0.2,0,0
jumprope,-0.2,0,0
their,-0.2,0,0
filet,-0.2,0,0
nonpermanent,-0.2,0,0
dermatosis,-0.2,0,0
kentucky,-0.2,0,0
multilaterally,-0.2,0,0
monsignor,-0.2,0,0
circle,-0.2,0,0
compensational,-0.2,0,0
walk,-0.2,0,0
predestinate,-0.2,0,0
inmost,-0.2,0,0
salutatory,-0.2,0,0
supercharger,-0.2,0,0
rectangle,-0.2,0,0
twinkly,-0.2,0,0
uninhabited,-0.2,0,0
adapter,-0.2,0,0
nudeness,-0.2,0,0
resurface,-0.2,0,0
apologized,-0.2,0,0
orchard,-0.2,0,0
cloaking,-0.2,0,0
calligraphically,-0.2,0,0
contingently,-0.2,0,0
untwine,-0.2,0,0
sustained,-0.2,0,0
end,-0.2,0,0
wildness,-0.2,0,0
fundament,-0.2,0,0
loose,-0.2,0,0
adoptability,-0.2,0,0
randomness,-0.2,0,0
asceticism,-0.2,0,0
inaccessibly,-0.2,0,0
performance,-0.2,0,0
slave,-0.2,0,0
braininess,-0.2,0,0
help,-0.2,0,0
enchanter,-0.2,0,0
swanlike,-0.2,0,0
eloquently,-0.2,0,0
sentimentally,-0.2,0,0
fixedly,-0.2,0,0
unstinted,-0.2,0,0
remittal,-0.2,0,0
broadcast,-0.2,0,0
topmast,-0.2,0,0
paunch,-0.2,0,0
unworthily,-0.2,0,0
lukewarm,-0.2,0,0
burro,-0.2,0,0
conveyor,-0.2,0,0
weave,-0.2,0,-1
reducibly,-0.2,0,0
unshrinking,-0.2,0,0
reminiscently,-0.2,0,0
chose,-0.2,0,0
incandescently,-0.2,0,0
southbound,-0.2,0,0
decaying,-0.2,0,-1
queenly,-0.2,0,0
modernization,-0.2,0,0
fries,-0.2,0,0
synesthesia,-0.2,0,0
miniature,-0.2,0,0
skywriter,-0.2,0,0
mimosa,-0.2,0,0
giggler,-0.2,0,0
acceptor,-0.2,0,0
humane,-0.2,0,0
procurable,-0.2,0,0
thereby,-0.2,0,0
sibling,-0.2,0,0
inartistically,-0.2,0,0
snowbell,-0.2,0,0
etching,-0.2,0,0
understand,-0.2,0,0
analog,-0.2,0,0
deniability,-0.2,0,0
tomato,-0.2,0,0
baked,-0.2,0,0
annoy,-0.2,0,-1
absorbable,-0.2,0,0
skyscraper,-0.2,0,0
latecomer,-0.2,0,0
monocycle,-0.2,0,0
tandoori,-0.2,0,0
leftovers,-0.2,0,0
offscreen,-0.2,0,0
hypercorrect,-0.2,0,-1
hued,-0.2,0,0
odoriferous,-0.2,0,-1
eclectic,-0.2,0,0
weeeee,-0.2,0,0
ascension,-0.2,0,1
antifreeze,-0.2,0,0
fluoresce,-0.2,0,0
acquiescently,-0.2,0,0
octahedron,-0.2,0,0
crackly,-0.2,0,-1
windowpane,-0.2,0,0
habitable,-0.2,0,0
object,-0.2,0,0
neuter,-0.2,0,0
plastic,-0.2,0,0
usually,-0.2,0,0
quadrant,-0.2,0,0
regency,-0.2,0,0
unexciting,-0.2,0,0
credibly,-0.2,0,0
quirk,-0.2,0,0
committable,-0.2,0,0
lease,-0.2,0,0
obtusely,-0.2,0,0
babyish,-0.2,0,0
coming,-0.2,0,-1
understood,-0.2,0,0
lozenge,-0.2,0,0
aperitif,-0.2,0,-1
repeatable,-0.2,0,0
triangular,-0.2,0,0
banal,-0.2,0,0
minuteness,-0.2,0,0
peerless,-0.2,0,0
mahogany,-0.2,0,0
hearing,-0.2,0,0
applicableness,-0.2,0,0
sendoff,-0.2,0,-1
fluidness,-0.2,0,0
divulgement,-0.2,0,0
meanderer,-0.2,0,0
nudist,-0.2,0,0
discernable,-0.2,0,0
parable,-0.2,0,0
quintessentially,-0.2,0,0
remarry,-0.2,0,0
take,-0.2,0,0
vaguely,-0.2,0,-1
dissuader,-0.2,0,0
movably,-0.2,0,0
sherpa,-0.2,0,0
vacate,-0.2,0,0
underclassman,-0.2,0,-1
variously,-0.2,0,0
unobjectionably,-0.2,0,0
housekeeper,-0.2,0,0
gargle,-0.2,0,0
symmetrically,-0.2,0,0
soppiness,-0.2,0,0
paternal,-0.2,0,0
barelegged,-0.2,0,0
gonna,-0.2,0,0
lendable,-0.2,0,0
spunk,-0.2,0,-1
crest,-0.2,0,0
secularly,-0.2,0,0
comprehensibly,-0.2,0,0
bathhouse,-0.2,0,0
downbeat,-0.2,0,0
soundboard,-0.2,0,0
credo,-0.2,0,0
homepage,-0.2,0,0
flockless,-0.2,0,0
stars,-0.2,0,0
margaritas,-0.2,0,0
entrance,-0.2,0,0
upstate,-0.2,0,0
peppermint,-0.2,0,-1
sustainability,-0.2,0,0
insight,-0.2,0,0
preternatural,-0.2,0,0
bypass,-0.2,0,0
sootiness,-0.2,0,0
faintest,-0.2,0,0
stain,-0.2,0,0
bake,-0.2,0,0
discotheque,-0.2,0,0
charbroil,-0.2,0,0
attendee,-0.2,0,0
laboriously,-0.2,0,0
grandma,-0.2,0,0
chaperon,-0.2,0,0
then,-0.2,0,0
bushel,-0.2,0,0
oiliness,-0.2,0,0
broadcasting,-0.2,0,0
carpark,-0.2,0,0
bottomline,-0.2,0,0
regain,-0.2,0,0
indetectable,-0.2,0,0
lifted,-0.2,0,0
foyer,-0.2,0,0
epilogue,-0.2,0,0
silt,-0.2,0,0
bookbag,-0.2,0,0
realization,-0.2,0,0
dully,-0.2,0,0
proclaimer,-0.2,0,0
trove,-0.2,0,0
southwestern,-0.2,0,0
differentiate,-0.2,0,0
discretion,-0.2,0,0
attunement,-0.2,0,0
favorite,-0.2,0,0
puff,-0.2,0,0
corroboration,-0.2,0,0
fez,-0.2,0,0
burial,-0.2,0,0
externalization,-0.2,0,0
chore,-0.2,0,0
uphold,-0.2,0,0
revolving,-0.2,0,0
rippling,-0.2,0,-1
consolidator,-0.2,0,0
splendiferous,-0.2,0,0
flipchart,-0.2,0,0
especial,-0.2,0,0
unmediated,-0.2,0,0
necklace,-0.2,0,0
almonds,-0.2,0,0
expertness,-0.2,0,0
crucible,-0.2,0,0
rudimental,-0.2,0,0
ethnography,-0.2,0,0
consciousness,-0.2,0,0
boniness,-0.2,0,0
happynewyear,-0.2,0,0
familiarization,-0.2,0,0
workout,-0.2,0,0
ceremonies,-0.2,0,0
teeny-weeny,-0.2,0,-1
interscholastic,-0.2,0,0
wealthily,-0.2,0,0
moonbeam,-0.2,0,0
individually,-0.2,0,0
esophageal,-0.2,0,0
enact,-0.2,0,0
psychedelia,-0.2,0,0
skylark,-0.2,0,0
legislator,-0.2,0,0
poet,-0.2,0,0
irrelevance,-0.2,0,0
rustically,-0.2,0,0
freckled,-0.2,0,0
too,-0.2,0,0
intuitively,-0.2,0,0
ideally,-0.2,0,-1
beamlike,-0.2,0,0
proprietarily,-0.2,0,0
permissible,-0.2,0,0
item,-0.2,0,0
observantly,-0.2,0,0
curtsey,-0.2,0,0
motocross,-0.2,0,0
mallow,-0.2,0,0
folkloric,-0.2,0,0
palatability,-0.2,0,0
subcutaneous,-0.2,0,0
restaurant,-0.2,0,0
cricketer,-0.2,0,0
squatting,-0.2,0,0
creditworthy,-0.2,0,0
funnyman,-0.2,0,0
artfulness,-0.2,0,0
broccoli,-0.2,0,0
poach,-0.2,0,0
backlands,-0.2,0,0
apologetically,-0.2,0,-1
negotiable,-0.2,0,0
dandily,-0.2,0,0
knitwear,-0.2,0,0
nosh,-0.2,0,0
divinable,-0.2,0,0
unshipped,-0.2,0,0
fictional,-0.2,0,0
lapsed,-0.2,0,0
celebrant,-0.2,0,0
blackener,-0.2,0,0
evidentiary,-0.2,0,0
permissibly,-0.2,0,0
strategy,-0.2,0,0
humpback,-0.2,0,0
honorific,-0.2,0,0
suspended,-0.2,0,0
district,-0.2,0,0
godlike,-0.2,0,0
caste,-0.2,0,0
probationer,-0.2,0,0
guider,-0.2,0,0
playfellow,-0.2,0,0
carrying,-0.2,0,0
introducer,-0.2,0,0
smallish,-0.2,0,0
nightclothes,-0.2,0,0
stardom,-0.2,0,0
stodginess,-0.2,0,0
chandler,-0.2,0,0
earthy,-0.2,0,0
altogether,-0.2,0,0
utilitarianism,-0.2,0,0
babysitter,-0.2,0,0
magically,-0.2,0,-1
whig,-0.2,0,0
springtail,-0.2,0,0
collectivism,-0.2,0,0
newfangled,-0.2,0,0
armload,-0.2,0,0
programmatically,-0.2,0,0
borax,-0.2,0,0
unassailably,-0.2,0,0
mispronunciation,-0.2,0,0
observing,-0.2,0,0
resonantly,-0.2,0,0
understandable,-0.2,0,0
brewery,-0.2,0,0
bouffant,-0.2,0,0
communities,-0.2,0,0
penitently,-0.2,0,-1
locket,-0.2,0,0
interoffice,-0.2,0,0
simplex,-0.2,0,0
understatement,-0.2,0,0
maudlin,-0.2,0,0
brunch,-0.2,0,0
dustless,-0.2,0,0
affirmer,-0.2,0,0
least,-0.2,0,0
gesture,-0.2,0,0
ourself,-0.2,0,0
giftcard,-0.2,0,0
core,-0.2,0,0
auburn,-0.2,0,0
aridness,-0.2,0,0
ascertainable,-0.2,0,0
subsidize,-0.2,0,0
onboard,-0.2,0,0
energizer,-0.2,0,-1
kinswoman,-0.2,0,0
carb,-0.2,0,0
whereby,-0.2,0,0
pavement,-0.2,0,0
bondsman,-0.2,0,0
riff,-0.2,0,0
grunting,-0.2,0,0
expressly,-0.2,0,0
verde,-0.2,0,0
masseur,-0.2,0,0
euphony,-0.2,0,0
lacelike,-0.2,0,0
discretional,-0.2,0,0
archeological,-0.2,0,0
ignore,-0.2,0,0
unconventionally,-0.2,0,0
antioxidant,-0.2,0,0
generalness,-0.2,0,0
partridge,-0.2,0,0
effectuality,-0.2,0,0
shitday,-0.2,0,-1
monogamous,-0.2,0,0
yawner,-0.2,0,0
hast,-0.2,0,0
observant,-0.2,0,0
boatman,-0.21,0,0
courtesy,-0.21,0,1
concessionary,-0.21,0,0
townie,-0.21,0,0
beautification,-0.21,0,1
woodiness,-0.21,0,0
greasiness,-0.21,0,0
eternity,-0.21,0,0
deft,-0.21,0,0
consensually,-0.21,0,0
liquidity,-0.22,0,0
blockbuster,-0.22,0,0
cessation,-0.22,0,0
winnable,-0.22,0,0
fleet,-0.22,0,0
column,-0.22,0,0
transpose,-0.22,0,0
chicane,-0.22,0,0
stream,-0.22,0,0
harmonistic,-0.22,0,0
overtone,-0.22,0,0
allowed,-0.22,0,0
vouch,-0.22,0,0
frosty,-0.22,0,1
fairies,-0.22,0,0
exonerative,-0.22,0,0
conventionally,-0.22,0,0
prestigiously,-0.22,0,-1
rainwear,-0.22,0,0
decoy,-0.22,0,-1
nonvoter,-0.22,0,0
lightener,-0.22,0,0
pupil,-0.22,0,0
lithology,-0.22,0,0
yey,-0.22,0,0
tulip,-0.22,0,0
impartially,-0.22,0,0
autobiography,-0.22,0,0
overlain,-0.22,0,0
exhibition,-0.22,0,0
unchanged,-0.22,0,0
acquaintance,-0.22,0,0
joking,-0.22,0,0
barbecue,-0.22,0,0
chowder,-0.22,0,0
aye,-0.22,0,0
hex,-0.22,0,-1
cruising,-0.22,0,-1
bending,-0.22,0,-1
waterborne,-0.22,0,0
conqueror,-0.22,0,0
including,-0.22,0,0
traversable,-0.22,0,0
vegetation,-0.22,0,0
infuse,-0.22,0,0
unnoticeable,-0.22,0,0
gravy,-0.22,0,0
creamy,-0.22,0,0
cathedral,-0.22,0,0
mechanic,-0.22,0,0
notify,-0.22,0,0
crawfish,-0.22,0,0
specific,-0.22,0,0
ethics,-0.22,0,0
unused,-0.22,0,0
activities,-0.22,0,0
cognate,-0.22,0,0
hypoallergenic,-0.22,0,0
redundant,-0.22,0,-1
party,-0.22,0,0
graybeard,-0.22,0,0
nichts,-0.22,0,0
jockey,-0.22,0,0
inspect,-0.22,0,0
savanna,-0.22,0,0
hammerless,-0.22,0,0
melting,-0.22,0,0
groovy,-0.22,0,0
angular,-0.22,0,0
insulated,-0.22,0,0
apricot,-0.22,0,0
sneakers,-0.22,0,0
motor,-0.22,0,0
recoverable,-0.22,0,0
abolitionist,-0.22,0,0
isle,-0.22,0,0
midwest,-0.22,0,0
starer,-0.22,0,-1
risen,-0.22,0,0
economical,-0.22,0,0
trinity,-0.22,0,0
amazedly,-0.22,0,0
rubbish,-0.22,0,0
housework,-0.22,0,-1
venerably,-0.22,0,0
increase,-0.22,0,0
redress,-0.22,0,0
satirical,-0.22,0,0
grande,-0.22,0,0
soap,-0.22,0,0
motto,-0.22,0,0
terrestrial,-0.22,0,0
immune,-0.22,0,0
greeting,-0.22,0,0
provisory,-0.22,0,0
heath,-0.22,0,0
bevy,-0.22,0,0
janitor,-0.22,0,0
yep,-0.22,0,0
just,-0.22,0,0
quixotically,-0.22,0,0
optional,-0.22,0,0
swig,-0.22,0,0
spelt,-0.22,0,0
eating,-0.22,0,0
gather,-0.22,0,0
penny,-0.22,0,0
jotting,-0.22,0,0
somberly,-0.22,0,1
confetti,-0.22,0,-1
basement,-0.22,0,0
novelty,-0.22,0,0
summarize,-0.22,0,0
parade,-0.22,0,0
lengthening,-0.22,0,-1
flattery,-0.22,0,0
whilst,-0.22,0,0
watered,-0.22,0,0
freshwater,-0.22,0,0
backyard,-0.22,0,0
baloney,-0.22,0,0
chaise,-0.22,0,0
compost,-0.22,0,0
bracelet,-0.22,0,0
unturned,-0.22,0,0
gander,-0.22,0,0
rick,-0.22,0,0
literally,-0.22,0,0
freehandedly,-0.22,0,0
unborn,-0.22,0,0
computer,-0.22,0,0
ocean,-0.22,0,0
encyclopedia,-0.22,0,0
blinker,-0.22,0,0
coronal,-0.22,0,0
hemisphere,-0.22,0,0
niftiness,-0.22,0,0
scarab,-0.22,0,0
recesses,-0.22,0,0
owlet,-0.22,0,0
gran,-0.22,0,0
unadjusted,-0.22,0,0
zesty,-0.22,0,0
birthright,-0.22,0,0
jeans,-0.22,0,0
bagginess,-0.22,0,-1
bygone,-0.22,0,0
beckon,-0.22,0,-1
nearer,-0.22,0,0
harvest,-0.22,0,0
display,-0.22,0,0
activator,-0.22,0,0
merengue,-0.22,0,0
recognize,-0.22,0,0
illustrate,-0.22,0,0
footing,-0.22,0,0
lessor,-0.22,0,0
rubbernecker,-0.22,0,-1
fitch,-0.22,0,0
motivation,-0.22,0,0
bathroom,-0.22,0,0
admissible,-0.22,0,0
cover,-0.22,0,0
seaman,-0.22,0,0
inconstant,-0.22,0,-1
yay,-0.22,0,1
reversibility,-0.22,0,0
callousness,-0.22,0,-1
perch,-0.22,0,0
chestnut,-0.22,0,0
mole,-0.22,0,0
flavour,-0.22,0,0
househusband,-0.22,0,0
bookstore,-0.22,0,0
uncommon,-0.22,0,0
raiders,-0.22,0,0
elapsed,-0.22,0,0
brine,-0.22,0,0
amigo,-0.22,0,0
creaseless,-0.22,0,0
brake,-0.22,0,-1
shareable,-0.22,0,0
soccer,-0.22,0,0
inconvertibly,-0.22,0,0
airshaft,-0.22,0,0
commiseratively,-0.22,0,0
birthplace,-0.22,0,0
discover,-0.22,0,0
isothermal,-0.22,0,0
marshland,-0.22,0,0
freestyle,-0.22,0,0
nautical,-0.22,0,0
foolishness,-0.22,0,-1
blend,-0.22,0,0
underground,-0.22,0,0
aloft,-0.22,0,0
running,-0.22,0,-1
stir,-0.22,0,-1
cantilever,-0.22,0,0
measurement,-0.22,0,0
formlessly,-0.22,0,0
behold,-0.22,0,-1
tip,-0.22,0,0
unflavored,-0.22,0,0
strewn,-0.22,0,0
deliberativeness,-0.22,0,0
streetlamp,-0.22,0,0
instructed,-0.22,0,0
observe,-0.22,0,0
waning,-0.22,0,-1
fleshy,-0.22,0,0
dance,-0.22,0,0
impassionate,-0.22,0,0
join,-0.22,0,0
surmount,-0.22,0,-1
lemonade,-0.22,0,0
reputation,-0.22,0,0
sprinkling,-0.22,0,0
passageway,-0.22,0,-1
sublevel,-0.22,0,0
twelfth,-0.22,0,0
chivalry,-0.22,0,0
coop,-0.22,0,0
leverage,-0.22,0,0
tolerance,-0.22,0,0
intermingle,-0.22,0,0
concede,-0.22,0,-1
yogi,-0.22,0,0
technique,-0.22,0,0
obliging,-0.22,0,0
affectionately,-0.22,0,-1
payday,-0.22,0,0
substantially,-0.22,0,0
carte,-0.22,0,0
shoelace,-0.22,0,0
bachelorette,-0.22,0,0
barks,-0.22,0,-1
hour,-0.22,0,0
kilt,-0.22,0,0
hidden,-0.22,0,-1
harmonica,-0.22,0,0
highchair,-0.22,0,0
splash,-0.22,0,-1
anchor,-0.22,0,0
shoal,-0.22,0,0
pendulously,-0.22,0,0
unquestionably,-0.22,0,0
jungle,-0.22,0,0
disentanglement,-0.22,0,0
mindless,-0.22,0,0
engager,-0.22,0,0
porch,-0.22,0,0
lifeguard,-0.22,0,1
filing,-0.22,0,0
marble,-0.22,0,0
outperform,-0.22,0,0
into,-0.22,0,0
index,-0.22,0,0
soundness,-0.22,0,0
transpolar,-0.22,0,0
luminary,-0.23,0,0
jadedness,-0.23,0,0
inverse,-0.23,0,0
restorative,-0.23,0,1
hayseed,-0.23,0,0
unquestioning,-0.23,0,0
folkdance,-0.23,0,0
enclosure,-0.23,0,0
baldish,-0.23,0,0
reincarnation,-0.23,0,0
rollerskate,-0.23,0,0
hairstyle,-0.23,0,0
buyable,-0.23,0,0
sympathies,-0.23,0,1
masterstroke,-0.23,0,0
multiculturalism,-0.23,0,0
bicycler,-0.23,0,0
pooch,-0.23,0,0
gazpacho,-0.23,0,0
unbeknownst,-0.23,0,0
normative,-0.23,0,0
noncommittal,-0.23,0,0
sugariness,-0.23,0,-1
outskirt,-0.23,0,0
tidally,-0.23,0,0
nonelectric,-0.23,0,0
homecoming,-0.23,0,0
names,-0.23,0,0
younger,-0.23,0,0
regal,-0.23,0,0
plowshare,-0.23,0,0
chew,-0.24,0,0
gritty,-0.24,0,0
renewability,-0.25,0,0
story,-0.25,0,0
raindrops,-0.25,0,0
imperceptiveness,-0.25,0,0
finer,-0.25,0,0
munchkin,-0.25,0,0
unproven,-0.25,0,0
sunken,-0.25,0,0
coinciding,-0.25,0,0
allowable,-0.25,0,0
belatedness,-0.25,0,0
earless,-0.25,0,0
rejoin,-0.25,0,0
weightlifting,-0.25,0,0
lengthways,-0.25,0,0
stockman,-0.25,0,0
trustiness,-0.25,0,0
daftly,-0.25,0,0
backside,-0.25,0,0
redeemed,-0.25,0,0
windswept,-0.25,0,0
touchline,-0.25,0,0
coastland,-0.25,0,0
temporality,-0.25,0,0
tinker,-0.25,0,0
resign,-0.25,0,0
captivator,-0.25,0,0
reappraisal,-0.25,0,0
garbage,-0.25,0,0
pumiced,-0.25,0,0
cruise,-0.25,0,0
stepper,-0.25,0,0
continually,-0.25,0,0
active,-0.25,0,0
superfine,-0.25,0,0
firefly,-0.25,0,0
shrewd,-0.25,0,0
purification,-0.25,0,-1
thimbleful,-0.25,0,0
unexceptionally,-0.25,0,0
ebony,-0.25,0,0
articulate,-0.25,0,0
leaver,-0.25,0,0
collie,-0.25,0,0
streamer,-0.25,0,0
pursuing,-0.25,0,0
indirect,-0.25,0,0
butthole,-0.25,0,0
sexless,-0.25,0,0
emeritus,-0.25,0,0
queen,-0.25,0,0
gateless,-0.25,0,0
hootenanny,-0.25,0,0
corpulent,-0.25,0,0
parquet,-0.25,0,0
uncivil,-0.25,0,-1
healer,-0.25,0,0
locality,-0.25,0,0
kickback,-0.25,0,0
earnestness,-0.25,0,0
outplay,-0.25,0,0
seawater,-0.25,0,0
bloused,-0.25,0,0
exquisiteness,-0.25,0,0
clawless,-0.25,0,0
gazebo,-0.25,0,0
whispery,-0.25,0,0
barrenly,-0.25,0,0
lyricism,-0.25,0,0
vocal,-0.25,0,0
cynicism,-0.25,0,-1
heatproof,-0.25,0,0
inactivity,-0.25,0,0
aviator,-0.25,0,0
dormancy,-0.25,0,0
depicter,-0.25,0,0
bedrock,-0.25,0,0
usual,-0.25,0,0
summit,-0.25,0,0
fine,-0.25,0,0
nocomplaints,-0.25,0,0
sacramental,-0.25,0,0
sainted,-0.25,0,0
scores,-0.25,0,0
girlhood,-0.25,0,0
immeasurably,-0.25,0,0
discreet,-0.25,0,0
bookless,-0.25,0,0
deepwater,-0.25,0,-1
clarifier,-0.25,0,0
placatory,-0.25,0,0
cowgirl,-0.25,0,0
preferential,-0.25,0,0
nocturne,-0.25,0,0
unpretentiously,-0.25,0,0
dullness,-0.25,0,-1
rearrangement,-0.25,0,0
seasonally,-0.25,0,0
symphonize,-0.25,0,0
son,-0.25,0,0
uniquely,-0.25,0,0
twigged,-0.25,0,0
satiable,-0.25,0,0
canteen,-0.25,0,0
feed,-0.25,0,0
monarchy,-0.25,0,0
cleaning,-0.25,0,0
giggles,-0.25,0,0
seating,-0.25,0,0
paddle,-0.25,0,0
harmonizer,-0.25,0,0
remaining,-0.25,0,0
weekend,-0.25,0,0
undemonstratively,-0.25,0,0
supervised,-0.25,0,0
chastity,-0.25,0,0
domesticate,-0.25,0,0
torridly,-0.25,0,-1
okay,-0.25,0,0
earth,-0.25,0,0
autopilot,-0.25,0,0
ripen,-0.25,0,0
disarmer,-0.25,0,0
tagger,-0.25,0,0
built,-0.25,0,0
as,-0.25,0,0
tailpiece,-0.25,0,0
antiviral,-0.25,0,0
napping,-0.25,0,0
orderly,-0.25,0,0
sleekly,-0.25,0,0
bench,-0.25,0,0
prim,-0.25,0,0
remains,-0.25,0,-1
damper,-0.25,0,0
listen,-0.25,0,0
trivia,-0.25,0,0
mooch,-0.25,0,0
semisoft,-0.25,0,0
southernmost,-0.25,0,0
lackadaisicalness,-0.25,0,0
less,-0.25,0,0
adorner,-0.25,0,0
give,-0.25,0,0
selves,-0.25,0,0
revert,-0.25,0,0
balance,-0.25,0,0
attractiveness,-0.25,0,0
resourcefully,-0.25,0,0
cashable,-0.25,0,0
amusable,-0.25,0,0
deeper,-0.25,0,0
azure,-0.25,0,0
felicitate,-0.25,0,0
velour,-0.25,0,0
plumper,-0.25,0,0
thyme,-0.25,0,0
posterior,-0.25,0,0
perished,-0.25,0,0
slag,-0.25,0,0
sate,-0.25,0,0
reparative,-0.25,0,0
aesthetic,-0.25,0,0
ceased,-0.25,0,0
unreflectively,-0.25,0,0
brimful,-0.25,0,0
barbell,-0.25,0,0
progressively,-0.25,0,0
flowerbed,-0.25,0,0
silvery,-0.25,0,0
henhouse,-0.25,0,0
composer,-0.25,0,0
assortment,-0.25,0,0
cheapness,-0.25,0,-1
terrain,-0.25,0,0
debrief,-0.25,0,0
veranda,-0.25,0,0
semicircle,-0.25,0,0
cooperator,-0.25,0,0
persimmon,-0.25,0,0
offputting,-0.25,0,0
accuracy,-0.25,0,0
resolved,-0.25,0,1
resolvedly,-0.25,0,0
filial,-0.25,0,0
respectworthy,-0.25,0,0
tacit,-0.25,0,0
classicalism,-0.25,0,0
frothy,-0.25,0,0
shorten,-0.25,0,0
breakfast,-0.25,0,0
discreetness,-0.25,0,0
campy,-0.25,0,0
stork,-0.25,0,0
tepee,-0.25,0,0
domiciled,-0.25,0,0
arrive,-0.25,0,0
christmastime,-0.25,0,0
voluntarily,-0.25,0,0
flatland,-0.25,0,0
outback,-0.25,0,0
liberality,-0.25,0,0
disregard,-0.25,0,1
acclimatization,-0.25,0,0
feverless,-0.25,0,0
intellectual,-0.25,0,0
ritually,-0.25,0,0
collectively,-0.25,0,0
unprofitable,-0.25,0,-1
mama,-0.25,0,0
babycarriage,-0.25,0,0
face,-0.25,0,0
basal,-0.25,0,0
nearness,-0.25,0,0
primeval,-0.25,0,0
unify,-0.25,0,0
thinner,-0.25,0,0
guest,-0.25,0,0
coltish,-0.25,0,0
warmer,-0.25,0,0
nougat,-0.25,0,0
skinny,-0.25,0,0
modular,-0.25,0,0
nonsense,-0.25,0,0
awesomely,-0.25,0,0
flexibleness,-0.25,0,0
offal,-0.25,0,0
apart,-0.25,0,0
backrest,-0.25,0,0
longer,-0.25,0,0
ending,-0.25,0,0
speedway,-0.25,0,0
upheld,-0.25,0,0
discharged,-0.25,0,0
roughage,-0.25,0,0
auld,-0.25,0,0
infirm,-0.25,0,-1
acropolis,-0.25,0,0
mightiness,-0.25,0,0
whit,-0.25,0,0
respects,-0.25,0,0
townswoman,-0.25,0,0
river,-0.25,0,0
owl,-0.25,0,0
lunch,-0.25,0,0
dining,-0.25,0,0
hydrostatic,-0.25,0,0
seaweed,-0.25,0,0
sugary,-0.25,0,-1
glittery,-0.25,0,-1
qualify,-0.25,0,0
delicate,-0.25,0,0
forgivably,-0.25,0,0
snuff,-0.25,0,0
nonesuch,-0.25,0,0
sir,-0.25,0,0
matchmaker,-0.25,0,0
unburnable,-0.25,0,0
frivolous,-0.25,0,0
sensuousness,-0.25,0,-1
computing,-0.25,0,0
classification,-0.25,0,0
godlikeness,-0.25,0,0
fellowman,-0.25,0,0
kinfolk,-0.25,0,0
egalitarian,-0.25,0,0
exempt,-0.25,0,0
levitator,-0.25,0,0
haye,-0.25,0,0
blockish,-0.25,0,0
autoeroticism,-0.25,0,0
soup,-0.25,0,0
cam,-0.25,0,0
giftedness,-0.25,0,0
standalone,-0.25,0,0
leniency,-0.25,0,0
earner,-0.25,0,0
hedonistically,-0.25,0,0
punctual,-0.25,0,0
cherisher,-0.25,0,0
grandmamma,-0.25,0,0
matchlessness,-0.25,0,0
knitting,-0.25,0,0
inculpability,-0.25,0,0
valued,-0.25,0,0
suppertime,-0.25,0,0
frame,-0.25,0,0
riskless,-0.25,0,0
acquittal,-0.25,0,0
unconditional,-0.25,0,0
unplanted,-0.25,0,0
complacently,-0.25,0,-1
final,-0.25,0,0
intangibly,-0.25,0,0
eyeglass,-0.25,0,0
primitive,-0.25,0,0
sociological,-0.25,0,0
throughout,-0.25,0,0
confirm,-0.25,0,0
nice,-0.25,0,0
arena,-0.25,0,0
unglamorous,-0.25,0,-1
branching,-0.25,0,0
eggbeater,-0.25,0,0
populously,-0.25,0,0
forgot,-0.25,0,0
patio,-0.25,0,0
breather,-0.25,0,0
miner,-0.25,0,0
brainpower,-0.25,0,0
nonobservance,-0.25,0,0
flock,-0.25,0,0
unnoticeably,-0.25,0,0
preparer,-0.25,0,0
encapsulate,-0.25,0,0
manor,-0.25,0,0
amazing,-0.25,0,-1
furnishings,-0.25,0,0
unstirred,-0.25,0,0
expressiveness,-0.25,0,0
perdy,-0.25,0,0
harbor,-0.25,0,0
aquamarine,-0.25,0,0
collaboration,-0.25,0,0
subtly,-0.25,0,0
unconvincing,-0.25,0,0
cactus,-0.25,0,0
nonalcoholic,-0.25,0,0
burbank,-0.25,0,0
rendition,-0.25,0,0
ponderously,-0.25,0,0
fringe,-0.25,0,0
backwater,-0.25,0,0
boatload,-0.25,0,0
reclaimable,-0.25,0,0
victories,-0.25,0,0
creativeness,-0.25,0,0
pep,-0.25,0,0
drifty,-0.25,0,0
slim,-0.25,0,0
deco,-0.25,0,0
scentless,-0.25,0,0
endlessness,-0.25,0,0
soreness,-0.25,0,-1
fragmentarily,-0.25,0,0
stockless,-0.25,0,0
radiative,-0.25,0,0
acceptance,-0.25,0,0
olive,-0.25,0,0
newlywed,-0.25,0,0
impressionistically,-0.25,0,0
taut,-0.25,0,-1
cyclist,-0.25,0,0
redwood,-0.25,0,0
sharpen,-0.25,0,0
benign,-0.25,0,0
compatriot,-0.25,0,0
cowslip,-0.25,0,0
skateboard,-0.25,0,0
clarify,-0.25,0,0
natal,-0.25,0,0
unknotted,-0.25,0,0
mansion,-0.25,0,0
smokehouse,-0.25,0,0
stoutheartedly,-0.25,0,0
unhidden,-0.25,0,0
weaponless,-0.25,0,0
hide,-0.25,0,-1
tutu,-0.25,0,0
mare,-0.25,0,0
standstill,-0.25,0,1
paperweight,-0.25,0,0
spryly,-0.25,0,0
unspectacularly,-0.25,0,0
backhand,-0.25,0,0
broom,-0.25,0,0
melodist,-0.25,0,0
overriding,-0.25,0,0
velveteen,-0.25,0,0
gameboy,-0.25,0,0
plowing,-0.25,0,0
eld,-0.25,0,0
flexibility,-0.25,0,0
admiralship,-0.25,0,0
tinkling,-0.25,0,0
agility,-0.26,0,0
comic,-0.26,0,0
helpdesk,-0.27,0,0
clamshell,-0.27,0,0
irreligious,-0.27,0,0
curability,-0.27,0,0
champagne,-0.27,0,0
humongous,-0.27,0,0
equilibrate,-0.27,0,0
soothsay,-0.27,0,0
hero,-0.27,0,0
incontestable,-0.27,0,0
consonance,-0.27,0,0
nutritiously,-0.27,0,0
talentless,-0.27,0,0
fingertip,-0.27,0,0
fascination,-0.27,0,0
impeccable,-0.27,0,0
impregnably,-0.27,0,0
laudability,-0.27,0,0
diplomatic,-0.28,0,0
imperceptible,-0.29,0,0
goofy,-0.29,0,0
found,-0.29,0,0
pastor,-0.29,0,0
nonporous,-0.29,0,0
concert,-0.29,0,0
competitively,-0.29,0,-1
listlessness,-0.29,0,-1
resort,-0.29,0,0
desirably,-0.29,0,0
discussion,-0.29,0,0
attic,-0.29,0,0
pebbled,-0.29,0,0
footsy,-0.29,0,0
indigently,-0.29,0,0
trumpeter,-0.29,0,0
sunglass,-0.29,0,0
flamingo,-0.29,0,0
dimmest,-0.29,0,0
craftsmanship,-0.29,0,0
gauzy,-0.29,0,0
ruddy,-0.29,0,0
recoupable,-0.29,0,0
condoner,-0.29,0,0
uncritical,-0.29,0,0
poser,-0.29,0,0
diplomatically,-0.29,0,0
unwrapping,-0.29,0,0
goldfish,-0.29,0,0
scruffy,-0.29,0,-1
wright,-0.29,0,0
crown,-0.29,0,0
server,-0.29,0,0
adjournment,-0.29,0,0
supple,-0.29,0,0
supping,-0.29,0,0
day,-0.29,0,0
expressional,-0.29,0,0
pend,-0.29,0,0
dutifulness,-0.29,0,0
inexpertly,-0.29,0,-1
seaside,-0.29,0,0
pithy,-0.29,0,0
goggle,-0.29,0,0
panoramic,-0.29,0,0
transportation,-0.29,0,0
coot,-0.29,0,0
caricature,-0.29,0,0
reflecting,-0.29,0,0
comrade,-0.29,0,0
upbringing,-0.29,0,0
openly,-0.29,0,0
succinct,-0.29,0,0
absolve,-0.29,0,0
tickle,-0.29,0,-1
freightless,-0.29,0,0
baguette,-0.29,0,0
unaffectedness,-0.29,0,0
brooch,-0.29,0,0
oyster,-0.29,0,0
chainless,-0.29,0,0
gregariousness,-0.29,0,0
loveee,-0.29,0,0
cupcake,-0.29,0,0
mower,-0.29,0,0
nobility,-0.29,0,0
spouseless,-0.29,0,0
finish,-0.29,0,0
probiotic,-0.29,0,0
paintbox,-0.29,0,0
perpendicularity,-0.29,0,0
blackhead,-0.29,0,0
nearest,-0.29,0,0
inconspicuously,-0.29,0,0
solidification,-0.29,0,0
cello,-0.29,0,0
treasure,-0.29,0,0
shaved,-0.29,0,0
readable,-0.29,0,0
innate,-0.29,0,0
preserved,-0.29,0,0
euphonic,-0.29,0,0
jadestone,-0.29,0,0
changeless,-0.29,0,0
heartland,-0.29,0,0
poetic,-0.29,0,0
prudently,-0.29,0,0
housecleaning,-0.29,0,0
daybed,-0.29,0,0
turtleneck,-0.29,0,0
freewoman,-0.29,0,-1
diffusiveness,-0.29,0,0
can,-0.29,0,0
excel,-0.29,0,0
amends,-0.29,0,0
athletics,-0.29,0,0
novelist,-0.29,0,0
webcast,-0.29,0,0
shore,-0.29,0,0
divisionally,-0.29,0,0
smart,-0.29,0,0
pennyworth,-0.29,0,0
flung,-0.29,0,-1
rollaway,-0.29,0,0
classicist,-0.29,0,0
submersed,-0.29,0,-1
triathlete,-0.29,0,0
ticker,-0.29,0,0
styling,-0.29,0,0
romp,-0.29,0,0
openhandedly,-0.29,0,0
tactics,-0.29,0,0
voluminously,-0.29,0,0
grizzle,-0.29,0,0
boast,-0.29,0,-1
originally,-0.29,0,0
marshmallow,-0.29,0,0
ecologic,-0.29,0,0
learned,-0.29,0,0
borealis,-0.29,0,0
slushy,-0.29,0,-1
popped,-0.29,0,0
reflexively,-0.29,0,0
wishbone,-0.29,0,0
conformability,-0.29,0,0
lucrative,-0.29,0,0
lotus,-0.29,0,0
unclad,-0.29,0,0
hooked,-0.29,0,0
cockleshell,-0.29,0,0
pearl,-0.29,0,0
fusion,-0.29,0,0
internationalism,-0.29,0,0
piety,-0.29,0,0
reflect,-0.29,0,0
unenvied,-0.29,0,0
kaleidoscope,-0.29,0,0
southern,-0.29,0,0
silk,-0.29,0,0
song,-0.29,0,0
quail,-0.29,0,-1
unbuttered,-0.29,0,0
upfront,-0.29,0,0
carnation,-0.29,0,0
glimpse,-0.29,0,0
hyperbaric,-0.29,0,-1
teacake,-0.29,0,0
emphasize,-0.29,0,0
datasheet,-0.29,0,0
blot,-0.29,0,0
alms,-0.29,0,0
absorption,-0.29,0,0
hayfield,-0.29,0,0
capful,-0.29,0,0
upwelling,-0.29,0,0
excusable,-0.29,0,0
appraisement,-0.29,0,0
unglazed,-0.29,0,0
bachelorhood,-0.29,0,0
naturalness,-0.29,0,0
birthstone,-0.29,0,0
amateur,-0.29,0,0
emblem,-0.29,0,0
indemnify,-0.29,0,0
biathlon,-0.29,0,0
sundays,-0.29,0,0
nonessential,-0.29,0,0
corny,-0.29,0,-1
footstool,-0.29,0,0
purposeful,-0.29,0,0
pithily,-0.29,0,0
oldie,-0.29,0,0
deactivation,-0.29,0,0
undetached,-0.29,0,0
bury,-0.29,0,0
freeway,-0.29,0,0
knobby,-0.29,0,0
testament,-0.29,0,0
wakeup,-0.29,0,0
bungee,-0.29,0,0
domestication,-0.29,0,0
suggest,-0.29,0,0
sufficient,-0.29,0,0
relievable,-0.29,0,0
technologist,-0.29,0,0
physically,-0.29,0,0
headspace,-0.3,0,0
calibrate,-0.3,0,0
floorshow,-0.3,0,-1
clanswoman,-0.3,0,0
rolling,-0.3,0,0
salutation,-0.3,0,0
jot,-0.3,0,0
affirmation,-0.3,0,0
acquainted,-0.3,0,0
billiards,-0.3,0,0
mat,-0.3,0,0
received,-0.3,0,0
brimmed,-0.3,0,0
solution,-0.3,0,0
photochemistry,-0.3,0,0
coincident,-0.3,0,0
sheepherding,-0.3,0,0
animation,-0.3,0,0
fain,-0.3,0,0
pizzeria,-0.3,0,0
advancing,-0.3,0,0
rump,-0.3,0,0
arbitrator,-0.3,0,0
plumpy,-0.3,0,0
cub,-0.3,0,0
demilitarize,-0.3,0,0
contemporaneous,-0.3,0,0
clocklike,-0.3,0,0
fade,-0.3,0,1
head,-0.3,0,0
accordable,-0.3,0,0
unbraid,-0.3,0,0
audible,-0.3,0,0
decaffeinate,-0.3,0,0
inelastic,-0.3,0,0
lighten,-0.3,0,0
turquoise,-0.3,0,0
cavalier,-0.3,0,0
glossily,-0.3,0,0
muscled,-0.3,0,0
traveler,-0.3,0,0
platonically,-0.3,0,0
scallop,-0.3,0,0
fluorescent,-0.3,0,0
applicably,-0.3,0,0
treatise,-0.3,0,0
jointly,-0.3,0,0
entertainment,-0.3,0,0
specula,-0.3,0,0
lollygag,-0.3,0,0
northeast,-0.3,0,0
consultation,-0.3,0,0
agent,-0.3,0,0
incognito,-0.3,0,0
cirrus,-0.3,0,0
seeable,-0.3,0,0
thermal,-0.3,0,0
coil,-0.3,0,0
plantlike,-0.3,0,0
ceremony,-0.3,0,-1
move,-0.3,0,0
drain,-0.3,0,0
gravitation,-0.3,0,0
roomy,-0.3,0,1
acquiring,-0.3,0,0
philosopher,-0.3,0,0
familiarize,-0.3,0,0
equal,-0.3,0,0
audience,-0.3,0,0
credential,-0.3,0,0
coalesce,-0.3,0,0
notch,-0.3,0,0
convalescent,-0.3,0,0
crease,-0.3,0,0
buying,-0.3,0,-1
anthropology,-0.3,0,0
piazza,-0.3,0,-1
wedded,-0.3,0,1
archipelago,-0.3,0,0
babyface,-0.3,0,0
spongy,-0.3,0,0
idol,-0.3,0,0
corporality,-0.3,0,0
promised,-0.3,0,0
range,-0.3,0,0
humbler,-0.3,0,0
humorist,-0.3,0,0
unrated,-0.3,0,0
construction,-0.3,0,0
poppy,-0.3,0,0
sneezed,-0.3,0,0
nook,-0.3,0,1
monochromic,-0.3,0,0
troupe,-0.3,0,0
tribute,-0.3,0,0
apply,-0.3,0,0
campsite,-0.3,0,0
bounce,-0.3,0,0
anticlockwise,-0.3,0,0
swallow,-0.3,0,0
compensation,-0.3,0,0
tee,-0.3,0,0
like,-0.3,0,0
guru,-0.3,0,0
lowdown,-0.3,0,0
symmetric,-0.3,0,0
reefs,-0.3,0,0
moderating,-0.3,0,0
slugged,-0.3,0,0
diluted,-0.3,0,0
advisement,-0.3,0,0
earring,-0.3,0,0
aphrodisiacal,-0.3,0,0
wassup,-0.3,0,0
vestibule,-0.3,0,0
yellowish,-0.3,0,0
multicolor,-0.3,0,0
planting,-0.3,0,0
shortly,-0.3,0,0
kimono,-0.3,0,0
omission,-0.3,0,0
heirloom,-0.3,0,0
riding,-0.3,0,0
rod,-0.3,0,0
bedrail,-0.3,0,0
peculiarity,-0.3,0,0
reconcile,-0.3,0,0
dotting,-0.3,0,0
newport,-0.3,0,0
assumed,-0.3,0,0
ohhh,-0.3,0,0
subsidized,-0.3,0,0
juicy,-0.3,0,0
beachcomber,-0.3,0,0
kebab,-0.3,0,0
conjure,-0.3,0,0
glorifier,-0.3,0,0
conciliator,-0.3,0,0
looky,-0.3,0,0
term,-0.3,0,0
magnet,-0.3,0,0
cayenne,-0.3,0,0
deli,-0.3,0,0
inlay,-0.3,0,0
rainless,-0.3,0,0
leastways,-0.3,0,0
myriad,-0.3,0,0
rancher,-0.3,0,0
boyish,-0.3,0,-1
paternity,-0.3,0,0
undock,-0.3,0,0
windbreak,-0.3,0,0
dirt,-0.3,0,0
bylaw,-0.3,0,0
improvisation,-0.3,0,0
chat,-0.3,0,0
distinctiveness,-0.3,0,0
foothold,-0.3,0,0
enough,-0.3,0,0
farmhouse,-0.3,0,0
churchy,-0.3,0,0
relativity,-0.3,0,0
winterize,-0.3,0,0
hirsute,-0.3,0,0
forgetting,-0.3,0,0
buck,-0.3,0,0
editing,-0.3,0,0
truck,-0.3,0,0
allied,-0.3,0,0
component,-0.3,0,0
suffuse,-0.3,0,0
yap,-0.3,0,-1
chicken,-0.3,0,0
spiciness,-0.3,0,0
diner,-0.3,0,0
reservoir,-0.3,0,0
bulk,-0.3,0,0
pokiness,-0.3,0,-1
reface,-0.3,0,0
regatta,-0.3,0,0
chimney,-0.3,0,0
babe,-0.3,0,0
aetiology,-0.3,0,0
stone,-0.3,0,0
meek,-0.3,0,1
fieldstone,-0.3,0,0
doll,-0.3,0,0
bedroll,-0.3,0,0
amazingly,-0.3,0,-1
authorized,-0.3,0,0
jumper,-0.3,0,0
budge,-0.3,0,0
noir,-0.31,0,0
nonconventional,-0.31,0,0
mayflower,-0.31,0,0
uninventive,-0.31,0,0
successively,-0.31,0,0
unconsumed,-0.31,0,0
congruity,-0.31,0,0
sweetish,-0.31,0,0
obligate,-0.31,0,0
buttercup,-0.31,0,0
cerebella,-0.31,0,0
rehearse,-0.31,0,-1
streamline,-0.31,0,0
inn,-0.32,0,0
vapor,-0.32,0,0
continuity,-0.32,0,0
greenwood,-0.33,0,0
dozen,-0.33,0,0
anciently,-0.33,0,0
accountable,-0.33,0,0
demeanor,-0.33,0,0
porthole,-0.33,0,0
outsell,-0.33,0,0
icebreaker,-0.33,0,-1
townsfolk,-0.33,0,0
closemouthed,-0.33,0,0
unexceptional,-0.33,0,0
adopt,-0.33,0,0
wicker,-0.33,0,0
uncollected,-0.33,0,0
biographical,-0.33,0,0
chalk,-0.33,0,0
climb,-0.33,0,-2
sinew,-0.33,0,0
fidelity,-0.33,0,0
sporadic,-0.33,0,0
intertwined,-0.33,0,0
edibility,-0.33,0,0
inclusiveness,-0.33,0,-1
forefront,-0.33,0,0
earthly,-0.33,0,0
vehicular,-0.33,0,0
uninfluenced,-0.33,0,0
quell,-0.33,0,0
quintessence,-0.33,0,0
aww,-0.33,0,0
extravert,-0.33,0,0
rotundity,-0.33,0,0
worshipper,-0.33,0,0
cultured,-0.33,0,1
sunder,-0.33,0,0
scholasticism,-0.33,0,0
curvy,-0.33,0,0
lungfish,-0.33,0,0
inactiveness,-0.33,0,0
linearly,-0.33,0,0
holly,-0.33,0,0
cabbie,-0.33,0,0
volleyball,-0.33,0,0
ale,-0.33,0,0
darn,-0.33,0,0
wagon,-0.33,0,0
manicured,-0.33,0,0
remove,-0.33,0,0
bungalow,-0.33,0,0
undertook,-0.33,0,0
smokeless,-0.33,0,0
suspend,-0.33,0,0
pudginess,-0.33,0,0
glimmer,-0.33,0,0
highroad,-0.33,0,0
holistically,-0.33,0,0
confuser,-0.33,0,-1
vocalize,-0.33,0,0
banter,-0.33,0,-1
harmonium,-0.33,0,0
seabird,-0.33,0,0
parsimoniousness,-0.33,0,0
abate,-0.33,0,0
unengaged,-0.33,0,-1
spic,-0.33,0,0
extensiveness,-0.33,0,0
pewter,-0.33,0,0
slackly,-0.33,0,0
recollect,-0.33,0,0
synchronicity,-0.33,0,0
dwell,-0.33,0,0
freckles,-0.33,0,0
skillfully,-0.33,0,0
medalist,-0.33,0,0
rhomboidal,-0.33,0,0
bulkiness,-0.33,0,0
opal,-0.33,0,0
salmon,-0.33,0,0
accommodate,-0.33,0,0
adulate,-0.33,0,1
treehouse,-0.33,0,0
limo,-0.33,0,-1
golfing,-0.33,0,0
nonphysical,-0.33,0,0
appeasement,-0.33,0,0
insolate,-0.33,0,0
cyberspace,-0.33,0,-1
radiogram,-0.33,0,0
spiritualize,-0.33,0,0
cheesemonger,-0.33,0,0
pastel,-0.33,0,0
transmitter,-0.33,0,0
gymnasium,-0.33,0,0
searcher,-0.33,0,0
sloop,-0.33,0,0
circulator,-0.33,0,0
daffodil,-0.33,0,0
oils,-0.33,0,0
curd,-0.33,0,0
clucky,-0.33,0,0
skiing,-0.33,0,0
neighborhood,-0.33,0,0
determinate,-0.33,0,0
canoeist,-0.33,0,0
northward,-0.33,0,0
idealess,-0.33,0,0
beside,-0.33,0,0
healthfully,-0.33,0,0
flowerpot,-0.33,0,0
prosaically,-0.33,0,0
masterfulness,-0.33,0,0
anyhow,-0.33,0,0
everblooming,-0.33,0,0
erudite,-0.33,0,0
picture,-0.33,0,0
protectorate,-0.33,0,0
soy,-0.33,0,0
study,-0.33,0,0
deactivate,-0.33,0,0
floral,-0.33,0,0
bathwater,-0.33,0,0
corona,-0.33,0,0
abstractedness,-0.33,0,0
orbiting,-0.33,0,0
guide,-0.33,0,0
consolidated,-0.33,0,0
office,-0.33,0,0
fortyish,-0.33,0,0
beguiler,-0.33,0,0
chocolate,-0.33,0,-1
commiseration,-0.33,0,1
maidenhood,-0.33,0,0
mushy,-0.33,0,0
pedicure,-0.33,0,0
chinatown,-0.33,0,0
deadwood,-0.33,0,0
babies,-0.33,0,-1
cutely,-0.33,0,0
exchangeable,-0.33,0,0
residential,-0.33,0,0
arborous,-0.33,0,0
cubbyhole,-0.33,0,0
stargazer,-0.33,0,0
faultless,-0.33,0,0
matronly,-0.33,0,0
unbuckled,-0.33,0,-1
parasol,-0.33,0,0
backstage,-0.33,0,-1
moneyman,-0.33,0,0
fireproof,-0.33,0,0
arithmetic,-0.33,0,0
tactful,-0.33,0,0
employee,-0.33,0,0
mutedly,-0.33,0,-1
obsolete,-0.33,0,0
arse,-0.33,0,1
lowerclassmen,-0.33,0,-1
refrigerate,-0.33,0,0
shades,-0.33,0,0
airway,-0.33,0,0
abstract,-0.33,0,0
possibilities,-0.33,0,0
shoo,-0.33,0,-1
airplay,-0.33,0,0
sundown,-0.33,0,0
mushiness,-0.33,0,-1
coldly,-0.33,0,0
edify,-0.33,0,0
reconvene,-0.33,0,0
elucidate,-0.33,0,0
mantelpiece,-0.33,0,0
quizzical,-0.33,0,0
propel,-0.33,0,0
leaned,-0.33,0,0
downy,-0.33,0,-1
phraseology,-0.33,0,0
negotiated,-0.33,0,0
lowland,-0.33,0,0
naturalistically,-0.33,0,0
explainer,-0.33,0,0
heedful,-0.33,0,-1
abstinent,-0.33,0,0
occupied,-0.33,0,0
medley,-0.33,0,0
audibleness,-0.33,0,0
infantry,-0.33,0,1
plaza,-0.33,0,0
scat,-0.33,0,0
glorification,-0.33,0,1
showtime,-0.33,0,0
fabulousness,-0.33,0,0
underfoot,-0.33,0,0
rusty,-0.33,0,0
neurobiologist,-0.33,0,0
longish,-0.33,0,0
amenity,-0.33,0,-1
volume,-0.33,0,0
crossed,-0.33,0,0
permeation,-0.33,0,0
hinge,-0.33,0,0
wifeless,-0.33,0,0
ravine,-0.33,0,-1
dulcet,-0.33,0,0
abstinence,-0.33,0,0
sparkling,-0.33,0,-1
brought,-0.33,0,0
sipping,-0.33,0,0
foil,-0.33,0,0
skim,-0.33,0,0
reenter,-0.33,0,0
gate,-0.33,0,0
matting,-0.33,0,0
washing,-0.33,0,0
conscientious,-0.33,0,0
sidestroke,-0.33,0,0
cellist,-0.33,0,0
roast,-0.33,0,0
fervently,-0.33,0,0
magnetism,-0.33,0,0
wasting,-0.33,0,1
unveil,-0.33,0,0
academia,-0.33,0,0
correctively,-0.33,0,0
propose,-0.33,0,0
aroma,-0.33,0,0
ice,-0.33,0,0
floorer,-0.33,0,0
thrall,-0.33,0,0
compo,-0.33,0,0
analgesic,-0.33,0,0
noncommittally,-0.33,0,0
vocational,-0.33,0,0
octave,-0.33,0,0
waitperson,-0.33,0,0
nectar,-0.33,0,0
joint,-0.33,0,0
grime,-0.33,0,-1
scalable,-0.33,0,0
bullion,-0.33,0,0
linear,-0.33,0,0
sleepwalk,-0.33,0,0
keyboard,-0.33,0,0
rid,-0.33,0,0
gymnast,-0.33,0,0
boon,-0.33,0,0
prevail,-0.33,0,0
idly,-0.33,0,0
naturally,-0.33,0,0
unshaven,-0.33,0,-1
spade,-0.33,0,0
cistern,-0.33,0,0
roundtrip,-0.33,0,0
cleaner,-0.33,0,0
butterball,-0.33,0,0
toymaker,-0.33,0,0
nonslip,-0.33,0,0
exquisitely,-0.33,0,1
offhand,-0.33,0,0
thanks,-0.33,0,0
divination,-0.33,0,0
wordplay,-0.33,0,-1
infant,-0.33,0,0
antiquity,-0.33,0,0
unplug,-0.33,0,0
carton,-0.33,0,0
occupying,-0.33,0,0
headland,-0.33,0,0
babushka,-0.33,0,0
flattered,-0.33,0,-1
deferentially,-0.33,0,0
contemplatively,-0.33,0,0
exfoliation,-0.33,0,0
masterfully,-0.33,0,0
adequate,-0.33,0,0
surround,-0.33,0,0
blueberry,-0.33,0,0
cannily,-0.33,0,0
racehorse,-0.33,0,0
balcony,-0.33,0,-1
pungent,-0.33,0,-1
electrotherapy,-0.33,0,1
funkiness,-0.33,0,0
gameplay,-0.33,0,0
numerously,-0.33,0,0
chummily,-0.33,0,0
skater,-0.33,0,0
altarpiece,-0.33,0,0
probation,-0.33,0,-1
amply,-0.33,0,0
grapefruit,-0.33,0,0
comely,-0.33,0,-1
diplomacy,-0.33,0,0
xenophile,-0.33,0,0
forewoman,-0.33,0,0
shorebird,-0.33,0,0
natty,-0.33,0,0
appreciably,-0.33,0,0
immunity,-0.33,0,0
everlastingness,-0.33,0,0
broadway,-0.33,0,0
stepladder,-0.33,0,0
afterthought,-0.33,0,0
dazzle,-0.33,0,0
superabundant,-0.33,0,0
virtually,-0.33,0,0
villa,-0.33,0,0
coalfield,-0.33,0,0
dewdrop,-0.33,0,0
downfield,-0.33,0,0
presence,-0.33,0,0
speediness,-0.33,0,0
preferred,-0.33,0,0
aim,-0.33,0,0
clarinetist,-0.33,0,0
lowering,-0.33,0,0
gallery,-0.33,0,0
discuss,-0.33,0,0
cote,-0.33,0,0
embroidery,-0.33,0,0
syncopate,-0.33,0,0
simplifier,-0.33,0,0
pony,-0.33,0,0
humanitarian,-0.33,0,0
backbone,-0.33,0,0
nonintellectual,-0.33,0,0
swag,-0.33,0,0
surviving,-0.33,0,-1
homogeneousness,-0.33,0,0
abbot,-0.33,0,0
instate,-0.33,0,0
winning,-0.33,0,0
stateside,-0.33,0,0
sweetbread,-0.33,0,0
culinary,-0.33,0,0
flowery,-0.33,0,-1
jumpsuit,-0.33,0,0
comprehensible,-0.33,0,0
combiner,-0.33,0,0
birdcall,-0.33,0,0
solvent,-0.33,0,0
hoopskirt,-0.33,0,0
guise,-0.33,0,0
snowing,-0.33,0,0
abroad,-0.33,0,0
cord,-0.33,0,0
expender,-0.33,0,0
teenaged,-0.33,0,-1
exceeding,-0.33,0,-1
nextdoor,-0.33,0,0
futon,-0.33,0,0
adios,-0.33,0,0
mentorship,-0.33,0,0
subsequent,-0.33,0,0
luv,-0.33,0,0
popcorn,-0.33,0,0
beneath,-0.33,0,0
ukulele,-0.33,0,0
muscle,-0.33,0,0
grandness,-0.33,0,0
cosmopolitanism,-0.33,0,0
platonic,-0.33,0,0
celery,-0.33,0,0
pretext,-0.33,0,1
absoluteness,-0.33,0,0
acknowledgeable,-0.33,0,0
canoe,-0.33,0,0
curiosity,-0.33,0,0
overskirt,-0.33,0,0
runway,-0.33,0,0
adventuresome,-0.33,0,-1
varnisher,-0.33,0,0
invincibly,-0.33,0,0
collaborator,-0.33,0,0
stretch,-0.33,0,0
debug,-0.33,0,0
observance,-0.33,0,0
minnow,-0.33,0,0
unregimented,-0.33,0,-1
sebaceous,-0.33,0,0
recognizable,-0.33,0,0
springtide,-0.33,0,0
dairy,-0.33,0,0
noteworthiness,-0.33,0,0
folly,-0.33,0,1
gainful,-0.33,0,0
knickers,-0.33,0,0
pillow,-0.33,0,0
reptilian,-0.33,0,0
intelligible,-0.33,0,0
shied,-0.33,0,-1
alimentation,-0.33,0,0
tit,-0.33,0,0
waltz,-0.33,0,0
immovable,-0.33,0,0
courageousness,-0.33,0,0
literary,-0.33,0,0
compensable,-0.33,0,0
nonsocial,-0.33,0,-1
ruby,-0.33,0,0
detainer,-0.33,0,-1
breezeway,-0.33,0,0
unhistorical,-0.33,0,0
inexhaustible,-0.33,0,0
sacredly,-0.33,0,0
transaction,-0.33,0,0
outbox,-0.33,0,0
observation,-0.33,0,0
reading,-0.33,0,0
prestige,-0.33,0,-1
tepidity,-0.33,0,0
unsnarl,-0.33,0,0
superabundance,-0.33,0,0
fuchsia,-0.33,0,0
polychromatic,-0.33,0,0
grinning,-0.33,0,0
diode,-0.33,0,0
homestretch,-0.33,0,0
underutilized,-0.33,0,0
wrapping,-0.33,0,0
lovingness,-0.33,0,0
bra,-0.33,0,0
sump,-0.33,0,0
industriously,-0.33,0,0
latticed,-0.33,0,0
settlement,-0.33,0,0
cranberry,-0.33,0,0
chastely,-0.33,0,0
toe,-0.33,0,0
defroster,-0.33,0,0
trot,-0.33,0,0
liberally,-0.33,0,0
prepossess,-0.33,0,0
private,-0.33,0,0
dustproof,-0.33,0,0
snowline,-0.33,0,0
thin,-0.33,0,0
protecting,-0.33,0,1
segment,-0.33,0,0
candidly,-0.33,0,0
embedded,-0.33,0,0
dark,-0.33,0,0
marmalade,-0.33,0,0
impersonal,-0.33,0,0
aromatic,-0.33,0,0
undressed,-0.33,0,1
jocular,-0.33,0,0
greater,-0.33,0,0
lethargy,-0.33,0,1
gaiety,-0.33,0,1
christening,-0.33,0,0
supervisee,-0.33,0,0
unlamented,-0.33,0,0
undisrupted,-0.33,0,0
atone,-0.33,0,0
tonight,-0.33,0,0
stepstool,-0.33,0,0
movie,-0.33,0,0
skip,-0.33,0,0
councilor,-0.33,0,0
oleander,-0.33,0,0
lifelong,-0.33,0,0
snowmelt,-0.33,0,0
uptempo,-0.33,0,0
tavern,-0.33,0,0
atmospheric,-0.33,0,0
unexcelled,-0.33,0,0
oversight,-0.33,0,-1
tugboat,-0.33,0,0
bibliophilist,-0.33,0,0
digestion,-0.33,0,0
perusable,-0.33,0,0
bald,-0.33,0,0
islet,-0.33,0,0
repairman,-0.33,0,0
proximal,-0.33,0,0
quotably,-0.33,0,0
erased,-0.33,0,0
servile,-0.33,0,0
tripod,-0.33,0,0
unstudied,-0.33,0,-1
wirelessly,-0.33,0,0
awwww,-0.33,0,0
mouthwatering,-0.33,0,0
handbook,-0.33,0,0
suburb,-0.33,0,0
bum,-0.33,0,0
busload,-0.33,0,-1
disengaged,-0.33,0,0
meadow,-0.33,0,0
taxicab,-0.33,0,0
handsome,-0.35,0,0
backpacker,-0.35,0,0
unpainted,-0.36,0,0
outspread,-0.36,0,0
insensibly,-0.36,0,0
uninterruptedly,-0.36,0,0
desensitize,-0.36,0,-1
efficacious,-0.36,0,0
leatherjacket,-0.36,0,0
northwesterly,-0.36,0,0
feasibleness,-0.36,0,0
harem,-0.36,0,0
applause,-0.36,0,-1
unadventurous,-0.36,0,-1
instructive,-0.37,0,0
woolgathering,-0.38,0,0
casually,-0.38,0,0
tartness,-0.38,0,-1
brasserie,-0.38,0,0
blowing,-0.38,0,0
dissolution,-0.38,0,0
bowery,-0.38,0,0
conservation,-0.38,0,0
sourness,-0.38,0,-1
accept,-0.38,0,0
keeping,-0.38,0,0
townsman,-0.38,0,0
similar,-0.38,0,0
orchestration,-0.38,0,0
eligible,-0.38,0,0
guardian,-0.38,0,0
collect,-0.38,0,0
gassy,-0.38,0,0
calibration,-0.38,0,0
banjo,-0.38,0,0
swab,-0.38,0,0
equalization,-0.38,0,0
utopian,-0.38,0,0
hierarchical,-0.38,0,0
unjacketed,-0.38,0,0
rural,-0.38,0,0
gracias,-0.38,0,0
filling,-0.38,0,0
uncontested,-0.38,0,0
sunbonnet,-0.38,0,0
drinking,-0.38,0,1
excretory,-0.38,0,0
wry,-0.38,0,0
scrawl,-0.38,0,0
evidentially,-0.38,0,0
trivially,-0.38,0,0
analogize,-0.38,0,0
irreverent,-0.38,0,0
unitarian,-0.38,0,0
piano,-0.38,0,0
cobble,-0.38,0,0
diverting,-0.38,0,0
pat,-0.38,0,0
birdwatching,-0.38,0,0
reduction,-0.38,0,0
senior,-0.38,0,0
disguised,-0.38,0,0
appropriately,-0.38,0,0
stub,-0.38,0,0
strawberries,-0.38,0,0
romanticist,-0.38,0,0
vert,-0.38,0,0
primetime,-0.38,0,0
civically,-0.38,0,0
capaciously,-0.38,0,0
perusal,-0.38,0,0
unalloyed,-0.38,0,0
thermostat,-0.38,0,0
boa,-0.38,0,0
greatly,-0.38,0,0
castoff,-0.38,0,0
lambskin,-0.38,0,0
controvertible,-0.38,0,0
undiscerning,-0.38,0,0
jasmine,-0.38,0,0
nodding,-0.38,0,0
coexistence,-0.38,0,0
governor,-0.38,0,0
abridgement,-0.38,0,0
unashamedly,-0.38,0,-1
anecdote,-0.38,0,0
sodding,-0.38,0,0
iciness,-0.38,0,0
retune,-0.38,0,0
bingo,-0.38,0,0
guilelessly,-0.38,0,0
giddap,-0.38,0,0
forgetfully,-0.38,0,0
classically,-0.38,0,0
agonistic,-0.38,0,0
lakefront,-0.38,0,0
attire,-0.38,0,0
flag,-0.38,0,0
compliable,-0.38,0,-1
gastronomy,-0.38,0,0
sheer,-0.38,0,0
sidelines,-0.38,0,0
undividable,-0.38,0,0
fishingpole,-0.38,0,0
emolliate,-0.38,0,0
byline,-0.38,0,0
fairground,-0.38,0,0
redistributive,-0.38,0,0
remain,-0.38,0,0
poultry,-0.38,0,0
uniformly,-0.38,0,0
salient,-0.38,0,0
stroller,-0.38,0,0
bibliomaniac,-0.38,0,0
amend,-0.38,0,0
intermitted,-0.38,0,0
delicacy,-0.38,0,-1
preeminent,-0.38,0,0
blond,-0.38,0,0
unloaded,-0.38,0,0
unscramble,-0.38,0,0
camper,-0.38,0,0
wetness,-0.38,0,0
excess,-0.38,0,-1
cutie,-0.38,0,0
sulkily,-0.38,0,0
undomesticated,-0.38,0,0
hiatus,-0.38,0,0
visitor,-0.38,0,0
girly,-0.38,0,0
overcoat,-0.38,0,0
unapologetic,-0.38,0,-1
gummy,-0.38,0,0
sentimental,-0.38,0,1
waterfowl,-0.38,0,0
capturer,-0.38,0,-1
prominently,-0.38,0,0
nativity,-0.38,0,0
untilled,-0.38,0,0
airstrip,-0.38,0,0
prepared,-0.38,0,0
geopolitical,-0.38,0,0
distinction,-0.38,0,0
prospect,-0.38,0,0
ownership,-0.38,0,0
groove,-0.38,0,0
cohesively,-0.38,0,0
breastfeed,-0.38,0,0
imaginary,-0.38,0,0
laxity,-0.38,0,0
migration,-0.38,0,0
forefathers,-0.38,0,0
springiness,-0.38,0,0
esthetic,-0.38,0,0
tetrahedron,-0.38,0,0
advised,-0.38,0,0
embargo,-0.38,0,1
freeborn,-0.38,0,0
managerially,-0.38,0,0
overindulgent,-0.38,0,-1
plush,-0.38,0,-1
hibiscus,-0.38,0,0
skinless,-0.38,0,0
usualness,-0.38,0,0
salvageable,-0.38,0,0
earlier,-0.38,0,0
chic,-0.38,0,0
mist,-0.38,0,-1
mesmeriser,-0.38,0,0
stepbrother,-0.38,0,0
malachite,-0.38,0,0
bonus,-0.38,0,0
overdrive,-0.38,0,-1
grammy,-0.38,0,0
char,-0.38,0,-1
hobbies,-0.38,0,-1
solitariness,-0.38,0,-1
unreinforced,-0.38,0,0
farmyard,-0.38,0,0
unfortified,-0.38,0,0
posthumous,-0.38,0,0
kayak,-0.38,0,0
caregiving,-0.38,0,-1
psychical,-0.38,0,0
gardening,-0.38,0,-1
eastern,-0.38,0,0
resonant,-0.38,0,0
unspent,-0.38,0,0
geeky,-0.38,0,0
undimmed,-0.38,0,0
gratuitous,-0.38,0,0
reformation,-0.38,0,0
reinforce,-0.38,0,0
trend,-0.38,0,0
retrain,-0.38,0,0
seamless,-0.38,0,0
hobby,-0.38,0,0
basso,-0.38,0,0
growth,-0.38,0,0
swath,-0.38,0,0
tonic,-0.38,0,-1
subterranean,-0.38,0,0
regularly,-0.38,0,0
euphonically,-0.38,0,0
microcrystal,-0.38,0,0
subset,-0.38,0,0
classic,-0.38,0,0
divert,-0.38,0,0
luggage,-0.38,0,0
comprehensibleness,-0.38,0,0
accumulate,-0.4,0,0
apparel,-0.4,0,0
accessibly,-0.4,0,0
shrimp,-0.4,0,0
perpendicularly,-0.4,0,0
elliptically,-0.4,0,0
girth,-0.4,0,0
gourmet,-0.4,0,0
spatially,-0.4,0,0
port,-0.4,0,0
cereal,-0.4,0,0
ensure,-0.4,0,0
superficially,-0.4,0,-1
covenant,-0.4,0,0
squeezable,-0.4,0,0
bubblegum,-0.4,0,0
offline,-0.4,0,0
unselect,-0.4,0,0
acquit,-0.4,0,0
stack,-0.4,0,0
stringer,-0.4,0,0
commend,-0.4,0,0
wildwood,-0.4,0,1
stateroom,-0.4,0,0
emersion,-0.4,0,0
waved,-0.4,0,-1
crispiness,-0.4,0,0
infrared,-0.4,0,0
unquestioned,-0.4,0,0
indulgent,-0.4,0,-1
order,-0.4,0,0
kettleful,-0.4,0,0
chaplain,-0.4,0,0
sphere,-0.4,0,0
shingled,-0.4,0,0
renumber,-0.4,0,0
stillwaiting,-0.4,0,-1
improvisational,-0.4,0,0
hoe,-0.4,0,0
locator,-0.4,0,0
statue,-0.4,0,0
circularity,-0.4,0,-1
mixer,-0.4,0,0
weights,-0.4,0,0
approvement,-0.4,0,0
superlatively,-0.4,0,0
continuative,-0.4,0,0
untaken,-0.4,0,0
disengagement,-0.4,0,-1
reorientation,-0.4,0,0
lyric,-0.4,0,0
atonement,-0.4,0,0
fancier,-0.4,0,0
huggy,-0.4,0,-1
manageability,-0.4,0,0
demonstrated,-0.4,0,1
beck,-0.4,0,0
hibernator,-0.4,0,0
slicken,-0.4,0,0
mossy,-0.4,0,0
mackerel,-0.4,0,0
conservatively,-0.4,0,0
canto,-0.4,0,0
unrecognizably,-0.4,0,0
bohemia,-0.4,0,0
transport,-0.4,0,0
bemusedly,-0.4,0,0
bowlegged,-0.4,0,0
strictness,-0.4,0,-1
tango,-0.4,0,0
irreverence,-0.4,0,-1
thinning,-0.4,0,0
yokeless,-0.4,0,0
whiskers,-0.4,0,0
ark,-0.4,0,0
pamper,-0.4,0,-1
trace,-0.4,0,0
uneventful,-0.4,0,0
twig,-0.4,0,0
retrieve,-0.4,0,0
carnal,-0.4,0,0
sanity,-0.4,0,0
yacht,-0.4,0,0
conceded,-0.4,0,0
chandelier,-0.4,0,0
mandoline,-0.4,0,0
nearsighted,-0.4,0,-1
gratis,-0.4,0,0
infomercial,-0.4,0,-1
anglicize,-0.4,0,0
fridge,-0.4,0,0
confide,-0.4,0,-1
unflinching,-0.4,0,0
ostensibly,-0.4,0,-1
riverbank,-0.4,0,0
jetski,-0.4,0,0
seasonably,-0.4,0,-1
smokiness,-0.4,0,0
womanliness,-0.4,0,0
raceway,-0.4,0,0
vein,-0.4,0,0
hunky,-0.4,0,0
bulge,-0.4,0,-1
silicone,-0.4,0,0
stonily,-0.4,0,0
cheekily,-0.4,0,0
stripped,-0.4,0,0
indefinite,-0.4,0,0
indoor,-0.4,0,0
delectably,-0.4,0,0
sidebar,-0.4,0,0
hear,-0.4,0,0
bowed,-0.4,0,-1
confidant,-0.4,0,0
systemically,-0.4,0,0
inflect,-0.4,0,-1
toboggan,-0.4,0,0
sunstruck,-0.4,0,-1
vying,-0.4,0,0
fleetingness,-0.4,0,0
everywhere,-0.4,0,0
tryst,-0.4,0,-1
watermelon,-0.4,0,0
playpen,-0.4,0,0
bopper,-0.4,0,0
pursed,-0.4,0,0
cartwheel,-0.4,0,0
frumpish,-0.4,0,0
sing,-0.4,0,0
candlestick,-0.4,0,0
chance,-0.4,0,-1
riverbed,-0.4,0,0
safehouse,-0.4,0,0
featured,-0.4,0,0
father,-0.4,0,0
remission,-0.4,0,0
relay,-0.4,0,0
unswayable,-0.4,0,0
humorously,-0.4,0,0
northland,-0.4,0,0
dinnertime,-0.4,0,0
bouillon,-0.4,0,0
tock,-0.4,0,0
coquette,-0.4,0,-1
tailwind,-0.4,0,0
environmentally,-0.4,0,0
tang,-0.4,0,0
incumbently,-0.4,0,0
relinquish,-0.4,0,0
brackish,-0.4,0,-1
quote,-0.4,0,0
anointing,-0.4,0,0
mason,-0.4,0,0
paddy,-0.4,0,0
upstairs,-0.4,0,0
exceed,-0.4,0,0
melange,-0.4,0,0
knacker,-0.4,0,0
rote,-0.4,0,0
carpool,-0.4,0,0
cafe,-0.4,0,0
wed,-0.4,0,0
intimateness,-0.4,0,0
funky,-0.4,0,0
chalice,-0.4,0,0
prep,-0.4,0,0
mulligan,-0.4,0,0
bluesman,-0.4,0,0
singing,-0.4,0,0
dipping,-0.4,0,-1
validate,-0.4,0,0
pathway,-0.4,0,0
edgeless,-0.4,0,0
invert,-0.4,0,0
ethereally,-0.4,0,0
sweatpants,-0.4,0,0
moneysaving,-0.4,0,0
kingdom,-0.4,0,0
disembark,-0.4,0,-1
frivolously,-0.4,0,-1
unpack,-0.4,0,0
bricklayer,-0.4,0,0
inexpressiveness,-0.4,0,0
quarryman,-0.4,0,0
hedgerow,-0.4,0,0
accompaniment,-0.4,0,0
unaccountability,-0.4,0,0
brassiere,-0.4,0,0
pitcher,-0.4,0,0
scriptwriter,-0.4,0,0
melody,-0.4,0,0
borscht,-0.4,0,0
caveman,-0.4,0,0
creative,-0.4,0,0
conjugated,-0.4,0,0
gimmicky,-0.4,0,0
pesos,-0.4,0,0
custard,-0.4,0,0
buttonholer,-0.4,0,0
squiggly,-0.4,0,0
hygienically,-0.4,0,0
noob,-0.4,0,0
mistily,-0.4,0,0
occasionally,-0.4,0,0
doorbell,-0.4,0,-1
honorarium,-0.4,0,0
gospel,-0.4,0,0
homogenization,-0.4,0,0
feathered,-0.4,0,0
lustfully,-0.4,0,-1
applicable,-0.4,0,0
unconditionally,-0.4,0,0
promptly,-0.4,0,0
refreshment,-0.4,0,0
economizer,-0.4,0,0
static,-0.4,0,0
seafowl,-0.4,0,0
clapped,-0.4,0,0
rotate,-0.4,0,0
medium,-0.4,0,0
grenadine,-0.4,0,-1
inconsequentiality,-0.4,0,0
homie,-0.4,0,0
floss,-0.4,0,0
kinesis,-0.4,0,0
preen,-0.4,0,0
costar,-0.4,0,0
complexion,-0.4,0,0
thread,-0.4,0,0
appeaser,-0.4,0,-1
ego,-0.4,0,0
charger,-0.4,0,0
loftiness,-0.4,0,0
masterly,-0.4,0,0
tradeoff,-0.4,0,0
restorable,-0.4,0,0
nightie,-0.4,0,0
doer,-0.4,0,0
contiguous,-0.4,0,0
proportions,-0.4,0,0
matinee,-0.4,0,0
houseboat,-0.4,0,0
heather,-0.4,0,0
polyphonic,-0.4,0,0
bathing,-0.4,0,0
ubiquitous,-0.4,0,0
shrank,-0.4,0,0
tolerable,-0.4,0,0
traditionalize,-0.4,0,0
whist,-0.4,0,0
sophisticate,-0.4,0,0
unripe,-0.4,0,0
reside,-0.4,0,0
vanguard,-0.4,0,0
specular,-0.4,0,0
impregnable,-0.4,0,0
conquerable,-0.4,0,-1
paso,-0.4,0,0
partway,-0.4,0,0
grayness,-0.4,0,0
loosen,-0.4,0,0
fortuitously,-0.4,0,0
mysticism,-0.4,0,0
snorkeler,-0.4,0,0
sharer,-0.4,0,0
stage,-0.4,0,-1
cornrow,-0.4,0,0
adjudication,-0.4,0,0
surf,-0.4,0,0
pub,-0.4,0,0
ploughman,-0.4,0,0
transfer,-0.4,0,-1
golf,-0.4,0,0
creditable,-0.4,0,0
draw,-0.4,0,0
neighbor,-0.4,0,-1
fulltime,-0.4,0,0
sanctification,-0.4,0,0
mousy,-0.4,0,1
inspirer,-0.4,0,0
faded,-0.4,0,-1
conformist,-0.4,0,0
digestible,-0.4,0,0
uneaten,-0.4,0,0
knocker,-0.4,0,0
overlaid,-0.4,0,0
along,-0.4,0,0
recoil,-0.4,0,1
nonevent,-0.4,0,0
judge,-0.4,0,0
herein,-0.4,0,0
stored,-0.4,0,0
tracker,-0.4,0,0
saffron,-0.4,0,-1
valet,-0.4,0,0
lees,-0.4,0,0
primp,-0.4,0,0
expertly,-0.4,0,0
mommy,-0.4,0,-1
unmarred,-0.4,0,0
dallying,-0.4,0,-1
shire,-0.4,0,0
inclinable,-0.4,0,0
pansy,-0.4,0,0
gone,-0.4,0,0
synchronistic,-0.4,0,0
shapely,-0.4,0,0
incapably,-0.4,0,0
sly,-0.4,0,1
partial,-0.4,0,0
pride,-0.4,0,0
gleam,-0.4,0,0
collector,-0.4,0,0
refinement,-0.4,0,0
focal,-0.4,0,-1
underskirt,-0.4,0,0
typewriter,-0.4,0,0
hostel,-0.4,0,-1
proletarian,-0.4,0,0
unexposed,-0.4,0,0
weirder,-0.4,0,-1
wayfare,-0.4,0,-1
gimmickry,-0.4,0,0
undervalued,-0.4,0,-1
ignoble,-0.4,0,-1
concise,-0.4,0,0
reshuffle,-0.4,0,0
lasso,-0.4,0,0
trailhead,-0.4,0,0
quickly,-0.4,0,0
seashore,-0.4,0,0
stay,-0.4,0,-1
unbefitting,-0.4,0,-1
reaper,-0.4,0,0
supporting,-0.4,0,0
uneventfully,-0.4,0,0
rankness,-0.4,0,0
indemnity,-0.4,0,0
position,-0.4,0,0
memorialize,-0.4,0,0
alas,-0.4,0,-1
broadminded,-0.4,0,0
righteously,-0.4,0,0
redwing,-0.4,0,0
polygamy,-0.4,0,0
intelligibility,-0.4,0,0
smorgasbord,-0.4,0,0
unsmiling,-0.4,0,-1
bodily,-0.4,0,0
agreement,-0.4,0,-1
antiques,-0.4,0,0
proven,-0.4,0,0
kiddy,-0.4,0,0
nunnery,-0.4,0,0
boater,-0.4,0,0
hatband,-0.4,0,0
distantly,-0.4,0,0
clubs,-0.4,0,0
feast,-0.4,0,0
upperclassman,-0.42,0,0
reciprocate,-0.42,0,0
lifeline,-0.42,0,0
clamming,-0.42,0,0
statesmanlike,-0.42,0,0
nonprofessional,-0.42,0,0
greener,-0.42,0,0
indigenousness,-0.42,0,0
entrails,-0.42,0,0
discounted,-0.42,0,0
teal,-0.42,0,0
seamlessly,-0.42,0,0
antiqueness,-0.42,0,0
revelatory,-0.43,0,1
gluey,-0.43,0,0
dedicate,-0.43,0,0
released,-0.43,0,0
tea,-0.43,0,0
electrically,-0.43,0,0
choosy,-0.43,0,0
metronome,-0.43,0,0
poised,-0.43,0,-2
tinplate,-0.43,0,0
evenhandedly,-0.43,0,0
replay,-0.43,0,0
ephemerally,-0.43,0,0
meticulously,-0.43,0,0
outfield,-0.43,0,0
tribunal,-0.43,0,0
solidity,-0.43,0,0
adept,-0.43,0,0
whup,-0.43,0,0
kindler,-0.43,0,0
sympathetically,-0.43,0,0
callow,-0.43,0,0
blocker,-0.43,0,0
shield,-0.43,0,0
firsthand,-0.43,0,0
holyspirit,-0.43,0,0
elderly,-0.43,0,0
airspeed,-0.43,0,0
stimulation,-0.43,0,-1
indistinctiveness,-0.43,0,0
gingerly,-0.43,0,1
opalescent,-0.43,0,0
dumplings,-0.43,0,0
betterment,-0.43,0,0
sleepover,-0.43,0,0
headrest,-0.43,0,0
fostering,-0.43,0,-1
seek,-0.43,0,-1
drudgery,-0.43,0,-1
volunteerism,-0.43,0,0
inhibition,-0.43,0,-1
absentminded,-0.43,0,0
unimagined,-0.43,0,0
justness,-0.43,0,0
pamperer,-0.43,0,0
kitsch,-0.43,0,0
pond,-0.43,0,0
recreate,-0.43,0,0
decreasing,-0.43,0,0
descend,-0.43,0,1
sweeten,-0.43,0,0
colorant,-0.43,0,0
roominess,-0.43,0,0
weightily,-0.43,0,-1
famousness,-0.43,0,-1
parlor,-0.43,0,0
trudge,-0.43,0,-1
abjudicate,-0.43,0,0
adornment,-0.43,0,0
pancetta,-0.43,0,0
planner,-0.43,0,0
yachtsman,-0.43,0,0
catchphrase,-0.43,0,0
decant,-0.43,0,0
consistently,-0.43,0,0
pruning,-0.43,0,0
sanctify,-0.43,0,0
honeysuckled,-0.43,0,0
thatmoment,-0.43,0,0
autumn,-0.43,0,0
untangle,-0.43,0,0
clockwork,-0.43,0,0
centric,-0.43,0,0
novels,-0.43,0,0
cheaper,-0.43,0,0
dollop,-0.43,0,0
beauty,-0.43,0,-1
taxable,-0.43,0,-1
teardrop,-0.43,0,-1
hispanic,-0.43,0,0
affluence,-0.43,0,0
acquiescent,-0.43,0,0
observably,-0.43,0,0
empathic,-0.43,0,0
solitaire,-0.43,0,0
shortening,-0.43,0,-1
detour,-0.43,0,0
unlace,-0.43,0,0
reserved,-0.43,0,-1
sufficiency,-0.43,0,0
jesus,-0.43,0,0
basket,-0.43,0,0
pith,-0.43,0,0
elaborate,-0.43,0,0
thrift,-0.43,0,0
crier,-0.43,0,-1
tipper,-0.43,0,0
mussel,-0.43,0,0
depressor,-0.43,0,0
whiskey,-0.43,0,-1
fiji,-0.43,0,0
mown,-0.43,0,0
peach,-0.43,0,-1
chapel,-0.43,0,0
okinawa,-0.43,0,0
accessibility,-0.43,0,0
suburbia,-0.43,0,0
sphinx,-0.43,0,0
colorfully,-0.43,0,-1
handkerchief,-0.43,0,0
comedown,-0.43,0,0
seashell,-0.43,0,0
elderliness,-0.43,0,0
dried,-0.43,0,0
professionally,-0.43,0,0
remotely,-0.43,0,-1
favourite,-0.43,0,0
dissolved,-0.43,0,0
lego,-0.43,0,0
dapple,-0.43,0,0
cream,-0.43,0,0
baptismally,-0.43,0,0
gazer,-0.43,0,1
nonfat,-0.43,0,0
vacuous,-0.43,0,0
tradition,-0.43,0,0
diffused,-0.43,0,0
banally,-0.43,0,0
rub,-0.43,0,0
buzzword,-0.43,0,-1
husbandly,-0.43,0,0
idealistically,-0.43,0,0
insured,-0.43,0,0
hahaha,-0.43,0,0
seaway,-0.43,0,0
charming,-0.43,0,-1
atm,-0.43,0,0
diamond,-0.43,0,0
puckishly,-0.43,0,-2
perfective,-0.43,0,0
unconcealed,-0.43,0,0
twilight,-0.43,0,0
concisely,-0.43,0,0
snowcap,-0.43,0,0
contraire,-0.43,0,0
goody,-0.43,0,0
drycleaner,-0.43,0,0
acquiescence,-0.43,0,0
deliberation,-0.43,0,0
delicateness,-0.43,0,0
duckling,-0.43,0,0
twerp,-0.43,0,0
expandable,-0.43,0,0
vine,-0.43,0,0
recline,-0.43,0,-1
disencumber,-0.43,0,0
butte,-0.43,0,0
grassy,-0.43,0,0
musicologist,-0.43,0,0
treatment,-0.43,0,-1
reconciliatory,-0.43,0,1
thresher,-0.43,0,0
cryotherapy,-0.43,0,0
summerhouse,-0.43,0,0
thanksgiving,-0.43,0,0
spoon,-0.44,0,0
sleuth,-0.44,0,0
murmur,-0.44,0,0
floret,-0.44,0,0
putty,-0.44,0,0
springtime,-0.44,0,-2
traditionalist,-0.44,0,0
ritualization,-0.44,0,0
halve,-0.44,0,0
dilator,-0.44,0,0
beneficially,-0.44,0,0
matriarchal,-0.44,0,0
gingersnap,-0.44,0,0
ennui,-0.44,0,-1
sharing,-0.44,0,0
shiny,-0.44,0,0
unsentimental,-0.44,0,0
humidify,-0.44,0,0
tour,-0.44,0,0
greatest,-0.44,0,0
glabrous,-0.44,0,0
flat,-0.44,0,-1
hill,-0.44,0,-1
prescribed,-0.44,0,0
loyalty,-0.44,0,-1
left,-0.44,0,0
puddle,-0.44,0,0
refine,-0.44,0,0
radiator,-0.44,0,0
overtaken,-0.44,0,-1
circumferentially,-0.44,0,0
dexterously,-0.44,0,0
dervish,-0.44,0,0
sounding,-0.44,0,0
unstrapped,-0.44,0,0
tract,-0.44,0,0
duet,-0.44,0,0
line,-0.44,0,0
cape,-0.44,0,0
coherence,-0.44,0,0
imagine,-0.44,0,0
moorings,-0.44,0,0
fatigued,-0.44,0,-2
femaleness,-0.44,0,0
practicable,-0.44,0,0
vamos,-0.44,0,0
silhouette,-0.44,0,0
swan,-0.44,0,0
lunar,-0.44,0,0
slush,-0.44,0,0
pervious,-0.44,0,0
window,-0.44,0,0
mutation,-0.44,0,0
portabella,-0.44,0,0
sticker,-0.44,0,0
cider,-0.44,0,0
immutability,-0.44,0,0
govern,-0.44,0,0
titled,-0.44,0,0
confusable,-0.44,0,0
designable,-0.44,0,0
neck,-0.44,0,0
humanly,-0.44,0,0
reattribution,-0.44,0,0
proceeding,-0.44,0,0
fried,-0.44,0,0
rocks,-0.44,0,-1
peanuts,-0.44,0,0
faction,-0.44,0,0
phonics,-0.44,0,0
clothesbasket,-0.44,0,0
presumptive,-0.44,0,0
systematically,-0.44,0,0
kinescope,-0.44,0,0
longing,-0.44,0,-1
copper,-0.44,0,0
drollness,-0.44,0,0
extremity,-0.44,0,-1
insulation,-0.44,0,0
congruently,-0.44,0,0
olympic,-0.44,0,0
arrival,-0.44,0,-1
duds,-0.44,0,0
micrograph,-0.44,0,0
advise,-0.44,0,0
portico,-0.44,0,0
droplet,-0.44,0,0
plushy,-0.44,0,0
goose,-0.44,0,0
snooker,-0.44,0,-1
truthfully,-0.44,0,0
resolutely,-0.44,0,0
put,-0.44,0,0
equalize,-0.44,0,0
grass,-0.44,0,0
prospectus,-0.44,0,0
professorially,-0.44,0,0
nighttime,-0.44,0,-1
stuff,-0.44,0,-1
warmish,-0.44,0,-1
apprenticeship,-0.44,0,0
silicon,-0.44,0,0
hereafter,-0.44,0,0
orange,-0.44,0,0
elder,-0.44,0,0
hangout,-0.44,0,-1
nomad,-0.44,0,0
skew,-0.44,0,0
icebox,-0.44,0,0
indenture,-0.44,0,0
residences,-0.44,0,0
bandwidth,-0.44,0,0
compartment,-0.44,0,0
smatter,-0.44,0,0
diminution,-0.44,0,0
variegated,-0.44,0,0
tactile,-0.44,0,0
justifier,-0.44,0,0
philanthropist,-0.44,0,0
winterization,-0.44,0,-1
wearily,-0.44,0,1
bunny,-0.44,0,0
kaiser,-0.44,0,0
immersion,-0.44,0,0
hatchling,-0.44,0,0
jest,-0.44,0,-1
fluffy,-0.44,0,-1
linguistics,-0.44,0,0
instantly,-0.44,0,0
chaste,-0.44,0,0
theorist,-0.44,0,0
masculine,-0.44,0,-1
brow,-0.44,0,0
accommodation,-0.44,0,0
haymaker,-0.44,0,0
discern,-0.44,0,0
salt,-0.44,0,0
noticeable,-0.44,0,-1
dough,-0.44,0,0
progressive,-0.44,0,0
reliance,-0.44,0,0
jeep,-0.44,0,0
pave,-0.44,0,0
noticeboard,-0.44,0,0
formerly,-0.44,0,0
compliance,-0.44,0,0
twill,-0.44,0,0
skimmer,-0.44,0,0
curate,-0.44,0,0
disengage,-0.44,0,0
acres,-0.44,0,0
sustainer,-0.44,0,0
cosmetic,-0.44,0,0
puppyhood,-0.44,0,0
headlight,-0.44,0,0
shindig,-0.44,0,-1
hoot,-0.44,0,-1
poem,-0.44,0,0
orchids,-0.44,0,0
tastelessly,-0.44,0,-1
mayor,-0.44,0,0
wire,-0.44,0,0
tropic,-0.44,0,0
armada,-0.44,0,0
watchcase,-0.44,0,0
instant,-0.44,0,-1
dropped,-0.44,0,0
existence,-0.44,0,0
cushiony,-0.44,0,0
awoke,-0.44,0,0
coffeemaker,-0.44,0,0
entwine,-0.44,0,0
rising,-0.44,0,-1
seesaw,-0.44,0,0
contributive,-0.44,0,0
ladybug,-0.44,0,0
sweets,-0.44,0,0
barbershop,-0.44,0,0
assistance,-0.44,0,-1
crossing,-0.44,0,0
emancipationist,-0.44,0,0
rank,-0.44,0,0
emoji,-0.44,0,0
glassmaker,-0.44,0,0
solidify,-0.44,0,0
peddle,-0.44,0,0
orthotic,-0.44,0,0
accomplished,-0.44,0,0
protected,-0.44,0,1
heaver,-0.44,0,0
popeye,-0.44,0,0
sandal,-0.44,0,0
swimmer,-0.44,0,0
sovereignty,-0.44,0,0
habituation,-0.44,0,0
naturalist,-0.44,0,0
additionally,-0.44,0,0
unclasp,-0.44,0,0
ductile,-0.44,0,0
sherry,-0.44,0,0
lender,-0.44,0,0
almsgiver,-0.44,0,0
sandlot,-0.44,0,0
celebrities,-0.44,0,0
vinegar,-0.44,0,0
capillary,-0.44,0,0
waxy,-0.44,0,0
pallid,-0.44,0,-1
unintentional,-0.44,0,-1
weekly,-0.44,0,0
almightiness,-0.44,0,0
butane,-0.44,0,0
sensuously,-0.44,0,0
management,-0.44,0,0
logical,-0.44,0,0
caliber,-0.44,0,0
theatergoing,-0.44,0,0
contour,-0.44,0,0
galleon,-0.44,0,0
ingenuousness,-0.44,0,0
contribute,-0.44,0,0
undemonstrated,-0.44,0,0
chunky,-0.44,0,0
chute,-0.44,0,-1
meaningfully,-0.44,0,0
bellevue,-0.44,0,0
untraceably,-0.44,0,0
counterweight,-0.44,0,0
thrice,-0.44,0,0
franchise,-0.44,0,0
mash,-0.44,0,0
adoptee,-0.44,0,0
encase,-0.44,0,0
remitter,-0.44,0,0
banner,-0.44,0,0
preexisting,-0.44,0,0
blithely,-0.45,0,0
phlegmatically,-0.45,0,0
floatation,-0.45,0,0
solitarily,-0.45,0,-1
sooty,-0.45,0,0
dazedly,-0.45,0,0
coverall,-0.46,0,0
bathtub,-0.46,0,0
traditionalistic,-0.46,0,0
unreservedness,-0.46,0,0
morgenstern,-0.46,0,0
hind,-0.46,0,0
trance,-0.46,0,0
brushwood,-0.5,-1,0
south,-0.5,-1,0
seaborne,-0.5,-1,0
lakeside,-0.5,-1,0
ingenuity,-0.5,-1,0
chirpy,-0.5,-1,-1
fragrantly,-0.5,-1,0
canopy,-0.5,-1,0
ungrudging,-0.5,-1,0
confine,-0.5,-1,0
dockside,-0.5,-1,0
opportunistically,-0.5,-1,0
colder,-0.5,-1,1
brainchild,-0.5,-1,0
sunglow,-0.5,-1,0
keel,-0.5,-1,0
believable,-0.5,-1,-1
teamster,-0.5,-1,0
petticoat,-0.5,-1,0
pickled,-0.5,-1,-1
solucky,-0.5,-1,-1
lusciousness,-0.5,-1,0
suckling,-0.5,-1,0
deliciousness,-0.5,-1,-1
reducer,-0.5,-1,0
hutch,-0.5,-1,0
hoof,-0.5,-1,0
caucasian,-0.5,-1,-1
board,-0.5,-1,0
sleeveless,-0.5,-1,0
scarf,-0.5,-1,-1
gist,-0.5,-1,1
dwarfishly,-0.5,-1,0
colorlessly,-0.5,-1,0
visiting,-0.5,-1,0
reserve,-0.5,-1,0
quilt,-0.5,-1,0
groomer,-0.5,-1,-1
sleek,-0.5,-1,0
blankly,-0.5,-1,0
tritely,-0.5,-1,0
swimming,-0.5,-1,0
taillight,-0.5,-1,0
tassel,-0.5,-1,0
amenably,-0.5,-1,-1
branchlike,-0.5,-1,0
trailer,-0.5,-1,0
accustom,-0.5,-1,0
paw,-0.5,-1,0
prolific,-0.5,-1,0
opener,-0.5,-1,0
munchies,-0.5,-1,0
prophylaxis,-0.5,-1,0
tourism,-0.5,-1,0
wake,-0.5,-1,0
approach,-0.5,-1,-2
disco,-0.5,-1,-1
fishtank,-0.5,-1,-1
parcels,-0.5,-1,0
revue,-0.5,-1,0
enquirer,-0.5,-1,0
autobahn,-0.5,-1,-1
apologize,-0.5,-1,0
aerodrome,-0.5,-1,0
tremor,-0.5,-1,-1
invulnerability,-0.5,-1,0
cowherd,-0.5,-1,0
hospitality,-0.5,-1,-1
granddad,-0.5,-1,-1
grille,-0.5,-1,0
wordlessness,-0.5,-1,0
beads,-0.5,-1,0
emancipate,-0.5,-1,0
libido,-0.5,-1,0
pudding,-0.5,-1,0
foodie,-0.5,-1,-1
topknot,-0.5,-1,0
departed,-0.5,-1,0
clownish,-0.5,-1,0
marshal,-0.5,-1,0
choirboy,-0.5,-1,0
kingliness,-0.5,-1,0
infielder,-0.5,-1,0
perpetual,-0.5,-1,0
wonder,-0.5,-1,0
untwist,-0.5,-1,0
conservancy,-0.5,-1,0
shtick,-0.5,-1,0
greenish,-0.5,-1,0
tamer,-0.5,-1,0
flute,-0.5,-1,0
instructively,-0.5,-1,0
erratum,-0.5,-1,0
floodlight,-0.5,-1,0
fanning,-0.5,-1,0
lushly,-0.5,-1,-1
diffusively,-0.5,-1,0
meatless,-0.5,-1,0
conditioner,-0.5,-1,0
semicircular,-0.5,-1,0
tapering,-0.5,-1,0
guiltlessly,-0.5,-1,0
taxation,-0.5,-1,-1
therapy,-0.5,-1,0
memorial,-0.5,-1,0
vertically,-0.5,-1,0
semblance,-0.5,-1,0
openhearted,-0.5,-1,0
silverplate,-0.5,-1,0
nintendo,-0.5,-1,0
consist,-0.5,-1,0
devotionally,-0.5,-1,0
humorousness,-0.5,-1,-1
fed,-0.5,-1,-1
outgoing,-0.5,-1,-1
pedantry,-0.5,-1,0
deprive,-0.5,-1,-1
ballroom,-0.5,-1,0
handhold,-0.5,-1,0
family,-0.5,-1,0
scissor,-0.5,-1,0
bed,-0.5,-1,0
backcourt,-0.5,-1,0
trophies,-0.5,-1,0
counterseal,-0.5,-1,0
layup,-0.5,-1,0
freshair,-0.5,-1,0
conservationist,-0.5,-1,0
leanly,-0.5,-1,0
incline,-0.5,-1,0
congratulation,-0.5,-1,0
explicit,-0.5,-1,0
repletion,-0.5,-1,0
giftware,-0.5,-1,0
floppy,-0.5,-1,-1
fishable,-0.5,-1,0
returnable,-0.5,-1,0
individualization,-0.5,-1,0
barkeeper,-0.5,-1,0
drab,-0.5,-1,-1
dutiful,-0.5,-1,0
levy,-0.5,-1,0
sully,-0.5,-1,0
motley,-0.5,-1,0
glossiness,-0.5,-1,0
clack,-0.5,-1,-1
atleast,-0.5,-1,0
gingerroot,-0.5,-1,0
justifiable,-0.5,-1,0
daiquiri,-0.5,-1,-1
seemly,-0.5,-1,0
spectacled,-0.5,-1,0
lonesome,-0.5,-1,-1
capsular,-0.5,-1,-1
visualization,-0.5,-1,0
adherence,-0.5,-1,0
porcelain,-0.5,-1,0
complimentary,-0.5,-1,0
preserving,-0.5,-1,0
walkaway,-0.5,-1,0
lotion,-0.5,-1,0
coastline,-0.5,-1,0
tinged,-0.5,-1,0
uncurl,-0.5,-1,0
acquaintanceship,-0.5,-1,0
percolation,-0.5,-1,0
complier,-0.5,-1,0
careless,-0.5,-1,-1
bunnies,-0.5,-1,0
domelike,-0.5,-1,0
yielding,-0.5,-1,-1
amplifier,-0.5,-1,0
soloist,-0.5,-1,0
marketable,-0.5,-1,0
heterogeneous,-0.5,-1,0
slinger,-0.5,-1,0
dear,-0.5,-1,0
clubcard,-0.5,-1,0
smoothie,-0.5,-1,0
atop,-0.5,-1,0
lastly,-0.5,-1,-1
funnel,-0.5,-1,0
chairlift,-0.5,-1,0
layer,-0.5,-1,0
ladylove,-0.5,-1,0
abreast,-0.5,-1,0
backup,-0.5,-1,0
sosweet,-0.5,-1,-1
disdain,-0.5,-1,0
uncross,-0.5,-1,0
turnout,-0.5,-1,0
consent,-0.5,-1,0
miraculous,-0.5,-1,0
unabashedly,-0.5,-1,-1
hydrotherapy,-0.5,-1,0
errorless,-0.5,-1,0
surefooted,-0.5,-1,0
outvote,-0.5,-1,0
dissolvable,-0.5,-1,0
hale,-0.5,-1,0
unplumbed,-0.5,-1,0
yea,-0.5,-1,0
tried,-0.5,-1,0
lesser,-0.5,-1,0
dapperness,-0.5,-1,0
dapper,-0.5,-1,1
popsicle,-0.5,-1,0
hob,-0.5,-1,0
inaccessibleness,-0.5,-1,-1
nib,-0.5,-1,0
unsinkable,-0.5,-1,0
optimize,-0.5,-1,0
stereophonic,-0.5,-1,0
giver,-0.5,-1,0
handwoven,-0.5,-1,0
infancy,-0.5,-1,0
minimized,-0.5,-1,0
bing,-0.5,-1,0
herbs,-0.5,-1,0
bib,-0.5,-1,0
negligibly,-0.5,-1,0
dove,-0.5,-1,0
tapestry,-0.5,-1,0
efficiency,-0.5,-1,0
statement,-0.5,-1,0
chivalrously,-0.5,-1,0
straggle,-0.5,-1,-1
bohemian,-0.5,-1,-1
realizable,-0.5,-1,0
passably,-0.5,-1,0
consoled,-0.5,-1,-1
vibrato,-0.5,-1,0
autobiographically,-0.5,-1,0
offset,-0.5,-1,0
outmaneuver,-0.5,-1,0
hilt,-0.5,-1,0
sightsee,-0.5,-1,0
cornflakes,-0.5,-1,0
primate,-0.5,-1,0
handle,-0.5,-1,0
greet,-0.5,-1,0
instinctively,-0.5,-1,0
inconsiderable,-0.5,-1,0
worksite,-0.5,-1,0
extraversion,-0.5,-1,0
devoutly,-0.5,-1,-1
immense,-0.5,-1,0
dry,-0.5,-1,-1
backswept,-0.5,-1,0
determined,-0.5,-1,0
spearmint,-0.5,-1,0
skintight,-0.5,-1,-1
informal,-0.5,-1,0
hymnbook,-0.5,-1,0
livestream,-0.5,-1,0
transportability,-0.5,-1,0
skier,-0.5,-1,0
puffy,-0.5,-1,0
reenact,-0.5,-1,0
menswear,-0.5,-1,-1
attentive,-0.5,-1,1
reforestation,-0.5,-1,0
signal,-0.5,-1,0
cosy,-0.5,-1,-1
candidness,-0.5,-1,0
internationally,-0.5,-1,0
pasture,-0.5,-1,0
afloat,-0.5,-1,0
sundae,-0.5,-1,-1
strum,-0.5,-1,0
elderberry,-0.5,-1,-1
schoolteacher,-0.5,-1,0
gestate,-0.5,-1,0
emollient,-0.5,-1,-1
waterpower,-0.5,-1,0
lordship,-0.5,-1,0
jumbler,-0.5,-1,0
antimicrobial,-0.5,-1,0
varied,-0.5,-1,0
knowingness,-0.5,-1,0
aboveboard,-0.5,-1,0
paean,-0.5,-1,-1
barrelful,-0.5,-1,0
virginally,-0.5,-1,0
analytic,-0.5,-1,0
tasteless,-0.5,-1,0
toneless,-0.5,-1,-2
christmasspirit,-0.5,-1,-1
dew,-0.5,-1,-1
insusceptible,-0.5,-1,0
abide,-0.5,-1,-1
monetarily,-0.5,-1,0
trustworthily,-0.5,-1,0
vascular,-0.5,-1,0
sweetmeat,-0.5,-1,-1
popularly,-0.5,-1,0
lusty,-0.5,-1,0
sanctified,-0.5,-1,0
willow,-0.5,-1,0
incredible,-0.5,-1,0
sip,-0.5,-1,0
squashy,-0.5,-1,-1
holistic,-0.5,-1,0
stow,-0.5,-1,0
tremendously,-0.5,-1,-1
crooner,-0.5,-1,0
unheated,-0.5,-1,0
retraceable,-0.5,-1,0
reprise,-0.5,-1,0
evenness,-0.5,-1,0
chopper,-0.5,-1,-1
fitness,-0.5,-1,0
restroom,-0.5,-1,0
deprecate,-0.5,-1,-1
peaky,-0.5,-1,-1
fin,-0.5,-1,0
resistibly,-0.5,-1,-1
ventilation,-0.5,-1,0
sandman,-0.5,-1,-1
stocking,-0.5,-1,0
classroom,-0.5,-1,0
deservedly,-0.5,-1,-1
authentic,-0.5,-1,0
parched,-0.5,-1,0
compliant,-0.5,-1,0
galleried,-0.5,-1,-1
freshener,-0.5,-1,0
pancakes,-0.5,-1,0
hydrobiology,-0.5,-1,0
sensitively,-0.5,-1,-2
welcomer,-0.5,-1,0
dishpan,-0.5,-1,0
offseason,-0.5,-1,0
iceless,-0.5,-1,-1
cappuccino,-0.5,-1,0
jewelry,-0.5,-1,-1
smoked,-0.5,-1,-1
appetizer,-0.5,-1,-1
sheltered,-0.5,-1,-2
fest,-0.5,-1,0
royally,-0.5,-1,-2
permissive,-0.5,-1,0
maternal,-0.5,-1,0
toga,-0.5,-1,0
pendulum,-0.5,-1,0
caddy,-0.5,-1,0
opportunities,-0.5,-1,0
delicately,-0.5,-1,-1
fond,-0.5,-1,-1
hillside,-0.5,-1,0
sap,-0.5,-1,0
diehard,-0.5,-1,0
dually,-0.5,-1,0
zestfully,-0.5,-1,0
artfully,-0.5,-1,0
strainer,-0.5,-1,0
lift,-0.5,-1,0
copiously,-0.5,-1,0
wideness,-0.5,-1,-1
twosome,-0.5,-1,0
taxpayers,-0.5,-1,0
tostada,-0.5,-1,0
extensibility,-0.5,-1,0
hallowed,-0.5,-1,-1
worn,-0.5,-1,0
torpid,-0.5,-1,-2
fluidity,-0.5,-1,0
unvarnished,-0.5,-1,0
teenybopper,-0.5,-1,-1
tiniest,-0.5,-1,0
jogger,-0.5,-1,0
changeability,-0.5,-1,0
unpretentiousness,-0.5,-1,0
church,-0.5,-1,0
reparable,-0.5,-1,-1
particularity,-0.5,-1,-1
sidle,-0.5,-1,0
lawful,-0.5,-1,0
regulars,-0.5,-1,0
sparely,-0.5,-1,0
decorative,-0.5,-1,0
knuckle,-0.5,-1,0
moisturize,-0.5,-1,-1
flooring,-0.5,-1,0
praised,-0.5,-1,0
fraulein,-0.5,-1,0
flamboyancy,-0.5,-1,0
goddess,-0.5,-1,0
lounger,-0.5,-1,0
beguile,-0.5,-1,-1
lesbian,-0.5,-1,0
granted,-0.5,-1,0
directed,-0.5,-1,0
unassembled,-0.5,-1,-1
ensconce,-0.5,-1,-1
sheep,-0.5,-1,0
stopover,-0.5,-1,-1
blandness,-0.5,-1,0
hybrid,-0.5,-1,0
continuation,-0.5,-1,0
relive,-0.5,-1,0
uncelebrated,-0.5,-1,0
pitchman,-0.5,-1,0
patisserie,-0.5,-1,0
diligent,-0.5,-1,0
tickly,-0.5,-1,-1
unstuffed,-0.5,-1,0
scuba,-0.5,-1,0
kid,-0.5,-1,0
buddies,-0.5,-1,0
autumnally,-0.5,-1,0
turbine,-0.5,-1,0
cowl,-0.5,-1,0
shush,-0.5,-1,-1
hardly,-0.5,-1,-1
merchandise,-0.5,-1,0
montage,-0.5,-1,0
contrarily,-0.5,-1,0
wholesomely,-0.5,-1,0
rectifier,-0.5,-1,0
sans,-0.5,-1,0
dignifiedly,-0.5,-1,0
habitably,-0.5,-1,0
drainable,-0.5,-1,0
transcendentally,-0.5,-1,0
resolution,-0.5,-1,0
romantically,-0.5,-1,-1
heartthrob,-0.5,-1,-1
tinkle,-0.5,-1,0
explorative,-0.5,-1,1
coo,-0.5,-1,0
unenthused,-0.5,-1,0
nondrinking,-0.5,-1,0
statuesquely,-0.5,-1,0
cradle,-0.5,-1,-1
nursery,-0.5,-1,-1
bountifully,-0.5,-1,0
songbird,-0.5,-1,0
flexible,-0.5,-1,-1
some,-0.5,-1,0
thrive,-0.5,-1,-1
noncancerous,-0.5,-1,0
redecoration,-0.5,-1,-1
masse,-0.5,-1,0
artwork,-0.5,-1,0
adequateness,-0.5,-1,-1
sparse,-0.5,-1,0
folktale,-0.5,-1,0
conformism,-0.5,-1,1
unadorned,-0.5,-1,0
aural,-0.5,-1,0
earthen,-0.5,-1,0
exhalable,-0.5,-1,0
geisha,-0.5,-1,0
redemptive,-0.5,-1,-1
coexist,-0.5,-1,0
steering,-0.5,-1,0
uncoupled,-0.5,-1,0
spear,-0.5,-1,-1
roller,-0.5,-1,0
darkness,-0.5,-1,-1
capitulary,-0.5,-1,0
disinterestedly,-0.5,-1,0
photography,-0.5,-1,0
vindicated,-0.5,-1,-1
bowing,-0.5,-1,0
foreword,-0.5,-1,0
impressed,-0.5,-1,1
nightcap,-0.5,-1,0
colorfulness,-0.5,-1,0
greengrocer,-0.5,-1,0
overuse,-0.5,-1,0
palmtree,-0.5,-1,0
bestfeeling,-0.5,-1,0
rancidness,-0.5,-1,-1
blow,-0.5,-1,0
lanced,-0.5,-1,-1
capaciousness,-0.5,-1,0
ashore,-0.5,-1,0
radiography,-0.5,-1,0
austereness,-0.5,-1,0
bearably,-0.5,-1,-1
uncommitted,-0.5,-1,0
glassiness,-0.5,-1,0
detacher,-0.5,-1,0
abode,-0.5,-1,-1
invocate,-0.5,-1,-1
jellied,-0.5,-1,0
horticulture,-0.5,-1,0
sunflower,-0.5,-1,-1
breathable,-0.5,-1,0
unburned,-0.5,-1,0
gamey,-0.5,-1,0
centralist,-0.5,-1,0
gramps,-0.5,-1,0
uncured,-0.5,-1,0
expresser,-0.5,-1,0
honey,-0.5,-1,0
ungenerously,-0.5,-1,0
oldies,-0.5,-1,0
blueness,-0.5,-1,-1
timesaver,-0.5,-1,-1
leader,-0.5,-1,0
stealthy,-0.5,-1,0
inhabit,-0.5,-1,0
stellar,-0.5,-1,0
midevening,-0.5,-1,0
baste,-0.5,-1,0
advertisement,-0.5,-1,0
console,-0.5,-1,-1
teetotal,-0.5,-1,0
dockhand,-0.5,-1,0
cellular,-0.5,-1,0
fewer,-0.5,-1,-1
astrology,-0.5,-1,0
drizzly,-0.5,-1,-1
passage,-0.5,-1,-1
woke,-0.5,-1,0
quitted,-0.5,-1,0
squire,-0.5,-1,-1
local,-0.5,-1,0
microenvironment,-0.5,-1,-1
goodies,-0.5,-1,0
plumb,-0.5,-1,0
outpitch,-0.5,-1,0
stony,-0.5,-1,0
lanky,-0.5,-1,0
causally,-0.5,-1,0
competent,-0.5,-1,0
refuel,-0.5,-1,0
unfashionably,-0.5,-1,0
shiner,-0.5,-1,0
cupped,-0.5,-1,0
swirl,-0.5,-1,-1
readiness,-0.5,-1,0
vagabond,-0.55,-1,-2
crocus,-0.55,-1,0
diligence,-0.55,-1,0
treetop,-0.55,-1,0
regulate,-0.56,-1,0
wad,-0.56,-1,-1
portliness,-0.56,-1,-2
tepid,-0.56,-1,0
mattress,-0.56,-1,0
foreman,-0.56,-1,0
grasp,-0.56,-1,-1
stump,-0.56,-1,0
wag,-0.56,-1,0
movable,-0.56,-1,-1
fragmentary,-0.56,-1,0
amenable,-0.56,-1,-1
press,-0.56,-1,0
splitter,-0.56,-1,0
cuisine,-0.56,-1,0
complex,-0.56,-1,0
scrumptious,-0.56,-1,-1
obediently,-0.56,-1,-1
wee,-0.56,-1,-1
lengthen,-0.56,-1,0
protect,-0.56,-1,0
proclamation,-0.56,-1,0
sledding,-0.56,-1,0
quits,-0.56,-1,-2
undemonstrative,-0.56,-1,0
parachute,-0.56,-1,-1
humid,-0.56,-1,0
tire,-0.56,-1,-1
crux,-0.56,-1,-1
wife,-0.56,-1,0
rectified,-0.56,-1,0
democrat,-0.56,-1,0
sally,-0.56,-1,0
cute,-0.56,-1,-1
favours,-0.56,-1,-1
jade,-0.56,-1,-1
untypical,-0.56,-1,0
dryly,-0.56,-1,0
grin,-0.56,-1,-1
lengthiness,-0.56,-1,0
taproom,-0.56,-1,-1
fluorescence,-0.56,-1,-1
prettiness,-0.56,-1,-1
kanji,-0.56,-1,0
prong,-0.56,-1,-1
forgetful,-0.56,-1,-1
diffuse,-0.56,-1,-1
bunk,-0.56,-1,0
fluvial,-0.56,-1,-1
luster,-0.56,-1,-1
outpatient,-0.56,-1,-1
totally,-0.56,-1,0
functionary,-0.56,-1,0
forbear,-0.56,-1,-1
interstate,-0.56,-1,-1
sentinel,-0.56,-1,0
druggist,-0.56,-1,-1
passively,-0.56,-1,-1
octogenarian,-0.56,-1,0
ribbon,-0.56,-1,0
inward,-0.56,-1,0
annuity,-0.56,-1,0
sweetener,-0.56,-1,0
buttery,-0.56,-1,0
hustle,-0.56,-1,-2
copy,-0.56,-1,0
carport,-0.56,-1,-1
jog,-0.56,-1,-1
mockup,-0.56,-1,0
sensuality,-0.56,-1,0
pebble,-0.56,-1,-1
accomplish,-0.56,-1,0
clincher,-0.56,-1,-1
available,-0.56,-1,-1
remarkable,-0.56,-1,0
leapt,-0.56,-1,0
conformer,-0.56,-1,-1
telephone,-0.56,-1,-1
telecommuter,-0.56,-1,-1
finding,-0.56,-1,0
tag,-0.56,-1,0
member,-0.56,-1,-1
parody,-0.56,-1,-1
introversion,-0.56,-1,0
upgraded,-0.56,-1,0
sturdiness,-0.56,-1,0
flavorsome,-0.56,-1,-1
meander,-0.56,-1,-1
listenting,-0.56,-1,-1
commemorate,-0.56,-1,0
modest,-0.56,-1,0
jingle,-0.56,-1,0
thermic,-0.56,-1,-1
colorlessness,-0.56,-1,-1
stagnantly,-0.56,-1,0
pet,-0.56,-1,0
phenomenally,-0.56,-1,0
potting,-0.56,-1,0
chirping,-0.56,-1,-1
bibliophilism,-0.56,-1,-1
softy,-0.56,-1,0
tourmaline,-0.56,-1,0
beige,-0.56,-1,0
interruptible,-0.56,-1,0
disinterested,-0.56,-1,0
convene,-0.56,-1,0
jaw,-0.56,-1,-1
inconsequential,-0.56,-1,0
vault,-0.56,-1,0
lay,-0.56,-1,0
beverage,-0.56,-1,-1
hearts,-0.56,-1,0
slyly,-0.56,-1,-1
ahhh,-0.56,-1,0
designee,-0.56,-1,-1
flower,-0.56,-1,0
urbaneness,-0.56,-1,-1
rinse,-0.56,-1,0
past,-0.56,-1,0
yip,-0.56,-1,-1
recuperate,-0.56,-1,-1
untaxed,-0.56,-1,0
appreciatory,-0.56,-1,-2
lass,-0.56,-1,-1
slower,-0.56,-1,-1
retake,-0.56,-1,-2
overblown,-0.56,-1,-2
origination,-0.56,-1,-1
naively,-0.56,-1,-1
chub,-0.56,-1,0
polar,-0.56,-1,0
fruity,-0.56,-1,-1
nope,-0.56,-1,-1
carbide,-0.56,-1,0
loin,-0.56,-1,-1
lone,-0.56,-1,-1
resupply,-0.56,-1,-1
parenting,-0.56,-1,-2
detach,-0.56,-1,0
wand,-0.56,-1,-1
entrust,-0.56,-1,-1
purposely,-0.56,-1,0
hay,-0.57,-1,-1
frictionless,-0.57,-1,0
purify,-0.57,-1,0
treacle,-0.57,-1,-1
lessen,-0.57,-1,0
larval,-0.57,-1,-1
sunset,-0.57,-1,-1
deform,-0.57,-1,-1
tweeter,-0.57,-1,-1
whodunit,-0.57,-1,-1
summative,-0.57,-1,0
sweeper,-0.57,-1,-1
accord,-0.57,-1,0
expeditiously,-0.57,-1,0
reprieve,-0.57,-1,-1
erase,-0.57,-1,0
starkness,-0.57,-1,-1
benefactor,-0.57,-1,0
industriousness,-0.57,-1,0
surrogacy,-0.57,-1,-1
hungarian,-0.57,-1,0
mittens,-0.57,-1,-1
wisp,-0.57,-1,-1
without,-0.57,-1,0
sugarcoat,-0.57,-1,-1
begone,-0.57,-1,-1
honor,-0.57,-1,-1
unphysical,-0.57,-1,0
curable,-0.57,-1,0
vestige,-0.57,-1,0
cocker,-0.57,-1,-1
inexpensively,-0.57,-1,-1
homestead,-0.57,-1,0
podcast,-0.57,-1,-1
hull,-0.57,-1,-1
meagerly,-0.57,-1,-1
herbage,-0.57,-1,-1
calisthenics,-0.57,-1,0
elucidation,-0.57,-1,0
handiness,-0.57,-1,0
unguided,-0.57,-1,-1
inexpressive,-0.57,-1,-1
priorities,-0.57,-1,0
accurate,-0.57,-1,0
handset,-0.57,-1,0
coarsely,-0.57,-1,0
wingspread,-0.57,-1,0
happyday,-0.57,-1,-2
godisgood,-0.57,-1,0
torchlight,-0.57,-1,-1
casualness,-0.57,-1,-1
cursor,-0.57,-1,0
youngish,-0.57,-1,0
venetian,-0.57,-1,0
zip,-0.57,-1,0
anniversary,-0.57,-1,-1
coral,-0.57,-1,0
shockproof,-0.57,-1,0
posthaste,-0.57,-1,-1
coastguard,-0.57,-1,0
freemason,-0.57,-1,-1
contemplation,-0.57,-1,0
overslept,-0.57,-1,-1
representing,-0.57,-1,-1
easily,-0.57,-1,0
brook,-0.57,-1,0
compactness,-0.57,-1,0
successfully,-0.57,-1,0
immaculately,-0.57,-1,0
creeper,-0.57,-1,-2
girlish,-0.57,-1,-1
primitively,-0.57,-1,0
warthog,-0.57,-1,-1
eaten,-0.57,-1,0
ploughed,-0.57,-1,-2
babied,-0.57,-1,0
yore,-0.57,-1,-1
computerized,-0.57,-1,0
inhabitancy,-0.57,-1,-1
wellspring,-0.57,-1,0
expansion,-0.57,-1,-1
troubleshooter,-0.57,-1,0
footbath,-0.57,-1,0
lofty,-0.57,-1,0
descending,-0.57,-1,0
sheepishly,-0.57,-1,-1
heard,-0.57,-1,-1
beadlike,-0.57,-1,-1
concierge,-0.57,-1,0
inorganic,-0.57,-1,0
boxy,-0.57,-1,0
tickler,-0.57,-1,-2
generally,-0.57,-1,-1
coping,-0.57,-1,-2
contextualize,-0.57,-1,0
thermotherapy,-0.57,-1,-1
wittily,-0.57,-1,-1
lilac,-0.57,-1,0
minimally,-0.57,-1,0
analytical,-0.57,-1,-1
off,-0.57,-1,-1
communal,-0.57,-1,-1
rejuvenator,-0.57,-1,0
jocularity,-0.57,-1,-1
colon,-0.57,-1,0
noncritical,-0.57,-1,0
philanthropically,-0.57,-1,-1
kuei,-0.57,-1,-2
meh,-0.57,-1,0
marked,-0.57,-1,0
butternut,-0.57,-1,0
forgiving,-0.57,-1,-1
rare,-0.57,-1,0
entropic,-0.57,-1,0
seagoing,-0.57,-1,-1
suburbanite,-0.57,-1,-1
neighborly,-0.57,-1,0
puppies,-0.57,-1,-1
spacesuit,-0.57,-1,-2
sheepskin,-0.57,-1,-1
resubmit,-0.57,-1,0
sauciness,-0.57,-1,0
quenchable,-0.57,-1,0
paddled,-0.57,-1,-1
therapeutic,-0.57,-1,0
panacea,-0.57,-1,0
pensively,-0.57,-1,-1
men,-0.57,-1,0
hardener,-0.57,-1,0
handbrake,-0.57,-1,-1
riper,-0.57,-1,-1
rain,-0.57,-1,0
glacially,-0.57,-1,-1
entertainer,-0.57,-1,-1
flipside,-0.57,-1,0
alps,-0.57,-1,-1
sparingly,-0.57,-1,0
toehold,-0.57,-1,-1
velvet,-0.57,-1,0
fudgy,-0.57,-1,-1
iceskate,-0.57,-1,-1
fifteen,-0.57,-1,0
taekwondo,-0.57,-1,-1
illusionist,-0.58,-1,0
moonset,-0.58,-1,0
conveniently,-0.58,-1,0
unsatisfactory,-0.59,-1,0
assemblage,-0.6,-1,0
whistle,-0.6,-1,-1
hyperlink,-0.6,-1,-1
timberline,-0.6,-1,-1
chorale,-0.6,-1,-1
oldish,-0.6,-1,0
guiding,-0.6,-1,0
blah,-0.6,-1,0
incorporeal,-0.6,-1,0
pudge,-0.6,-1,-1
rottenness,-0.6,-1,-1
angularly,-0.6,-1,-1
cookery,-0.6,-1,-1
unmotivated,-0.6,-1,-2
droplight,-0.6,-1,0
lineate,-0.6,-1,0
securer,-0.6,-1,-1
goatee,-0.6,-1,0
strategic,-0.6,-1,0
fish,-0.6,-1,0
minty,-0.6,-1,0
newbie,-0.6,-1,0
homeliness,-0.6,-1,0
wayside,-0.6,-1,0
semiannually,-0.6,-1,-1
wateriness,-0.6,-1,-1
hun,-0.6,-1,-1
sunscreen,-0.6,-1,-1
broadcaster,-0.6,-1,-1
lemon,-0.6,-1,0
hydrographic,-0.6,-1,0
strut,-0.6,-1,-1
magisterially,-0.6,-1,0
catchable,-0.6,-1,-1
unimposing,-0.6,-1,0
constrict,-0.6,-1,-1
carbs,-0.6,-1,-1
multitask,-0.6,-1,-2
hat,-0.6,-1,0
cornfield,-0.6,-1,0
tub,-0.6,-1,0
stoned,-0.6,-1,0
pantheon,-0.6,-1,0
torridness,-0.6,-1,-1
horsewoman,-0.6,-1,-1
panpipe,-0.6,-1,-1
impalpable,-0.6,-1,-1
shirtdress,-0.6,-1,-1
farthest,-0.6,-1,-1
sidesaddle,-0.6,-1,-1
flatfish,-0.6,-1,0
enroll,-0.6,-1,0
indulgence,-0.6,-1,0
unsurprising,-0.6,-1,-1
hairbrush,-0.6,-1,-1
winegrower,-0.6,-1,-1
nonparticipation,-0.6,-1,0
clam,-0.6,-1,0
blowgun,-0.6,-1,-1
decoration,-0.6,-1,0
piglet,-0.6,-1,0
imperviousness,-0.6,-1,0
sunup,-0.6,-1,0
versatility,-0.6,-1,0
bumpy,-0.6,-1,-2
tempera,-0.6,-1,0
business,-0.6,-1,0
unrepentantly,-0.6,-1,-2
assertive,-0.6,-1,0
pronto,-0.6,-1,-1
overarm,-0.6,-1,0
doorstep,-0.6,-1,0
handcar,-0.6,-1,-1
fondle,-0.6,-1,-1
curvaceous,-0.6,-1,-1
glean,-0.6,-1,0
picnic,-0.6,-1,0
richness,-0.6,-1,0
sinkable,-0.6,-1,-1
balmy,-0.6,-1,-2
seed,-0.6,-1,0
longstanding,-0.6,-1,-1
awakening,-0.6,-1,-1
hilltop,-0.6,-1,-1
woods,-0.6,-1,0
checklist,-0.6,-1,0
churchyard,-0.6,-1,0
refractor,-0.6,-1,0
unresisting,-0.6,-1,0
panoramically,-0.6,-1,-1
pricy,-0.6,-1,-1
symphonious,-0.6,-1,0
pee,-0.6,-1,-1
float,-0.6,-1,0
treeline,-0.6,-1,-1
fainter,-0.6,-1,-1
maneuverability,-0.6,-1,0
elevate,-0.6,-1,0
few,-0.6,-1,-1
tropics,-0.6,-1,0
metrically,-0.6,-1,0
quad,-0.6,-1,0
midstream,-0.6,-1,0
nonperformer,-0.6,-1,-2
nonstop,-0.6,-1,-1
hospitably,-0.6,-1,0
unabashed,-0.6,-1,-1
here,-0.6,-1,-1
winsomely,-0.6,-1,-1
evaporate,-0.6,-1,-1
mythic,-0.6,-1,0
turnkey,-0.6,-1,0
bullishly,-0.6,-1,0
replacer,-0.6,-1,0
accelerate,-0.6,-1,-2
scorekeeper,-0.6,-1,-1
chitchat,-0.6,-1,-1
downshift,-0.6,-1,-1
cavernous,-0.6,-1,0
avenging,-0.6,-1,-1
coyness,-0.6,-1,-1
oblique,-0.6,-1,0
layout,-0.6,-1,-1
aesthetically,-0.6,-1,0
durably,-0.6,-1,-1
bough,-0.6,-1,-1
sappiness,-0.6,-1,0
partner,-0.6,-1,0
pliant,-0.6,-1,0
unreported,-0.6,-1,-1
upsweep,-0.6,-1,0
volley,-0.6,-1,0
eulogy,-0.6,-1,0
portrayal,-0.6,-1,-1
charismatic,-0.6,-1,0
gymnastic,-0.6,-1,-1
graphically,-0.6,-1,0
blackberry,-0.6,-1,0
squarely,-0.6,-1,0
toddler,-0.6,-1,-1
gazetteer,-0.6,-1,0
awning,-0.6,-1,-2
gooood,-0.6,-1,0
leadoff,-0.6,-1,-1
imaginatively,-0.6,-1,-1
devolve,-0.6,-1,-2
linearization,-0.6,-1,-1
unbeatably,-0.6,-1,0
rocker,-0.6,-1,-1
ungentle,-0.6,-1,-2
shilling,-0.6,-1,0
rockingchair,-0.6,-1,-1
uncritically,-0.6,-1,0
trekker,-0.6,-1,0
acidly,-0.6,-1,-1
backward,-0.6,-1,-1
compatibly,-0.6,-1,0
disinclined,-0.6,-1,-1
citywide,-0.6,-1,0
chipotle,-0.6,-1,-1
lucidness,-0.6,-1,0
foretell,-0.6,-1,0
tightlipped,-0.6,-1,-1
inclined,-0.6,-1,-1
permafrost,-0.6,-1,-1
thelittlethings,-0.6,-1,-2
riddance,-0.6,-1,-1
aligned,-0.6,-1,0
shampoo,-0.6,-1,-1
notice,-0.6,-1,0
coatless,-0.6,-1,-1
dividedly,-0.6,-1,-1
messenger,-0.6,-1,0
deadhead,-0.6,-1,0
long,-0.6,-1,0
guardrail,-0.6,-1,0
unending,-0.6,-1,-2
reminiscent,-0.6,-1,-1
herself,-0.6,-1,-1
circularize,-0.6,-1,-1
volumes,-0.6,-1,0
symphonic,-0.6,-1,0
florescent,-0.6,-1,0
lap,-0.6,-1,0
unnoticing,-0.6,-1,-1
platinum,-0.6,-1,-1
sharable,-0.6,-1,-1
kindergartener,-0.6,-1,0
adorn,-0.6,-1,-1
diversionary,-0.6,-1,-1
pyjamas,-0.6,-1,0
stocktaking,-0.6,-1,-1
cocoon,-0.6,-1,0
fluency,-0.6,-1,-1
bass,-0.6,-1,-1
piercer,-0.6,-1,-2
excused,-0.6,-1,0
retrofit,-0.6,-1,-1
shimmery,-0.6,-1,0
moonscape,-0.6,-1,-1
redirection,-0.6,-1,-1
righteous,-0.6,-1,0
unfashionable,-0.6,-1,0
neighbour,-0.6,-1,-1
curved,-0.6,-1,0
plop,-0.6,-1,0
smugly,-0.6,-1,-1
fairylike,-0.6,-1,-1
concavity,-0.6,-1,-1
guitar,-0.6,-1,-1
schoolchild,-0.6,-1,-1
inaction,-0.6,-1,-1
carols,-0.6,-1,0
kept,-0.6,-1,0
commerce,-0.6,-1,0
email,-0.6,-1,-1
scullery,-0.6,-1,-2
unconsciously,-0.6,-1,-1
tired,-0.6,-1,0
meanly,-0.6,-1,0
structured,-0.6,-1,0
glow,-0.6,-1,0
aptly,-0.6,-1,0
unload,-0.6,-1,0
manlike,-0.6,-1,0
irrigate,-0.6,-1,0
purchaser,-0.6,-1,-2
jukebox,-0.6,-1,0
dinette,-0.6,-1,0
organize,-0.6,-1,0
beautifulness,-0.6,-1,0
clearing,-0.6,-1,0
homemade,-0.6,-1,-1
ecotourism,-0.6,-1,0
regulated,-0.6,-1,-1
blarney,-0.6,-1,-1
hoodie,-0.6,-1,0
wonders,-0.6,-1,-1
backless,-0.6,-1,0
undeterred,-0.6,-1,0
ranker,-0.6,-1,-1
toss,-0.62,-1,-1
assertively,-0.62,-1,0
dwelling,-0.62,-1,0
hearth,-0.62,-1,-1
supplant,-0.62,-1,-1
idleness,-0.62,-1,-1
moat,-0.62,-1,0
catnip,-0.62,-1,0
cellar,-0.62,-1,0
implacable,-0.62,-1,-2
manageable,-0.62,-1,-2
presto,-0.62,-1,0
statehouse,-0.62,-1,0
fluff,-0.62,-1,-1
marsh,-0.62,-1,0
recital,-0.62,-1,-2
freebie,-0.62,-1,-1
rigorous,-0.62,-1,-1
occasion,-0.62,-1,0
snowboarding,-0.62,-1,0
dancer,-0.62,-1,0
aquatically,-0.62,-1,-1
birdlike,-0.62,-1,0
when,-0.62,-1,0
standup,-0.62,-1,0
affluently,-0.62,-1,-1
eulogize,-0.62,-1,0
swordplay,-0.62,-1,0
accompanied,-0.62,-1,-1
stand,-0.62,-1,-1
buoyant,-0.62,-1,-2
absence,-0.62,-1,0
sociably,-0.62,-1,0
strictly,-0.62,-1,-1
wishing,-0.62,-1,-1
monotony,-0.62,-1,-1
frappe,-0.62,-1,0
entranced,-0.62,-1,1
special,-0.62,-1,-2
vaseline,-0.62,-1,0
worth,-0.62,-1,-1
scrawniness,-0.62,-1,0
loft,-0.62,-1,0
watercolor,-0.62,-1,-1
shoreline,-0.62,-1,0
maroon,-0.62,-1,-1
empty,-0.62,-1,0
undertone,-0.62,-1,-1
leftover,-0.62,-1,0
vole,-0.62,-1,-1
sheerness,-0.62,-1,-1
familiarly,-0.62,-1,-1
thereabouts,-0.62,-1,0
glamorize,-0.62,-1,0
polecat,-0.62,-1,0
rubbed,-0.62,-1,0
yesteryear,-0.62,-1,0
workroom,-0.62,-1,-1
intactness,-0.62,-1,0
cushion,-0.62,-1,-1
inventive,-0.62,-1,0
statuary,-0.62,-1,0
towline,-0.62,-1,0
rarely,-0.62,-1,0
buffering,-0.62,-1,-1
rosy,-0.62,-1,-2
smug,-0.62,-1,-2
berth,-0.62,-1,0
hairdo,-0.62,-1,0
ripe,-0.62,-1,0
limply,-0.62,-1,-1
seriously,-0.62,-1,0
therapeutically,-0.62,-1,0
germless,-0.62,-1,-1
tween,-0.62,-1,-1
frankness,-0.62,-1,-1
cartographic,-0.62,-1,0
pal,-0.62,-1,0
cross,-0.62,-1,0
fishing,-0.62,-1,-1
fleece,-0.62,-1,0
rejuvenation,-0.62,-1,-1
backoff,-0.62,-1,0
fantasy,-0.62,-1,-1
unwrapped,-0.64,-1,-1
witty,-0.64,-1,0
quash,-0.64,-1,0
properly,-0.64,-1,0
monk,-0.65,-1,0
nestle,-0.65,-1,0
indicating,-0.67,-1,0
panel,-0.67,-1,0
eternally,-0.67,-1,-1
superbike,-0.67,-1,0
inaudibly,-0.67,-1,0
pall,-0.67,-1,0
independence,-0.67,-1,0
stunner,-0.67,-1,-1
justly,-0.67,-1,0
concertgoer,-0.67,-1,0
heavyset,-0.67,-1,-1
machinelike,-0.67,-1,0
folksong,-0.67,-1,0
directory,-0.67,-1,0
eulogium,-0.67,-1,-2
cabdriver,-0.67,-1,0
upland,-0.67,-1,0
dress,-0.67,-1,0
cajole,-0.67,-1,-1
shimmering,-0.67,-1,-1
magazine,-0.67,-1,0
goodwill,-0.67,-1,0
strengthen,-0.67,-1,-1
anatomist,-0.67,-1,0
worktop,-0.67,-1,-1
sigh,-0.67,-1,-1
citied,-0.67,-1,-1
ossified,-0.67,-1,0
dorm,-0.67,-1,0
sedentary,-0.67,-1,-2
satiny,-0.67,-1,-2
panther,-0.67,-1,-2
restatement,-0.67,-1,-1
unpopulated,-0.67,-1,0
shiatsu,-0.67,-1,0
barstool,-0.67,-1,0
danced,-0.67,-1,0
immersionist,-0.67,-1,0
strengthener,-0.67,-1,0
transformative,-0.67,-1,0
brazenfaced,-0.67,-1,-2
localized,-0.67,-1,-1
crediting,-0.67,-1,-1
safekeeping,-0.67,-1,-1
shallot,-0.67,-1,0
seafront,-0.67,-1,-1
goodvibes,-0.67,-1,0
rededication,-0.67,-1,0
spar,-0.67,-1,0
contribution,-0.67,-1,0
weakened,-0.67,-1,-2
purchasing,-0.67,-1,0
performable,-0.67,-1,0
assist,-0.67,-1,0
adjustable,-0.67,-1,0
inspirational,-0.67,-1,0
cavalierly,-0.67,-1,0
compositional,-0.67,-1,-1
totempole,-0.67,-1,0
giving,-0.67,-1,0
polyphony,-0.67,-1,-1
equip,-0.67,-1,0
recycler,-0.67,-1,0
typically,-0.67,-1,0
steelhead,-0.67,-1,-1
overlook,-0.67,-1,-1
peddler,-0.67,-1,0
handsfree,-0.67,-1,0
below,-0.67,-1,0
inviting,-0.67,-1,-1
unambiguousness,-0.67,-1,0
persistence,-0.67,-1,0
tart,-0.67,-1,-2
beneficiation,-0.67,-1,0
twins,-0.67,-1,0
appreciative,-0.67,-1,-1
constrain,-0.67,-1,-2
newsagent,-0.67,-1,0
multistage,-0.67,-1,0
knee,-0.67,-1,0
ooziness,-0.67,-1,-1
mother,-0.67,-1,0
flashboard,-0.67,-1,0
flatter,-0.67,-1,0
smoky,-0.67,-1,0
listlessly,-0.67,-1,-1
toot,-0.67,-1,-1
consideration,-0.67,-1,0
prodigal,-0.67,-1,-1
snowdrop,-0.67,-1,0
readily,-0.67,-1,0
sparkle,-0.67,-1,-1
outer,-0.67,-1,0
unaffecting,-0.67,-1,0
disassociate,-0.67,-1,0
sufficiently,-0.67,-1,0
live,-0.67,-1,0
camping,-0.67,-1,0
appease,-0.67,-1,-1
unvalued,-0.67,-1,0
fully,-0.67,-1,-1
flatboat,-0.67,-1,0
attestation,-0.67,-1,0
shutoff,-0.67,-1,-2
permanent,-0.67,-1,0
cheers,-0.67,-1,-1
bestow,-0.67,-1,-1
mineworker,-0.67,-1,-2
shade,-0.67,-1,-1
reversed,-0.67,-1,0
pueblo,-0.67,-1,0
discourse,-0.67,-1,0
adjourn,-0.67,-1,0
bridge,-0.67,-1,0
december,-0.67,-1,-1
praiseful,-0.67,-1,0
unprosecuted,-0.67,-1,0
coaster,-0.67,-1,0
clump,-0.67,-1,-1
adorability,-0.67,-1,0
imaginativeness,-0.67,-1,0
mull,-0.67,-1,-1
lamplighter,-0.67,-1,-1
interplay,-0.67,-1,-1
silky,-0.67,-1,-1
posthumously,-0.67,-1,0
athletic,-0.67,-1,0
quizzically,-0.67,-1,-1
woodman,-0.67,-1,0
unhandy,-0.67,-1,-2
emphases,-0.67,-1,0
lodge,-0.67,-1,0
gradual,-0.67,-1,0
disposable,-0.67,-1,0
unintelligent,-0.67,-1,0
owlish,-0.67,-1,0
lecture,-0.67,-1,-2
releaser,-0.67,-1,0
imaginably,-0.67,-1,0
shoe,-0.67,-1,0
nonjudgmental,-0.67,-1,0
grownup,-0.67,-1,0
jogging,-0.67,-1,-1
buddha,-0.67,-1,0
satiation,-0.67,-1,-1
mortar,-0.67,-1,0
absolution,-0.67,-1,0
unenthusiastic,-0.67,-1,-1
ingeniously,-0.67,-1,-1
unroasted,-0.67,-1,0
strive,-0.67,-1,-2
embassy,-0.67,-1,0
transfix,-0.67,-1,-1
prophecies,-0.67,-1,-1
counterapproach,-0.67,-1,0
flatly,-0.67,-1,0
matey,-0.67,-1,-1
yuletide,-0.67,-1,-1
mimicking,-0.67,-1,0
waviness,-0.67,-1,-1
shaded,-0.67,-1,-1
wreathe,-0.67,-1,-1
true,-0.67,-1,0
reactively,-0.67,-1,-1
positioning,-0.67,-1,-1
organically,-0.67,-1,-1
latte,-0.67,-1,-1
footbridge,-0.67,-1,0
auspiciousness,-0.67,-1,-2
aristocratically,-0.67,-1,0
lower,-0.67,-1,-1
overindulgence,-0.67,-1,-1
leaden,-0.67,-1,0
woodenly,-0.67,-1,-1
snifter,-0.67,-1,-1
bargainer,-0.67,-1,-1
dearest,-0.67,-1,-1
etch,-0.67,-1,0
opportune,-0.67,-1,0
eventfulness,-0.67,-1,-1
winter,-0.67,-1,-2
expansively,-0.67,-1,-1
tradesperson,-0.67,-1,0
maturation,-0.67,-1,0
pickup,-0.67,-1,0
sweetwater,-0.67,-1,0
commando,-0.67,-1,0
monarchic,-0.67,-1,0
holidayseason,-0.67,-1,-1
decipherable,-0.67,-1,0
chant,-0.67,-1,-1
racquet,-0.67,-1,0
spangle,-0.67,-1,-1
specify,-0.67,-1,0
downward,-0.67,-1,0
intellectuality,-0.67,-1,0
thinker,-0.67,-1,0
ambiance,-0.67,-1,-1
opt,-0.67,-1,-1
alkaloids,-0.67,-1,0
carefulness,-0.67,-1,-1
ringmaster,-0.67,-1,-1
freethinking,-0.67,-1,0
ditsy,-0.67,-1,0
thereafter,-0.67,-1,0
identity,-0.67,-1,-2
lenience,-0.67,-1,0
quid,-0.67,-1,0
agreeable,-0.67,-1,0
marginally,-0.67,-1,-1
vegetative,-0.67,-1,0
threadlike,-0.67,-1,-1
western,-0.67,-1,0
playroom,-0.67,-1,-1
motorist,-0.67,-1,-1
desired,-0.67,-1,-2
laud,-0.67,-1,0
expert,-0.67,-1,0
reunion,-0.67,-1,0
cookout,-0.67,-1,-1
unhurt,-0.67,-1,0
tyke,-0.67,-1,-1
aerobic,-0.67,-1,-1
erectly,-0.67,-1,0
purse,-0.67,-1,0
slept,-0.67,-1,0
formable,-0.67,-1,0
armchair,-0.67,-1,0
eat,-0.67,-1,0
participator,-0.67,-1,-1
calculative,-0.67,-1,0
ethnologically,-0.67,-1,0
chipmunk,-0.67,-1,-1
irresistibly,-0.67,-1,0
outsprint,-0.67,-1,0
bring,-0.67,-1,0
engrossing,-0.67,-1,0
megastore,-0.67,-1,0
agglomeration,-0.67,-1,0
marcher,-0.67,-1,-1
sleepwear,-0.67,-1,0
loner,-0.67,-1,-2
workweek,-0.67,-1,-1
homeboy,-0.67,-1,0
technically,-0.67,-1,0
attractively,-0.67,-1,-1
skimmed,-0.67,-1,-1
verify,-0.67,-1,-1
fraternize,-0.67,-1,0
facedown,-0.67,-1,-1
humidness,-0.67,-1,-1
ingeniousness,-0.67,-1,0
orderliness,-0.67,-1,0
dispatch,-0.67,-1,0
tartlet,-0.67,-1,0
grandpa,-0.67,-1,0
meteorologically,-0.67,-1,0
cohabitation,-0.67,-1,0
ambidextrous,-0.67,-1,-1
lead,-0.67,-1,0
japan,-0.67,-1,0
bellflower,-0.67,-1,0
never,-0.67,-1,-1
reconnection,-0.67,-1,0
spiritual,-0.67,-1,0
hoary,-0.67,-1,0
careful,-0.67,-1,-1
toothsome,-0.67,-1,-1
hosepipe,-0.67,-1,-1
crosswise,-0.67,-1,0
shameful,-0.67,-1,-1
solved,-0.67,-1,-1
tipoff,-0.67,-1,0
comprehensiveness,-0.67,-1,-1
spate,-0.67,-1,-1
passe,-0.67,-1,0
affection,-0.67,-1,0
yardman,-0.67,-1,-1
longhand,-0.67,-1,0
thriftlessly,-0.67,-1,-1
lode,-0.67,-1,0
raindrop,-0.67,-1,0
bootlace,-0.67,-1,0
consummation,-0.67,-1,0
controllably,-0.67,-1,0
unornamented,-0.67,-1,0
venerable,-0.67,-1,0
flow,-0.67,-1,0
yessss,-0.67,-1,0
ready,-0.67,-1,0
bounteous,-0.67,-1,-1
come,-0.67,-1,-1
candlelit,-0.67,-1,-2
dissolubility,-0.67,-1,0
grandkid,-0.67,-1,0
antonym,-0.67,-1,0
envelopment,-0.67,-1,-1
enrollee,-0.67,-1,-1
correctable,-0.67,-1,0
pleasing,-0.67,-1,0
fastest,-0.67,-1,0
victory,-0.67,-1,-1
respiratory,-0.67,-1,0
martini,-0.67,-1,0
horseback,-0.67,-1,0
gardens,-0.67,-1,-1
ivory,-0.67,-1,0
fairytale,-0.67,-1,-1
conciliation,-0.67,-1,0
exclusively,-0.67,-1,0
wistfully,-0.69,-1,-1
dreams,-0.69,-1,0
stroll,-0.69,-1,0
subdued,-0.7,-1,-1
waddle,-0.7,-1,-1
livelihood,-0.7,-1,0
degreaser,-0.7,-1,0
unenthusiastically,-0.7,-1,-1
grandfatherly,-0.7,-1,-1
drawl,-0.7,-1,-1
game,-0.7,-1,0
abstain,-0.7,-1,0
huskiness,-0.7,-1,0
legally,-0.7,-1,0
lippy,-0.7,-1,0
fringed,-0.7,-1,0
readytogo,-0.7,-1,0
brainstorm,-0.7,-1,-2
sentiment,-0.7,-1,-2
gradually,-0.7,-1,-1
gripper,-0.7,-1,0
web,-0.7,-1,0
which,-0.7,-1,0
nutmeg,-0.7,-1,-1
slipway,-0.7,-1,0
recovery,-0.7,-1,-2
luncheon,-0.7,-1,0
embellishment,-0.7,-1,0
unvanquished,-0.7,-1,0
mop,-0.7,-1,0
release,-0.7,-1,0
mitigation,-0.7,-1,0
attendant,-0.7,-1,0
linen,-0.7,-1,0
allegedly,-0.7,-1,-2
knelt,-0.7,-1,-1
fella,-0.7,-1,-1
dainty,-0.7,-1,-1
joined,-0.7,-1,0
potluck,-0.7,-1,-2
cowboy,-0.7,-1,0
urchin,-0.7,-1,0
dame,-0.7,-1,0
operations,-0.7,-1,-2
ashtray,-0.7,-1,-1
presser,-0.7,-1,0
deliveries,-0.7,-1,-2
thrifty,-0.7,-1,-1
bedroom,-0.7,-1,-1
gulch,-0.71,-1,-2
formally,-0.71,-1,0
bloomers,-0.71,-1,0
kidder,-0.71,-1,-1
telepathically,-0.71,-1,0
itsy-bitsy,-0.71,-1,-1
bored,-0.71,-1,-1
reachable,-0.71,-1,-1
solidarity,-0.71,-1,0
staunchly,-0.71,-1,0
youngster,-0.71,-1,0
hanky,-0.71,-1,0
spire,-0.71,-1,-1
reprimand,-0.71,-1,-2
pleaser,-0.71,-1,0
fairgoer,-0.71,-1,-1
forgivable,-0.71,-1,-1
kittenish,-0.71,-1,0
cloudily,-0.71,-1,-1
transcendentalist,-0.71,-1,0
grandmother,-0.71,-1,-1
retype,-0.71,-1,-1
motorcycle,-0.71,-1,0
memorably,-0.71,-1,0
detoxify,-0.71,-1,-1
overhaul,-0.71,-1,0
lounge,-0.71,-1,-1
gossamer,-0.71,-1,-1
exciter,-0.71,-1,-1
corkboard,-0.71,-1,-1
rosiness,-0.71,-1,-1
bottom,-0.71,-1,-1
scruff,-0.71,-1,0
dreaming,-0.71,-1,0
monitor,-0.71,-1,-1
chocoholic,-0.71,-1,-1
congregationalism,-0.71,-1,-1
alluvial,-0.71,-1,-1
diagrammatic,-0.71,-1,0
borderless,-0.71,-1,0
blustery,-0.71,-1,-2
offshore,-0.71,-1,0
relocation,-0.71,-1,-1
marketer,-0.71,-1,-1
multichannel,-0.71,-1,0
heinie,-0.71,-1,0
pilates,-0.71,-1,0
fouler,-0.71,-1,0
elephant,-0.71,-1,-1
simper,-0.71,-1,0
chai,-0.71,-1,0
spiritualization,-0.71,-1,0
earplug,-0.71,-1,-1
chubby,-0.71,-1,-2
blueblood,-0.71,-1,0
detached,-0.71,-1,0
canoodle,-0.71,-1,0
photosensitivity,-0.71,-1,0
velvety,-0.71,-1,-1
absentmindedly,-0.71,-1,0
tingling,-0.71,-1,-1
meekly,-0.71,-1,-1
music,-0.71,-1,0
starkly,-0.71,-1,-2
intrepid,-0.71,-1,-2
assertiveness,-0.71,-1,0
evolvement,-0.71,-1,-1
mutely,-0.71,-1,0
assort,-0.71,-1,-1
sanctum,-0.71,-1,0
spinach,-0.71,-1,-1
cutest,-0.71,-1,0
cacti,-0.71,-1,-1
bayside,-0.71,-1,0
hydrodynamic,-0.71,-1,-1
sedentarily,-0.71,-1,0
palatial,-0.71,-1,0
silkily,-0.71,-1,-1
shortcoming,-0.71,-1,0
reminiscence,-0.71,-1,-1
nightshirt,-0.71,-1,0
guidance,-0.71,-1,0
tearlessly,-0.71,-1,-1
unpersuasively,-0.71,-1,-2
blue,-0.71,-1,-1
morally,-0.71,-1,0
showroom,-0.71,-1,-1
cosmos,-0.71,-1,0
out,-0.71,-1,0
daydream,-0.71,-1,-1
nightlight,-0.71,-1,0
wooden,-0.71,-1,0
emptied,-0.71,-1,-1
creditability,-0.71,-1,0
taller,-0.71,-1,-1
trimly,-0.71,-1,0
unrestricted,-0.71,-1,0
soulfulness,-0.71,-1,0
reboot,-0.71,-1,-2
noisemaking,-0.71,-1,-2
faintly,-0.71,-1,-1
buddy,-0.72,-1,-1
rollback,-0.73,-1,0
saving,-0.73,-1,-1
priceless,-0.75,-1,-1
plan,-0.75,-1,-1
thermoregulatory,-0.75,-1,0
yon,-0.75,-1,0
publicity,-0.75,-1,-2
makingdisciples,-0.75,-1,-2
reason,-0.75,-1,0
outlandish,-0.75,-1,-2
commendable,-0.75,-1,0
drinks,-0.75,-1,0
bottlebrush,-0.75,-1,-1
apparent,-0.75,-1,0
botanical,-0.75,-1,-1
ooh,-0.75,-1,-1
observable,-0.75,-1,-1
nonproductively,-0.75,-1,0
regroup,-0.75,-1,-1
batten,-0.75,-1,0
resolvent,-0.75,-1,0
discoveries,-0.75,-1,0
throb,-0.75,-1,-2
geodynamic,-0.75,-1,0
tinkles,-0.75,-1,0
lithesome,-0.75,-1,-1
snail,-0.75,-1,-1
humbled,-0.75,-1,0
sober,-0.75,-1,0
lily,-0.75,-1,0
bobcat,-0.75,-1,-2
refrain,-0.75,-1,-1
scull,-0.75,-1,0
bachelor,-0.75,-1,-1
softener,-0.75,-1,-1
grave,-0.75,-1,0
moppet,-0.75,-1,0
imperceptibly,-0.75,-1,0
pretty,-0.75,-1,0
prayer,-0.75,-1,0
field,-0.75,-1,0
courses,-0.75,-1,0
demodulator,-0.75,-1,0
antiseptic,-0.75,-1,0
tie,-0.75,-1,0
deter,-0.75,-1,0
unaffectionate,-0.75,-1,-1
liked,-0.75,-1,0
wall,-0.75,-1,0
stockiness,-0.75,-1,-1
leafless,-0.75,-1,0
commercialize,-0.75,-1,-1
soundproof,-0.75,-1,-2
slant,-0.75,-1,-1
wiped,-0.75,-1,0
laureate,-0.75,-1,0
confluence,-0.75,-1,0
miracles,-0.75,-1,0
duvet,-0.75,-1,-1
mannerly,-0.75,-1,0
electropositive,-0.75,-1,0
slack,-0.75,-1,-1
humaneness,-0.75,-1,0
casual,-0.75,-1,-1
sith,-0.75,-1,0
frugalness,-0.75,-1,0
frugal,-0.75,-1,-1
resplendent,-0.75,-1,-1
unneeded,-0.75,-1,0
monotonousness,-0.75,-1,-1
reported,-0.75,-1,0
endearment,-0.75,-1,0
idealness,-0.75,-1,-1
deign,-0.75,-1,0
ballerina,-0.75,-1,0
undistorted,-0.75,-1,0
unburden,-0.75,-1,0
exemplariness,-0.75,-1,0
downhill,-0.75,-1,0
organization,-0.75,-1,0
accompany,-0.75,-1,0
titty,-0.75,-1,0
mining,-0.75,-1,0
unexacting,-0.75,-1,-1
emptiness,-0.75,-1,0
lecturer,-0.75,-1,0
questioning,-0.75,-1,-1
preamble,-0.75,-1,-2
turban,-0.75,-1,0
evaluative,-0.75,-1,0
ringleader,-0.75,-1,0
blooming,-0.75,-1,0
crisply,-0.75,-1,-1
obviously,-0.75,-1,-1
reignite,-0.75,-1,0
sportily,-0.75,-1,0
plank,-0.75,-1,0
guy,-0.75,-1,0
sewing,-0.75,-1,0
beatitude,-0.75,-1,0
fogless,-0.75,-1,-1
unveiling,-0.75,-1,-2
rainbows,-0.75,-1,0
communalist,-0.75,-1,0
vacantly,-0.75,-1,-1
stiffness,-0.75,-1,-1
urbanely,-0.75,-1,-1
overland,-0.75,-1,-1
jowl,-0.75,-1,0
somebody,-0.75,-1,0
safely,-0.75,-1,-1
acrylic,-0.75,-1,0
accordance,-0.75,-1,0
unrestrained,-0.75,-1,-2
preliminarily,-0.75,-1,0
nonmalignant,-0.75,-1,0
percentage,-0.75,-1,0
tickled,-0.75,-1,0
brig,-0.75,-1,0
refraining,-0.75,-1,0
seafloor,-0.75,-1,-1
neglecter,-0.75,-1,-1
modernly,-0.75,-1,-1
expanse,-0.75,-1,0
tranquilizer,-0.75,-1,0
waif,-0.75,-1,0
glasslike,-0.75,-1,-1
purism,-0.75,-1,-1
lifelike,-0.75,-1,0
goodheartedly,-0.75,-1,0
legroom,-0.75,-1,0
admiring,-0.75,-1,-1
shearer,-0.75,-1,0
robe,-0.75,-1,0
operant,-0.75,-1,0
technical,-0.75,-1,0
highness,-0.75,-1,0
mindlessly,-0.75,-1,0
squash,-0.75,-1,-1
sleeker,-0.75,-1,0
fortunately,-0.75,-1,-1
retaliator,-0.75,-1,-2
knight,-0.78,-1,0
reapprove,-0.78,-1,-2
persuade,-0.78,-1,0
supervise,-0.78,-1,0
rose,-0.78,-1,-1
bohemianism,-0.78,-1,-1
tomahawk,-0.78,-1,0
lavish,-0.78,-1,-1
granular,-0.78,-1,0
ideologue,-0.78,-1,-2
parliamentarianism,-0.78,-1,0
real,-0.78,-1,0
bedding,-0.78,-1,-1
jetty,-0.78,-1,-1
unmatched,-0.78,-1,-2
mediatory,-0.78,-1,0
warranted,-0.78,-1,0
physique,-0.78,-1,0
maneuvering,-0.78,-1,0
moon,-0.78,-1,-1
sociable,-0.78,-1,-1
fruition,-0.78,-1,0
noted,-0.78,-1,0
upkeep,-0.78,-1,-1
commander,-0.78,-1,0
disarm,-0.78,-1,-2
dale,-0.78,-1,0
beltless,-0.78,-1,0
focus,-0.78,-1,-1
crusty,-0.78,-1,0
tailgate,-0.78,-1,-2
elders,-0.78,-1,0
volunteer,-0.78,-1,0
ungraciously,-0.78,-1,0
surface,-0.78,-1,0
addressor,-0.78,-1,0
barefoot,-0.78,-1,-1
retrievably,-0.78,-1,0
sociality,-0.78,-1,0
dwarf,-0.78,-1,0
frequency,-0.78,-1,0
replete,-0.78,-1,-1
rehearsal,-0.78,-1,-2
airborne,-0.78,-1,0
polished,-0.78,-1,0
puppet,-0.78,-1,-2
pleat,-0.78,-1,0
pleasantry,-0.78,-1,0
thank,-0.78,-1,-1
trash,-0.78,-1,0
unattractively,-0.78,-1,-1
loon,-0.78,-1,0
laid,-0.78,-1,-1
restrained,-0.78,-1,0
freelance,-0.78,-1,0
analyze,-0.78,-1,0
confound,-0.78,-1,-2
stylistically,-0.78,-1,0
proximity,-0.78,-1,-1
countenance,-0.78,-1,0
app,-0.78,-1,0
sag,-0.78,-1,-1
transit,-0.78,-1,0
highlands,-0.78,-1,-1
morosely,-0.78,-1,-1
moored,-0.78,-1,0
purely,-0.78,-1,0
gallant,-0.78,-1,0
unworn,-0.78,-1,-1
intimately,-0.78,-1,-2
learner,-0.78,-1,0
separateness,-0.78,-1,0
liberties,-0.78,-1,0
mince,-0.78,-1,0
unopposed,-0.78,-1,0
sunward,-0.78,-1,-2
touching,-0.78,-1,-1
featherless,-0.78,-1,0
unacquaintedness,-0.78,-1,0
oblige,-0.78,-1,0
dresser,-0.78,-1,0
woodshed,-0.78,-1,-1
nonurban,-0.78,-1,0
eyewitness,-0.78,-1,0
pajamas,-0.78,-1,-1
lapdog,-0.78,-1,0
topside,-0.8,-1,-1
penguin,-0.8,-1,0
vigorous,-0.8,-1,-2
uptrend,-0.8,-1,0
savvy,-0.8,-1,0
acceptability,-0.8,-1,0
motorsport,-0.8,-1,-1
nonparticipating,-0.8,-1,0
benefiter,-0.8,-1,-1
buckhorn,-0.8,-1,-1
overripe,-0.8,-1,-1
sire,-0.8,-1,0
voiced,-0.8,-1,0
pouty,-0.8,-1,-1
trashcan,-0.8,-1,0
agreeing,-0.8,-1,0
echo,-0.8,-1,-1
froze,-0.8,-1,0
nonrenewable,-0.8,-1,-1
poinsettia,-0.8,-1,0
comprehensively,-0.8,-1,-1
disposition,-0.8,-1,0
flourish,-0.8,-1,0
heavies,-0.8,-1,0
fist,-0.8,-1,-2
humdrum,-0.8,-1,-1
moonwalk,-0.8,-1,-1
flyway,-0.8,-1,0
incorruptible,-0.8,-1,0
religion,-0.8,-1,0
reproduce,-0.8,-1,0
uncurious,-0.8,-1,-1
warbled,-0.8,-1,-1
supervisory,-0.8,-1,0
deodorize,-0.8,-1,0
joshing,-0.8,-1,-1
widen,-0.8,-1,0
covered,-0.8,-1,0
bookselling,-0.8,-1,0
result,-0.8,-1,0
winery,-0.8,-1,0
share,-0.8,-1,0
imperishable,-0.8,-1,0
preschooler,-0.8,-1,-1
intellectualize,-0.8,-1,0
telescope,-0.8,-1,0
eater,-0.8,-1,0
librarian,-0.8,-1,0
allies,-0.8,-1,-1
enablement,-0.8,-1,0
suntanned,-0.8,-1,-1
propeller,-0.8,-1,0
unpremeditatedly,-0.8,-1,0
hitchhiking,-0.8,-1,0
saloon,-0.8,-1,-2
grip,-0.8,-1,0
pigpen,-0.8,-1,-1
unimpressive,-0.8,-1,-1
storywriter,-0.8,-1,0
rebuilt,-0.8,-1,0
slothful,-0.8,-1,-2
tepidly,-0.8,-1,0
sooth,-0.8,-1,0
handwash,-0.8,-1,-1
sensed,-0.8,-1,-1
unwrinkled,-0.8,-1,0
aromatize,-0.8,-1,-1
hibernate,-0.8,-1,-1
neutralize,-0.8,-1,0
dummy,-0.8,-1,-1
deregister,-0.8,-1,-2
absorptive,-0.8,-1,-1
octagon,-0.8,-1,0
trundle,-0.8,-1,0
conjurer,-0.8,-1,0
hearthside,-0.8,-1,-1
clientele,-0.8,-1,0
fab,-0.8,-1,0
pearlescent,-0.8,-1,-1
viewable,-0.8,-1,0
insipidness,-0.8,-1,-1
horticultural,-0.8,-1,0
bladder,-0.8,-1,0
gemology,-0.8,-1,0
cascade,-0.8,-1,-1
harp,-0.8,-1,-1
soundless,-0.8,-1,-1
muskiness,-0.8,-1,-1
tetherball,-0.8,-1,-1
graininess,-0.8,-1,-1
greedless,-0.8,-1,0
streamlined,-0.8,-1,0
maximal,-0.8,-1,0
woofer,-0.8,-1,0
browse,-0.8,-1,-1
beanie,-0.8,-1,-1
lineless,-0.8,-1,0
whipcord,-0.8,-1,0
heartedly,-0.8,-1,-1
foothill,-0.8,-1,-1
resignedly,-0.8,-1,0
forcefulness,-0.8,-1,-1
yen,-0.8,-1,-1
noncombatant,-0.8,-1,0
temperateness,-0.8,-1,0
bloke,-0.8,-1,0
approximation,-0.8,-1,0
bedazzlement,-0.8,-1,-1
meanwhile,-0.8,-1,-1
nursing,-0.8,-1,0
dutifully,-0.8,-1,0
socialization,-0.8,-1,0
tabular,-0.8,-1,0
coddle,-0.8,-1,-1
decently,-0.8,-1,0
physiotherapy,-0.8,-1,0
headwater,-0.8,-1,-1
hideaway,-0.8,-1,-1
flaccidness,-0.8,-1,0
infusive,-0.8,-1,-1
sporadically,-0.8,-1,0
beforehand,-0.8,-1,-1
fodder,-0.8,-1,0
tumbler,-0.8,-1,0
plural,-0.8,-1,0
hallelujah,-0.8,-1,-2
accomplisher,-0.8,-1,0
lifter,-0.8,-1,0
minimize,-0.8,-1,0
appeasable,-0.8,-1,0
sidelight,-0.8,-1,0
lid,-0.8,-1,-2
mainspring,-0.8,-1,0
bar,-0.8,-1,0
limeade,-0.8,-1,0
waxed,-0.8,-1,0
interrupts,-0.8,-1,-1
baggy,-0.8,-1,0
outlet,-0.8,-1,0
weighty,-0.8,-1,-2
physiotherapist,-0.8,-1,0
habitually,-0.8,-1,0
sideline,-0.8,-1,-1
lucratively,-0.8,-1,0
naturism,-0.8,-1,0
adapt,-0.8,-1,0
large,-0.8,-1,0
dreamful,-0.8,-1,-1
incandescence,-0.8,-1,0
electromagnet,-0.8,-1,-1
muse,-0.8,-1,0
gooselike,-0.8,-1,0
together,-0.8,-1,0
coordination,-0.8,-1,0
tumbledown,-0.8,-1,0
undermost,-0.8,-1,-1
romper,-0.8,-1,0
expanded,-0.8,-1,0
stabilized,-0.8,-1,-1
edification,-0.8,-1,0
assimilate,-0.8,-1,-1
numb,-0.8,-1,0
swimmable,-0.8,-1,-1
stock,-0.8,-1,0
devolution,-0.8,-1,-2
lightship,-0.8,-1,-1
semiprofessional,-0.8,-1,0
sheepherder,-0.8,-1,0
monetize,-0.8,-1,0
serendipitous,-0.8,-1,-1
coextension,-0.8,-1,0
downstream,-0.8,-1,0
shallow,-0.8,-1,-1
guerrilla,-0.8,-1,-2
sportsmanlike,-0.8,-1,0
sledded,-0.8,-1,0
outerwear,-0.8,-1,0
eyelids,-0.8,-1,-1
contemplate,-0.8,-1,-1
poise,-0.8,-1,0
awww,-0.8,-1,-1
outmoded,-0.8,-1,0
blew,-0.8,-1,0
traceable,-0.8,-1,0
vacationer,-0.8,-1,0
bill,-0.8,-1,0
efficient,-0.8,-1,0
artful,-0.8,-1,0
impressionistic,-0.8,-1,0
ahoy,-0.8,-1,-1
restoratively,-0.8,-1,0
sidepiece,-0.8,-1,0
finance,-0.8,-1,0
he,-0.8,-1,0
fielder,-0.8,-1,-1
panama,-0.8,-1,0
copter,-0.8,-1,-1
dustpan,-0.8,-1,0
beautify,-0.8,-1,-1
reconcilability,-0.8,-1,0
acquitted,-0.8,-1,0
freezer,-0.8,-1,0
astrodome,-0.8,-1,0
slice,-0.8,-1,0
inertly,-0.8,-1,-1
hereinafter,-0.8,-1,-1
perforate,-0.8,-1,0
portion,-0.8,-1,0
detoxification,-0.8,-1,0
pervasion,-0.8,-1,-1
fixedness,-0.8,-1,0
mitten,-0.8,-1,-1
homage,-0.8,-1,0
calculation,-0.8,-1,0
beastie,-0.8,-1,0
decompression,-0.8,-1,0
freehandedness,-0.8,-1,0
graduated,-0.8,-1,0
fondue,-0.8,-1,-1
uninfected,-0.8,-1,0
disenthrall,-0.8,-1,-1
stoical,-0.8,-1,0
tend,-0.8,-1,0
majorette,-0.8,-1,-1
magnanimously,-0.8,-1,0
consolatory,-0.8,-1,-1
forces,-0.8,-1,0
reduce,-0.8,-1,0
muscularly,-0.8,-1,0
cajoler,-0.8,-1,0
unalienable,-0.8,-1,0
uninteresting,-0.8,-1,0
hoofmark,-0.8,-1,-1
abatement,-0.8,-1,-1
experimenter,-0.8,-1,0
collaborationism,-0.8,-1,-1
maharajah,-0.8,-1,-1
monotheism,-0.8,-1,0
granny,-0.82,-1,0
speckle,-0.83,-1,-1
bareness,-0.83,-1,-1
loosely,-0.83,-1,-1
sunday,-0.83,-1,0
proud,-0.83,-1,-1
revive,-0.83,-1,-1
extravagantly,-0.83,-1,-2
domesticity,-0.83,-1,-1
lyrical,-0.83,-1,0
markswoman,-0.83,-1,-1
doggone,-0.83,-1,-1
piously,-0.83,-1,-1
snowless,-0.83,-1,-1
devoutness,-0.83,-1,-1
rehydrate,-0.83,-1,-1
sweeter,-0.83,-1,-1
hazelnut,-0.83,-1,-1
kickstart,-0.83,-1,-1
informality,-0.83,-1,-1
absorbedly,-0.83,-1,0
petted,-0.83,-1,-1
unambitious,-0.83,-1,0
acceptable,-0.83,-1,-1
houseplant,-0.83,-1,-1
farsighted,-0.83,-1,-1
sumptuously,-0.83,-1,0
bolero,-0.83,-1,-1
untraded,-0.83,-1,-1
drinkability,-0.83,-1,-1
enfold,-0.83,-1,-1
hike,-0.83,-1,-1
stableness,-0.83,-1,0
depreciative,-0.83,-1,-1
maestro,-0.83,-1,-1
exertive,-0.83,-1,-1
woolsack,-0.83,-1,-1
winterless,-0.83,-1,-1
unimaginatively,-0.83,-1,0
humanize,-0.83,-1,-1
nightgown,-0.83,-1,-1
participative,-0.83,-1,-1
versification,-0.83,-1,-1
curtness,-0.83,-1,-1
colombian,-0.83,-1,0
forgave,-0.83,-1,-1
aromatically,-0.83,-1,-1
decorating,-0.83,-1,-1
cornucopian,-0.83,-1,-1
dayoff,-0.83,-1,-1
debark,-0.83,-1,-1
conscientiously,-0.83,-1,0
smoking,-0.83,-1,-1
disinterest,-0.83,-1,-1
unconstrained,-0.83,-1,0
plotted,-0.83,-1,-1
suffused,-0.83,-1,-1
prepped,-0.83,-1,0
washed,-0.83,-1,-1
prioritize,-0.83,-1,-1
claret,-0.83,-1,0
commonality,-0.83,-1,-1
infinitively,-0.83,-1,-1
saggy,-0.83,-1,-1
reputable,-0.83,-1,0
comforter,-0.83,-1,-1
flavorless,-0.83,-1,-1
overnight,-0.83,-1,-1
outrigger,-0.83,-1,-1
receptively,-0.83,-1,-1
lactate,-0.83,-1,-1
protuberance,-0.83,-1,-1
aftercare,-0.83,-1,-1
antarctic,-0.83,-1,-1
sleepily,-0.83,-1,-1
nectarine,-0.83,-1,-1
night,-0.83,-1,0
unvaried,-0.83,-1,-1
southpaw,-0.83,-1,-1
condolence,-0.83,-1,-1
spa,-0.83,-1,0
uncalculating,-0.83,-1,-1
ministration,-0.83,-1,-1
marvel,-0.83,-1,0
juiciness,-0.83,-1,0
submissively,-0.83,-1,-1
winterberry,-0.83,-1,0
prissy,-0.83,-1,-1
compartmentalize,-0.83,-1,-1
tenderhearted,-0.83,-1,-1
fountainhead,-0.83,-1,-1
wigless,-0.83,-1,-1
consignor,-0.83,-1,-1
witticism,-0.83,-1,-1
whiteboard,-0.83,-1,-1
handlebar,-0.83,-1,-1
monkish,-0.83,-1,0
mealy,-0.83,-1,0
caller,-0.83,-1,-1
liturgical,-0.83,-1,-1
traditionalism,-0.83,-1,-1
reviver,-0.83,-1,-1
stretchy,-0.83,-1,-1
facilitator,-0.83,-1,-1
caresser,-0.83,-1,-1
formulistic,-0.83,-1,-1
prestigious,-0.83,-1,-1
waterside,-0.83,-1,0
gainfully,-0.83,-1,0
better,-0.83,-1,-1
topspin,-0.83,-1,-1
tightwad,-0.83,-1,-1
uncork,-0.85,-1,-2
guidable,-0.85,-1,-2
moniker,-0.86,-1,0
eco,-0.86,-1,0
cumulative,-0.86,-1,0
deepen,-0.86,-1,0
milestone,-0.86,-1,-1
beachfront,-0.86,-1,0
cooperation,-0.86,-1,-1
reusable,-0.86,-1,-1
existentially,-0.86,-1,0
northwest,-0.86,-1,0
lethargically,-0.86,-1,0
mensa,-0.86,-1,0
bassinet,-0.86,-1,0
objectiveness,-0.86,-1,0
absently,-0.86,-1,-1
slippers,-0.86,-1,0
ballet,-0.86,-1,0
crystal,-0.86,-1,0
beechnut,-0.86,-1,0
shapeliness,-0.86,-1,-1
cartesian,-0.86,-1,0
stylized,-0.86,-1,0
noiseproof,-0.86,-1,-1
unchain,-0.86,-1,0
persuasiveness,-0.86,-1,0
late,-0.86,-1,-1
buttonhook,-0.86,-1,0
shallowly,-0.86,-1,-1
hoedown,-0.86,-1,-1
finery,-0.86,-1,0
twaddle,-0.86,-1,-2
razorback,-0.86,-1,0
dreamer,-0.86,-1,-1
necktie,-0.86,-1,0
custom,-0.86,-1,0
fabricator,-0.86,-1,0
westernize,-0.86,-1,0
institutor,-0.86,-1,0
gym,-0.86,-1,0
imbiber,-0.86,-1,0
dusk,-0.86,-1,-1
airy,-0.86,-1,-1
setpoint,-0.86,-1,0
how,-0.86,-1,0
yonder,-0.86,-1,0
dine,-0.86,-1,0
adeptness,-0.86,-1,0
script,-0.86,-1,0
crony,-0.86,-1,0
resignation,-0.86,-1,-1
insistency,-0.86,-1,-2
statesmanship,-0.86,-1,0
zestfulness,-0.86,-1,-1
meadowland,-0.86,-1,0
chipper,-0.86,-1,0
pluralistic,-0.86,-1,0
accent,-0.88,-1,0
rainfall,-0.88,-1,0
icily,-0.88,-1,0
meteoric,-0.88,-1,-2
triumphant,-0.88,-1,0
sergeant,-0.88,-1,-2
weathered,-0.88,-1,0
yawning,-0.88,-1,-1
staleness,-0.88,-1,0
fireflies,-0.88,-1,-1
eucalyptus,-0.88,-1,-1
dowager,-0.88,-1,0
lean,-0.88,-1,-1
beach,-0.88,-1,-1
leisured,-0.88,-1,-1
feather,-0.88,-1,0
oldfashioned,-0.88,-1,0
joke,-0.88,-1,-1
islander,-0.88,-1,-1
melodious,-0.88,-1,0
surrendering,-0.88,-1,-2
classics,-0.88,-1,-1
priestly,-0.88,-1,-1
earn,-0.88,-1,0
habitat,-0.88,-1,0
rightfully,-0.88,-1,0
whippet,-0.88,-1,0
sat,-0.88,-1,0
sightlessly,-0.88,-1,-1
halfway,-0.88,-1,0
southerly,-0.88,-1,-1
fireplace,-0.88,-1,-1
uncut,-0.88,-1,0
complimentarily,-0.88,-1,0
apathetic,-0.88,-1,-1
junior,-0.88,-1,0
playground,-0.88,-1,0
attrition,-0.88,-1,0
hobbyist,-0.89,-1,0
provenance,-0.89,-1,0
cozier,-0.89,-1,-1
unpadded,-0.89,-1,0
forbearance,-0.89,-1,-1
ultramodern,-0.89,-1,0
courtyard,-0.89,-1,0
healthy,-0.89,-1,0
emphasis,-0.89,-1,0
ratification,-0.89,-1,0
extenuate,-0.89,-1,0
sac,-0.89,-1,0
netting,-0.89,-1,0
mincer,-0.89,-1,0
officiate,-0.89,-1,0
aftersale,-0.89,-1,0
idle,-0.89,-1,-1
opus,-0.89,-1,0
passivity,-0.89,-1,-1
addition,-0.89,-1,0
externalize,-0.89,-1,0
go,-0.89,-1,0
auntie,-0.89,-1,-1
departmentalize,-0.89,-1,0
proletariat,-0.89,-1,0
davenport,-0.89,-1,0
van,-0.89,-1,0
periodicity,-0.89,-1,0
informally,-0.89,-1,0
skilled,-0.89,-1,0
anaerobia,-0.89,-1,0
actively,-0.89,-1,0
laypeople,-0.89,-1,0
befall,-0.89,-1,0
employer,-0.89,-1,-1
survive,-0.89,-1,0
simile,-0.89,-1,0
rhythm,-0.89,-1,0
conjugative,-0.89,-1,0
badass,-0.89,-1,-2
sympathize,-0.89,-1,-1
carcass,-0.89,-1,-2
architect,-0.89,-1,0
doings,-0.89,-1,0
trooper,-0.89,-1,0
retribution,-0.89,-1,0
steamship,-0.89,-1,0
alleviator,-0.89,-1,0
propulsion,-0.89,-1,0
ceo,-0.89,-1,0
acceleration,-0.89,-1,-2
tidbit,-0.89,-1,-1
air,-0.89,-1,-1
role,-0.89,-1,0
booty,-0.89,-1,0
lady,-0.89,-1,0
quartet,-0.89,-1,0
saltshaker,-0.89,-1,0
flattering,-0.89,-1,-2
viola,-0.89,-1,0
dock,-0.89,-1,0
act,-0.89,-1,0
condo,-0.89,-1,0
extended,-0.89,-1,0
archaist,-0.89,-1,0
liberalism,-0.89,-1,0
dullish,-0.89,-1,-1
transmit,-0.89,-1,0
lichen,-0.89,-1,0
hilly,-0.89,-1,0
phew,-0.89,-1,-1
bay,-0.89,-1,-1
glue,-0.89,-1,0
untwined,-0.89,-1,0
deliberatively,-0.89,-1,0
gridiron,-0.89,-1,0
sophisticated,-0.89,-1,0
flatlander,-0.89,-1,0
angiograph,-0.89,-1,0
sprain,-0.89,-1,0
laconic,-0.89,-1,0
regimentally,-0.89,-1,-2
reassess,-0.89,-1,0
classified,-0.89,-1,0
moonlight,-0.89,-1,-1
befit,-0.89,-1,0
forming,-0.9,-1,0
divan,-0.9,-1,0
herb,-0.9,-1,0
unaware,-0.9,-1,0
stride,-0.9,-1,0
unrefined,-0.9,-1,0
place,-0.9,-1,0
tepidness,-0.9,-1,0
named,-0.9,-1,0
warms,-0.91,-1,-2
sleeplike,-0.92,-1,-1
implicative,-1.0,-1,0
peppiness,-1.0,-1,-2
mead,-1.0,-1,0
mascarpone,-1.0,-1,-2
nightclubbing,-1.0,-1,-1
undefended,-1.0,-1,0
humbly,-1.0,-1,-1
orthographical,-1.0,-1,0
beautifier,-1.0,-1,0
commonly,-1.0,-1,0
firebreak,-1.0,-1,-1
frugally,-1.0,-1,-2
redundantly,-1.0,-1,0
appreciate,-1.0,-1,-2
mild,-1.0,-1,-1
troubadour,-1.0,-1,0
convincing,-1.0,-1,0
dispiritedly,-1.0,-1,-1
hydraulically,-1.0,-1,0
panda,-1.0,-1,0
dreamt,-1.0,-1,-1
unsentimentally,-1.0,-1,0
snuggles,-1.0,-1,-1
glowing,-1.0,-1,-1
purchased,-1.0,-1,0
utilizable,-1.0,-1,-1
ashes,-1.0,-1,-2
delegate,-1.0,-1,-2
dispensational,-1.0,-1,-2
housewarming,-1.0,-1,-1
contrite,-1.0,-1,0
reflection,-1.0,-1,0
geese,-1.0,-1,0
gal,-1.0,-1,0
loyalism,-1.0,-1,0
icecream,-1.0,-1,-2
irresponsibly,-1.0,-1,-1
wilt,-1.0,-1,-1
untiring,-1.0,-1,0
tipsiness,-1.0,-1,-1
uncompressed,-1.0,-1,0
athleticism,-1.0,-1,0
typography,-1.0,-1,-2
insipidly,-1.0,-1,-1
faster,-1.0,-1,-1
conduciveness,-1.0,-1,0
impassive,-1.0,-1,0
kite,-1.0,-1,0
bonsoir,-1.0,-1,0
statically,-1.0,-1,0
illuminant,-1.0,-1,0
passiveness,-1.0,-1,-1
minion,-1.0,-1,0
flume,-1.0,-1,0
fabulously,-1.0,-1,-2
chapeau,-1.0,-1,0
movement,-1.0,-1,0
icecap,-1.0,-1,-1
cougar,-1.0,-1,0
unapproved,-1.0,-1,-2
irresponsiveness,-1.0,-1,-1
moviemaker,-1.0,-1,0
unbleached,-1.0,-1,0
goddaughter,-1.0,-1,0
conveyer,-1.0,-1,-2
reservationist,-1.0,-1,-1
satiate,-1.0,-1,-1
speedboat,-1.0,-1,0
rowing,-1.0,-1,-1
gesticulate,-1.0,-1,-1
disfavor,-1.0,-1,-1
handsomely,-1.0,-1,0
methodical,-1.0,-1,-1
consolable,-1.0,-1,0
meatball,-1.0,-1,-1
revere,-1.0,-1,-1
ironer,-1.0,-1,0
guesthouse,-1.0,-1,0
videoconference,-1.0,-1,0
timesaving,-1.0,-1,0
dimensionless,-1.0,-1,0
momentarily,-1.0,-1,-2
hiking,-1.0,-1,-2
purveyor,-1.0,-1,-2
effervescence,-1.0,-1,-1
essence,-1.0,-1,-1
tint,-1.0,-1,0
scaled,-1.0,-1,0
discreetly,-1.0,-1,-1
class,-1.0,-1,0
jovially,-1.0,-1,-1
midmonth,-1.0,-1,-1
immobility,-1.0,-1,-1
rodeo,-1.0,-1,0
starless,-1.0,-1,-1
endurably,-1.0,-1,-1
pragmatic,-1.0,-1,0
peak,-1.0,-1,-2
sleepyhead,-1.0,-1,0
serial,-1.0,-1,0
gateway,-1.0,-1,-2
moonlit,-1.0,-1,-1
interglacial,-1.0,-1,-1
magnifico,-1.0,-1,0
domestic,-1.0,-1,-2
onside,-1.0,-1,-2
peso,-1.0,-1,0
disunite,-1.0,-1,-1
comparatively,-1.0,-1,0
tallyho,-1.0,-1,-1
amusedly,-1.0,-1,-1
correspondent,-1.0,-1,0
combine,-1.0,-1,0
animate,-1.0,-1,0
midship,-1.0,-1,-1
matchbox,-1.0,-1,0
studied,-1.0,-1,0
landlessness,-1.0,-1,-2
flextime,-1.0,-1,0
upholster,-1.0,-1,0
divertive,-1.0,-1,0
virtuously,-1.0,-1,-1
pence,-1.0,-1,-2
hollowly,-1.0,-1,-1
artlessly,-1.0,-1,-1
childlike,-1.0,-1,-1
nightwear,-1.0,-1,-1
purposefully,-1.0,-1,-2
voracious,-1.0,-1,-2
hilariously,-1.0,-1,-1
commendation,-1.0,-1,0
affableness,-1.0,-1,-2
loafer,-1.0,-1,0
sundeck,-1.0,-1,-1
hawaiian,-1.0,-1,-1
stopped,-1.0,-1,-1
outwear,-1.0,-1,0
ghostwriter,-1.0,-1,0
semipublic,-1.0,-1,-1
nonleaded,-1.0,-1,0
recover,-1.0,-1,0
homelike,-1.0,-1,-2
rosehip,-1.0,-1,-1
decelerate,-1.0,-1,-2
remissive,-1.0,-1,0
whipper,-1.0,-1,-2
luxuriate,-1.0,-1,-1
midseason,-1.0,-1,0
meaningfulness,-1.0,-1,0
coke,-1.0,-1,0
hotyoga,-1.0,-1,-1
cuddled,-1.0,-1,-1
rhythmic,-1.0,-1,-2
hydrator,-1.0,-1,0
demander,-1.0,-1,0
retiring,-1.0,-1,-1
texturally,-1.0,-1,0
whinny,-1.0,-1,-1
croon,-1.0,-1,-2
statuesque,-1.0,-1,0
approachability,-1.0,-1,-1
hee,-1.0,-1,-2
prowler,-1.0,-1,-1
lushness,-1.0,-1,0
playlist,-1.0,-1,0
sisterhood,-1.0,-1,-2
enchant,-1.0,-1,-2
positively,-1.0,-1,0
protrude,-1.0,-1,0
aimlessly,-1.0,-1,-1
economization,-1.0,-1,-1
corporate,-1.0,-1,0
rollerblade,-1.0,-1,-1
lowness,-1.0,-1,-1
designed,-1.0,-1,0
dewiness,-1.0,-1,-1
redisplay,-1.0,-1,0
docker,-1.0,-1,-2
pix,-1.0,-1,-2
soapsuds,-1.0,-1,-1
oversea,-1.0,-1,-1
ornately,-1.0,-1,0
overeager,-1.0,-1,-2
parentheses,-1.0,-1,0
tuneful,-1.0,-1,-2
farsightedly,-1.0,-1,0
assistantship,-1.0,-1,0
lingering,-1.0,-1,-1
neighbourhood,-1.0,-1,-1
assimilative,-1.0,-1,0
preemptive,-1.0,-1,0
itinerant,-1.0,-1,0
stapled,-1.0,-1,0
endeavor,-1.0,-1,-2
humbleness,-1.0,-1,-1
fortunetelling,-1.0,-1,-1
compliment,-1.0,-1,-1
catnap,-1.0,-1,-1
reservedly,-1.0,-1,-1
harmlessly,-1.0,-1,-1
sower,-1.0,-1,0
frozen,-1.0,-1,-1
teetotaler,-1.0,-1,-2
fixable,-1.0,-1,-1
curtain,-1.0,-1,0
airwave,-1.0,-1,-1
compose,-1.0,-1,0
antigen,-1.0,-1,0
mentally,-1.0,-1,-2
freewheel,-1.0,-1,-1
windsurfer,-1.0,-1,-1
bestowment,-1.0,-1,0
pew,-1.0,-1,-2
guitarist,-1.0,-1,0
transience,-1.0,-1,0
handcart,-1.0,-1,-1
engorge,-1.0,-1,-1
beaches,-1.0,-1,0
helmsman,-1.0,-1,-1
glycogenic,-1.0,-1,0
landholder,-1.0,-1,0
shagged,-1.0,-1,-1
cumin,-1.0,-1,0
substantive,-1.0,-1,0
chummy,-1.0,-1,-1
refuge,-1.0,-1,-1
knowledgeably,-1.0,-1,0
passionlessly,-1.0,-1,-2
corgi,-1.0,-1,0
overwork,-1.0,-1,-2
snowboarder,-1.0,-1,-1
harmonic,-1.0,-1,-1
conversant,-1.0,-1,0
reverb,-1.0,-1,0
fruitful,-1.0,-1,-2
fruitfully,-1.0,-1,0
conformable,-1.0,-1,0
boring,-1.0,-1,-1
anyway,-1.0,-1,-1
padded,-1.0,-1,-1
carved,-1.0,-1,-1
consistency,-1.0,-1,0
dispersive,-1.0,-1,0
cushy,-1.0,-1,-1
gambled,-1.0,-1,-1
demureness,-1.0,-1,-1
lapped,-1.0,-1,0
dogsled,-1.0,-1,0
nonflammable,-1.0,-1,-1
flaccidity,-1.0,-1,-1
classy,-1.0,-1,-2
kit,-1.0,-1,0
whiteness,-1.0,-1,-1
vegetate,-1.0,-1,-1
farcically,-1.0,-1,0
enviable,-1.0,-1,-1
sublicense,-1.0,-1,0
conservational,-1.0,-1,0
greenness,-1.0,-1,0
bencher,-1.0,-1,0
playboy,-1.0,-1,-1
slid,-1.0,-1,-1
warmhearted,-1.0,-1,0
oceanic,-1.0,-1,0
chair,-1.0,-1,0
droop,-1.0,-1,-1
attribute,-1.0,-1,0
selection,-1.0,-1,0
comfy,-1.0,-1,-1
housecoat,-1.0,-1,-1
fascinating,-1.0,-1,0
promising,-1.0,-1,-1
temple,-1.0,-1,-2
opening,-1.0,-1,0
guilder,-1.0,-1,0
cheerily,-1.0,-1,0
distant,-1.0,-1,0
immerse,-1.0,-1,0
saturate,-1.0,-1,-1
skirts,-1.0,-1,0
synopsize,-1.0,-1,-1
resettle,-1.0,-1,-1
kerchief,-1.0,-1,-2
storybook,-1.0,-1,-1
fairer,-1.0,-1,-1
dimmed,-1.0,-1,-1
amusing,-1.0,-1,-1
wildflower,-1.0,-1,-2
recycle,-1.0,-1,-1
kin,-1.0,-1,0
imbue,-1.0,-1,-1
hallow,-1.0,-1,0
flotation,-1.0,-1,-1
overeater,-1.0,-1,-1
colloquially,-1.0,-1,0
activity,-1.0,-1,0
charities,-1.0,-1,-1
economize,-1.0,-1,0
edition,-1.0,-1,0
cartoon,-1.0,-1,0
greatday,-1.0,-1,-2
rightmost,-1.0,-1,-2
unimportantly,-1.0,-1,-2
lasting,-1.0,-1,0
ruggedness,-1.0,-1,0
soar,-1.0,-1,-1
possess,-1.0,-1,0
cathartic,-1.0,-1,-2
semiretirement,-1.0,-1,-1
aromatherapy,-1.0,-1,-1
legible,-1.0,-1,-2
reliever,-1.0,-1,-1
scamp,-1.0,-1,-2
privately,-1.0,-1,-1
offhandedness,-1.0,-1,-2
admire,-1.0,-1,0
unconcluded,-1.0,-1,-2
ear,-1.0,-1,0
bluebell,-1.0,-1,-1
household,-1.0,-1,0
enquire,-1.0,-1,0
pardner,-1.0,-1,0
hydrate,-1.0,-1,-1
parsimonious,-1.0,-1,0
adore,-1.0,-1,-1
sainthood,-1.0,-1,-1
equipped,-1.0,-1,-2
willingness,-1.0,-1,-1
doubtless,-1.0,-1,0
chassis,-1.0,-1,0
hotelkeeper,-1.0,-1,0
lithely,-1.0,-1,-2
nostalgia,-1.0,-1,-1
smoother,-1.0,-1,0
accordant,-1.0,-1,0
incremental,-1.0,-1,-2
channel,-1.0,-1,0
merge,-1.0,-1,0
beneficiary,-1.0,-1,-2
stint,-1.0,-1,0
mastermind,-1.0,-1,0
ppl,-1.0,-1,0
pleasantly,-1.0,-1,-1
unexpressive,-1.0,-1,-1
stupendous,-1.0,-1,-2
unhitch,-1.0,-1,-1
discredited,-1.0,-1,-2
knowing,-1.0,-1,0
infantilism,-1.0,-1,0
newsreader,-1.0,-1,0
spice,-1.0,-1,0
diminutive,-1.0,-1,0
slacken,-1.0,-1,-2
runaround,-1.0,-1,-2
hinterland,-1.0,-1,0
conductress,-1.0,-1,0
pommel,-1.0,-1,-1
celebrations,-1.0,-1,-2
bigwig,-1.0,-1,0
bath,-1.05,-1,-1
envision,-1.09,-1,-2
regionally,-1.1,-1,-2
headship,-1.1,-1,-2
laundryman,-1.1,-1,-2
mesmerized,-1.1,-1,-2
watercourse,-1.1,-1,-2
woodcraft,-1.1,-1,-2
preppy,-1.1,-1,-2
girls,-1.1,-1,-2
cooking,-1.1,-1,-2
insulate,-1.1,-1,-2
indention,-1.1,-1,-2
avatar,-1.1,-1,-2
unclench,-1.1,-1,-2
persuaded,-1.1,-1,-2
gotten,-1.1,-1,-2
beaver,-1.11,-1,-2
cockspur,-1.11,-1,-2
geomorphic,-1.11,-1,-2
innings,-1.11,-1,-2
sleet,-1.11,-1,-2
pretended,-1.11,-1,-2
trip,-1.11,-1,-2
agree,-1.11,-1,-2
bluecoat,-1.11,-1,-2
concentration,-1.11,-1,-2
ad,-1.11,-1,-2
praxis,-1.11,-1,-2
sedimentation,-1.11,-1,-2
yew,-1.11,-1,-2
recurring,-1.11,-1,-2
connoisseur,-1.11,-1,-2
aesthetics,-1.11,-1,-2
ropewalk,-1.11,-1,-2
sepia,-1.11,-1,-2
unenforceable,-1.11,-1,-2
egress,-1.11,-1,-1
ken,-1.11,-1,-2
storied,-1.11,-1,-2
sample,-1.11,-1,-2
packer,-1.11,-1,-2
blackbird,-1.11,-1,-2
pail,-1.11,-1,-2
vocally,-1.11,-1,-2
advertise,-1.11,-1,-2
redesign,-1.11,-1,-2
domicile,-1.11,-1,-2
depiction,-1.11,-1,-2
train,-1.11,-1,-2
vet,-1.11,-1,-2
navel,-1.11,-1,-2
resole,-1.11,-1,-2
panier,-1.11,-1,-2
turnpike,-1.11,-1,-2
cultivation,-1.11,-1,-2
landfall,-1.11,-1,-2
workplace,-1.11,-1,-2
shorefront,-1.11,-1,-2
gill,-1.11,-1,-2
regionalize,-1.11,-1,-2
honeymooner,-1.11,-1,-2
sup,-1.11,-1,-2
flapjack,-1.11,-1,-2
vendor,-1.11,-1,-2
street,-1.11,-1,-2
planetary,-1.11,-1,-2
tied,-1.11,-1,-2
cum,-1.11,-1,-2
rabbi,-1.11,-1,-2
divulge,-1.11,-1,-2
implicitly,-1.11,-1,-2
united,-1.11,-1,-2
authoritatively,-1.11,-1,-2
idiopathic,-1.11,-1,-2
philosophize,-1.11,-1,-2
mighty,-1.11,-1,-2
saleable,-1.11,-1,-2
undeviating,-1.12,-1,-2
dismiss,-1.12,-1,-2
select,-1.12,-1,-2
impressive,-1.12,-1,-2
indolent,-1.12,-1,-2
handy,-1.12,-1,-1
listless,-1.12,-1,-2
hoister,-1.12,-1,-2
cop,-1.12,-1,-2
cab,-1.12,-1,-2
accompanying,-1.12,-1,-2
bathe,-1.12,-1,0
civilization,-1.12,-1,-2
dreamlessness,-1.12,-1,-2
quieter,-1.12,-1,-1
cocoa,-1.12,-1,-2
woodlands,-1.12,-1,-2
soak,-1.12,-1,-2
teetotaller,-1.12,-1,-2
tiller,-1.12,-1,-2
educate,-1.12,-1,-2
double,-1.12,-1,-2
fatherliness,-1.12,-1,-2
jaggedly,-1.14,-1,-2
backlight,-1.14,-1,-2
bourbon,-1.14,-1,-2
lively,-1.14,-1,-2
porker,-1.14,-1,-2
emote,-1.14,-1,-2
unique,-1.14,-1,-2
adaptable,-1.14,-1,-2
investor,-1.14,-1,-2
logbook,-1.14,-1,-2
nibbler,-1.14,-1,-2
optically,-1.14,-1,-2
rescuer,-1.14,-1,-2
shaver,-1.14,-1,-2
lush,-1.14,-1,-1
duller,-1.14,-1,-1
refund,-1.14,-1,-2
cloister,-1.14,-1,-2
jazzy,-1.14,-1,-2
paleographer,-1.14,-1,-2
dumb,-1.14,-1,-1
strongpoint,-1.14,-1,-2
leanness,-1.14,-1,-2
helper,-1.14,-1,-2
tirelessly,-1.14,-1,-2
homely,-1.14,-1,-1
surrealistically,-1.14,-1,-2
lunchtime,-1.14,-1,-2
dragnet,-1.14,-1,-2
inwardness,-1.14,-1,-2
mainline,-1.14,-1,-2
bleat,-1.14,-1,-2
consenter,-1.14,-1,-2
espresso,-1.14,-1,-2
alehouse,-1.14,-1,-2
makeup,-1.14,-1,-2
bullpen,-1.14,-1,-2
pompadour,-1.14,-1,-2
foursome,-1.14,-1,-2
polymorph,-1.14,-1,-2
hypnotic,-1.14,-1,-1
cornea,-1.14,-1,-2
centermost,-1.14,-1,-2
cahoots,-1.14,-1,-2
sundress,-1.14,-1,-2
acridly,-1.14,-1,-2
territorialize,-1.14,-1,-2
speller,-1.14,-1,-2
congenially,-1.14,-1,-2
nurturer,-1.14,-1,-1
completeness,-1.14,-1,-2
hieroglyphic,-1.14,-1,-2
musing,-1.14,-1,-2
decisively,-1.14,-1,-2
shop,-1.14,-1,-2
covertness,-1.14,-1,-2
dreamy,-1.14,-1,-1
heap,-1.14,-1,-2
strategize,-1.14,-1,-2
alliteration,-1.14,-1,-2
instiller,-1.14,-1,-2
kickboxer,-1.14,-1,-2
rebilling,-1.14,-1,-2
placate,-1.15,-1,-1
liveable,-1.17,-1,-2
hermit,-1.17,-1,-2
hardworking,-1.17,-1,-2
doting,-1.17,-1,-1
dimness,-1.17,-1,-1
amused,-1.17,-1,-1
forcefully,-1.17,-1,-2
semipro,-1.17,-1,-2
easier,-1.17,-1,-1
hedonic,-1.17,-1,-2
decaffeinated,-1.17,-1,-1
trustworthiness,-1.17,-1,-2
rubdown,-1.17,-1,-1
trusty,-1.17,-1,-2
charmed,-1.17,-1,-1
illegitimately,-1.17,-1,-2
megabyte,-1.17,-1,-2
surgical,-1.17,-1,-2
roadie,-1.17,-1,-2
playfully,-1.17,-1,-1
rusher,-1.17,-1,-1
treasured,-1.17,-1,-2
austerely,-1.17,-1,-2
guidepost,-1.17,-1,-2
unattached,-1.17,-1,-2
staid,-1.17,-1,-2
watcher,-1.17,-1,-2
bearable,-1.17,-1,-1
humorous,-1.18,-1,-1
inert,-1.18,-1,0
entertained,-1.18,-1,-1
collectability,-1.2,-1,-2
randomize,-1.2,-1,-2
nimbleness,-1.2,-1,-2
flyboy,-1.2,-1,-2
accomplishable,-1.2,-1,-2
introspectively,-1.2,-1,-2
convertibly,-1.2,-1,-2
unarticulated,-1.2,-1,-2
against,-1.2,-1,-2
denim,-1.2,-1,-2
strategies,-1.2,-1,-2
disinterestedness,-1.2,-1,-2
reoccupy,-1.2,-1,-2
giveaway,-1.2,-1,-1
swisher,-1.2,-1,-2
densely,-1.2,-1,-2
candelabra,-1.2,-1,-2
digitization,-1.2,-1,-2
zingy,-1.2,-1,-2
asker,-1.2,-1,-2
pirouette,-1.2,-1,-1
cybernetic,-1.2,-1,-2
blender,-1.2,-1,-2
inspirator,-1.2,-1,-2
foxiness,-1.2,-1,-2
closeness,-1.2,-1,-2
illumination,-1.2,-1,-2
quintuple,-1.2,-1,-2
blossomless,-1.2,-1,-2
recommit,-1.2,-1,-2
declined,-1.2,-1,-2
granddaughter,-1.2,-1,-2
crossable,-1.2,-1,-2
testimonial,-1.2,-1,-2
sluggishly,-1.2,-1,-1
trackless,-1.2,-1,-2
sedation,-1.2,-1,-2
quintuplet,-1.2,-1,-2
complacence,-1.2,-1,-2
champion,-1.2,-1,-2
discus,-1.2,-1,-2
unsalted,-1.2,-1,-2
sensible,-1.2,-1,-2
inviolable,-1.2,-1,-2
numbness,-1.2,-1,-2
chattiness,-1.2,-1,-2
roadman,-1.2,-1,-2
flytrap,-1.2,-1,-2
frolicsome,-1.2,-1,-2
crabber,-1.2,-1,-2
unhide,-1.2,-1,-2
inner,-1.2,-1,-2
mislay,-1.2,-1,-2
compromise,-1.2,-1,-2
lockstep,-1.2,-1,-2
daytime,-1.2,-1,-2
distinct,-1.2,-1,-2
melancholically,-1.2,-1,-1
inchworm,-1.2,-1,-2
outlandishly,-1.2,-1,-2
bearableness,-1.2,-1,-2
superior,-1.2,-1,-2
habituate,-1.2,-1,-2
populist,-1.2,-1,-2
overconfidently,-1.2,-1,-2
lowkey,-1.2,-1,-2
reinsurance,-1.2,-1,-2
tearoom,-1.2,-1,-2
uproariously,-1.2,-1,-2
golly,-1.2,-1,-2
bedclothes,-1.2,-1,-1
chamois,-1.2,-1,-2
granter,-1.2,-1,-2
concertmaster,-1.2,-1,-2
dimwit,-1.2,-1,-2
unobtrusiveness,-1.2,-1,-2
fascinator,-1.2,-1,-2
eulogist,-1.2,-1,-2
electrotherapeutic,-1.2,-1,-2
nostalgically,-1.2,-1,-2
cabby,-1.2,-1,-2
misdistribution,-1.2,-1,-2
likeability,-1.2,-1,-2
solemn,-1.2,-1,-2
satiric,-1.2,-1,-2
tryptophan,-1.2,-1,-2
pincher,-1.2,-1,-2
recharge,-1.2,-1,-2
drowsily,-1.22,-1,-1
grizzly,-1.22,-1,-2
simmer,-1.22,-1,-2
disincline,-1.22,-1,-2
cloddish,-1.22,-1,-2
yachting,-1.22,-1,-2
earnestly,-1.22,-1,-2
docilely,-1.22,-1,-1
fuse,-1.22,-1,-2
drowsiness,-1.22,-1,-1
pensioner,-1.22,-1,-2
colonial,-1.22,-1,-2
mind,-1.22,-1,-2
flier,-1.22,-1,-2
cork,-1.22,-1,-2
reiterative,-1.25,-1,-2
tolerability,-1.25,-1,-2
urbanity,-1.25,-1,-2
skimpiness,-1.25,-1,-2
lamplight,-1.25,-1,-2
itinerary,-1.25,-1,-2
dampener,-1.25,-1,-2
mirror,-1.25,-1,-2
seclude,-1.25,-1,-2
milder,-1.25,-1,-2
resolvable,-1.25,-1,-2
sensationally,-1.25,-1,-2
unaccustomed,-1.25,-1,-2
ballplayer,-1.25,-1,-2
huh,-1.25,-1,-2
appetizing,-1.25,-1,-1
succulently,-1.25,-1,-2
suavely,-1.25,-1,-2
poolside,-1.25,-1,-1
inactively,-1.25,-1,-1
manifestation,-1.25,-1,-2
spherical,-1.25,-1,-2
careerist,-1.25,-1,-2
bubbler,-1.25,-1,-2
tastily,-1.25,-1,-2
supporters,-1.25,-1,-2
unarmored,-1.25,-1,-2
oral,-1.25,-1,-2
outdoorsy,-1.25,-1,-1
deftly,-1.25,-1,-2
plenitude,-1.25,-1,-2
companionability,-1.25,-1,-2
postpositional,-1.25,-1,-2
spryness,-1.25,-1,-2
flips,-1.25,-1,-2
staircase,-1.25,-1,-2
slick,-1.25,-1,-2
graze,-1.25,-1,-2
absolver,-1.25,-1,-2
picturesquely,-1.25,-1,-2
jaunt,-1.25,-1,-2
concomitant,-1.25,-1,-2
unsurpassed,-1.25,-1,-2
details,-1.25,-1,-2
diligently,-1.25,-1,-2
quiz,-1.25,-1,-2
downtime,-1.25,-1,-1
wheelbase,-1.25,-1,-2
shoppers,-1.25,-1,-2
heart,-1.25,-1,-2
posed,-1.25,-1,-2
flamboyant,-1.25,-1,-2
fooling,-1.25,-1,-2
intricately,-1.25,-1,-2
embracer,-1.25,-1,-2
row,-1.25,-1,-2
saintly,-1.25,-1,-2
conciliatory,-1.25,-1,-2
nimble,-1.29,-1,-2
gaelic,-1.29,-1,-2
naivete,-1.29,-1,-2
vapidly,-1.29,-1,-1
lethargic,-1.29,-1,-2
porter,-1.29,-1,-2
purist,-1.29,-1,-2
hermitage,-1.29,-1,-2
spiritless,-1.29,-1,-1
leather,-1.29,-1,-2
grandparent,-1.29,-1,-2
genial,-1.29,-1,-2
transparently,-1.29,-1,0
mystically,-1.29,-1,-2
fireside,-1.29,-1,-2
honoree,-1.29,-1,-2
sun,-1.29,-1,0
grinch,-1.29,-1,-2
decided,-1.29,-1,-2
sandcastle,-1.29,-1,-2
reliably,-1.29,-1,-2
squadron,-1.3,-1,-1
grandmaster,-1.3,-1,-2
basics,-1.31,-1,0
frolic,-1.31,-1,0
wondrous,-1.32,-1,0
newsprint,-1.33,-1,-2
minced,-1.33,-1,-2
incrementally,-1.33,-1,-2
paternalistically,-1.33,-1,-2
controllable,-1.33,-1,-2
complacent,-1.33,-1,-2
frump,-1.33,-1,-2
knotless,-1.33,-1,-2
aged,-1.33,-1,-2
clop,-1.33,-1,-2
decent,-1.33,-1,-2
firmer,-1.33,-1,-2
illuminated,-1.33,-1,-2
chiropractor,-1.33,-1,-2
marathon,-1.33,-1,-2
advance,-1.33,-1,-2
deliver,-1.33,-1,-2
pigmy,-1.33,-1,-2
hatchability,-1.33,-1,-2
wingding,-1.33,-1,-2
wingtip,-1.33,-1,-2
cheerio,-1.33,-1,-2
prevalently,-1.33,-1,-2
unfaltering,-1.33,-1,-2
rigidly,-1.33,-1,-2
suckle,-1.33,-1,-2
fancied,-1.33,-1,-2
porous,-1.33,-1,-2
houseguest,-1.33,-1,-2
stupendously,-1.33,-1,-2
sleeved,-1.33,-1,-2
perceptively,-1.33,-1,-2
administrate,-1.33,-1,-2
glamorous,-1.33,-1,-2
linger,-1.33,-1,-2
cataloguer,-1.33,-1,-2
artilleryman,-1.33,-1,-2
leisurewear,-1.33,-1,-2
playmaker,-1.33,-1,-2
hardwired,-1.33,-1,-2
absorb,-1.33,-1,-2
diversely,-1.33,-1,-2
imbibe,-1.33,-1,-2
frigidly,-1.33,-1,-2
discordant,-1.33,-1,-2
productively,-1.33,-1,-2
disintegrable,-1.33,-1,-2
wordless,-1.33,-1,-2
resigned,-1.33,-1,-2
domesticated,-1.33,-1,-2
tollbooth,-1.33,-1,-2
rosewater,-1.33,-1,-2
approbate,-1.33,-1,-2
rooms,-1.33,-1,-2
pocketful,-1.33,-1,-2
undenominational,-1.33,-1,-2
rationing,-1.33,-1,-2
perfectness,-1.33,-1,-2
whew,-1.33,-1,-2
hegemony,-1.33,-1,-2
dancefloor,-1.33,-1,-2
tranquilized,-1.33,-1,-2
maraca,-1.33,-1,-2
wikipedia,-1.33,-1,-2
memorized,-1.33,-1,-2
furthermost,-1.33,-1,-2
correctible,-1.33,-1,-2
preferable,-1.33,-1,-2
tomboy,-1.33,-1,-2
airproof,-1.33,-1,-2
chroma,-1.33,-1,-2
retiree,-1.33,-1,-2
campfire,-1.33,-1,-2
socialite,-1.33,-1,-2
cohere,-1.33,-1,-2
tenaciously,-1.33,-1,-2
snore,-1.33,-1,-2
sheen,-1.33,-1,-2
rainforest,-1.33,-1,-2
anything,-1.33,-1,-2
antics,-1.33,-1,-2
nocturnal,-1.33,-1,-2
stadium,-1.33,-1,-2
corrigibility,-1.33,-1,-2
definitiveness,-1.33,-1,-2
shipmate,-1.33,-1,-2
facebook,-1.33,-1,-2
roasted,-1.33,-1,-2
jollier,-1.33,-1,-2
slow,-1.33,-1,-1
polyester,-1.33,-1,-2
coiner,-1.33,-1,-2
caress,-1.33,-1,-2
unchallenging,-1.36,-1,-1
eruditely,-1.38,-1,0
introspective,-1.38,-1,-2
shower,-1.38,-1,-2
inconspicuous,-1.38,-1,-1
aground,-1.38,-1,-2
lusterless,-1.38,-1,-1
petting,-1.38,-1,-2
crisp,-1.38,-1,-2
danke,-1.4,-1,0
altar,-1.4,-1,0
glisten,-1.4,-1,-2
settle,-1.4,-1,0
sprightly,-1.4,-1,-2
satire,-1.4,-1,-2
synagogue,-1.4,-1,0
namaste,-1.4,-1,0
roam,-1.4,-1,0
primly,-1.4,-1,-2
uncultivated,-1.4,-1,-2
unassertive,-1.4,-1,-2
undauntedly,-1.4,-1,-2
largo,-1.4,-1,0
essentially,-1.4,-1,-2
spirituality,-1.4,-1,-3
salary,-1.4,-1,-2
politeness,-1.4,-1,0
fertility,-1.4,-1,0
funnier,-1.4,-1,-2
unpunished,-1.4,-1,-2
subtlety,-1.4,-1,0
rich,-1.4,-1,0
statics,-1.4,-1,0
sanatorium,-1.4,-1,-2
footnote,-1.4,-1,0
olympus,-1.4,-1,-2
shag,-1.4,-1,0
briny,-1.4,-1,0
coherency,-1.4,-1,0
epitome,-1.4,-1,0
breezy,-1.4,-1,-3
highbred,-1.4,-1,-2
pittance,-1.4,-1,-1
oneness,-1.4,-1,0
reproachfully,-1.4,-1,-2
laurels,-1.4,-1,0
cashmere,-1.4,-1,0
persuasively,-1.4,-1,-2
cultivated,-1.4,-1,0
unfasten,-1.4,-1,-2
lucidly,-1.42,-1,0
tastemaker,-1.43,-1,-2
monometallic,-1.43,-1,-2
overachieve,-1.43,-1,-2
considerately,-1.43,-1,-2
subsequently,-1.43,-1,-2
supportably,-1.43,-1,-2
reasonableness,-1.43,-1,-2
industrially,-1.43,-1,-2
shareware,-1.43,-1,-2
extravehicular,-1.43,-1,-2
evergreen,-1.43,-1,-3
sapient,-1.43,-1,-2
washroom,-1.43,-1,-2
autoloader,-1.43,-1,-2
persian,-1.43,-1,-2
matte,-1.43,-1,-2
phoenix,-1.43,-1,-2
prepaid,-1.43,-1,-2
itemization,-1.43,-1,-2
slippy,-1.43,-1,-2
bate,-1.43,-1,-2
sermonize,-1.43,-1,-2
sunburnt,-1.43,-1,-2
blondness,-1.43,-1,-2
canonist,-1.43,-1,-2
recitalist,-1.43,-1,-2
broil,-1.43,-1,-2
engle,-1.43,-1,-2
windproof,-1.43,-1,-2
seasoned,-1.43,-1,-2
emotive,-1.43,-1,-2
egocentricity,-1.43,-1,-2
cumulous,-1.43,-1,-2
carpentry,-1.43,-1,-2
wane,-1.43,-1,-2
managed,-1.43,-1,-2
write,-1.43,-1,-2
talkative,-1.43,-1,-2
jamaican,-1.43,-1,-2
splashboard,-1.43,-1,-2
charged,-1.43,-1,-2
bowler,-1.43,-1,-2
moderation,-1.43,-1,-2
submitter,-1.43,-1,-2
walkman,-1.43,-1,-2
guided,-1.43,-1,-2
electronics,-1.43,-1,-2
transformation,-1.43,-1,-2
chalklike,-1.43,-1,-2
tactical,-1.43,-1,-2
gatekeeper,-1.43,-1,-2
carriage,-1.44,-1,0
dovelike,-1.44,-1,0
insignificant,-1.44,-1,-1
classmate,-1.44,-1,0
lighthouse,-1.44,-1,0
aurora,-1.44,-1,-3
sundial,-1.44,-1,0
moonlike,-1.44,-1,-2
lavender,-1.44,-1,-1
steel,-1.44,-1,-2
breathe,-1.44,-1,0
wit,-1.44,-1,0
player,-1.44,-1,0
capability,-1.44,-1,0
pliable,-1.44,-1,0
unbiased,-1.44,-1,0
subtle,-1.44,-1,-2
hibernation,-1.44,-1,-1
truthful,-1.44,-1,0
gown,-1.44,-1,0
waiter,-1.44,-1,0
scenery,-1.44,-1,0
parkland,-1.44,-1,0
plantation,-1.44,-1,0
sunlit,-1.44,-1,-2
studiousness,-1.44,-1,-1
evaporation,-1.44,-1,0
transcendent,-1.44,-1,0
layback,-1.44,-1,0
guiltlessness,-1.44,-1,-3
crimelessness,-1.44,-1,-3
dependably,-1.44,-1,0
primordial,-1.44,-1,0
reassured,-1.44,-1,-1
wish,-1.44,-1,0
flaccidly,-1.44,-1,-2
flexibly,-1.44,-1,0
neatly,-1.44,-1,0
tenderheartedly,-1.44,-1,0
definite,-1.44,-1,0
savory,-1.44,-1,-3
mosey,-1.44,-1,-2
deckchair,-1.44,-1,-1
scenic,-1.44,-1,0
disinfector,-1.44,-1,0
teachable,-1.44,-1,0
indulger,-1.46,-1,-1
fluffiness,-1.46,-1,0
fellowship,-1.48,-1,0
enjoying,-1.49,-1,-1
elementary,-1.5,-2,0
frostily,-1.5,-2,-2
list,-1.5,-2,0
estimable,-1.5,-2,0
prototypically,-1.5,-2,0
coarse,-1.5,-2,0
neoclassicism,-1.5,-2,0
muted,-1.5,-2,-2
bayou,-1.5,-2,0
unobserving,-1.5,-2,-2
benevolent,-1.5,-2,-1
percussionist,-1.5,-2,0
toy,-1.5,-2,-2
industrious,-1.5,-2,0
sluggard,-1.5,-2,-2
intellectualism,-1.5,-2,0
whisper,-1.5,-2,0
methodic,-1.5,-2,-2
balboa,-1.5,-2,0
decrescendo,-1.5,-2,-2
seminude,-1.5,-2,-2
sterling,-1.5,-2,0
vaporous,-1.5,-2,0
compass,-1.5,-2,0
exemplarily,-1.5,-2,-3
other,-1.5,-2,0
garden,-1.5,-2,-3
behaved,-1.5,-2,0
studious,-1.5,-2,-2
attainment,-1.5,-2,0
sponsor,-1.5,-2,0
sweetheart,-1.5,-2,-3
inspirationally,-1.5,-2,0
sash,-1.5,-2,0
deathless,-1.5,-2,0
detachment,-1.5,-2,-3
gentlepeople,-1.5,-2,0
inland,-1.5,-2,0
telegraph,-1.5,-2,0
tries,-1.5,-2,-2
prudence,-1.5,-2,-2
nadir,-1.5,-2,-3
usability,-1.5,-2,-2
fighter,-1.5,-2,0
lovee,-1.5,-2,0
integrity,-1.5,-2,-3
lusciously,-1.5,-2,-2
tambourine,-1.5,-2,0
autographically,-1.5,-2,0
scoot,-1.5,-2,-2
turning,-1.5,-2,0
rhythmical,-1.5,-2,0
corral,-1.5,-2,0
unheeded,-1.5,-2,-2
sandbox,-1.5,-2,-1
farmstead,-1.5,-2,0
pious,-1.5,-2,0
sable,-1.5,-2,-2
talent,-1.5,-2,0
cinnamon,-1.5,-2,0
trainer,-1.5,-2,0
coagulator,-1.5,-2,-2
aloneness,-1.5,-2,-2
puree,-1.5,-2,0
probationary,-1.5,-2,0
managerial,-1.5,-2,0
wooliness,-1.5,-2,0
educated,-1.5,-2,0
examiner,-1.5,-2,-3
gratifier,-1.5,-2,0
pier,-1.5,-2,0
fruits,-1.5,-2,0
offstage,-1.5,-2,0
butler,-1.5,-2,0
ramified,-1.5,-2,0
straight,-1.5,-2,0
outfitter,-1.5,-2,-2
pacific,-1.5,-2,0
daydreamer,-1.5,-2,-3
centralize,-1.5,-2,0
ballsy,-1.5,-2,-2
animalistic,-1.5,-2,-2
analogue,-1.5,-2,0
simplified,-1.5,-2,0
soulful,-1.5,-2,-2
europe,-1.5,-2,0
arbiter,-1.5,-2,-3
bbq,-1.5,-2,0
gin,-1.5,-2,0
spry,-1.5,-2,-2
although,-1.5,-2,0
jack,-1.5,-2,-3
response,-1.5,-2,0
chalky,-1.5,-2,-2
reliant,-1.5,-2,-2
robustness,-1.5,-2,-2
education,-1.5,-2,0
thesauri,-1.5,-2,0
costless,-1.5,-2,-3
horizontal,-1.5,-2,0
length,-1.5,-2,0
universalist,-1.5,-2,0
arms,-1.5,-2,0
works,-1.5,-2,0
honorable,-1.5,-2,0
uncorrupt,-1.5,-2,-3
assured,-1.5,-2,-1
deject,-1.5,-2,-2
cease,-1.5,-2,0
gayness,-1.5,-2,0
tenderly,-1.5,-2,-2
devotion,-1.5,-2,-2
sleepiness,-1.5,-2,-2
extend,-1.5,-2,0
systematic,-1.5,-2,0
ramble,-1.5,-2,-2
fairness,-1.5,-2,-3
elflike,-1.5,-2,-2
ultimo,-1.5,-2,0
modernist,-1.5,-2,0
tricyclic,-1.5,-2,0
modesty,-1.5,-2,-1
knowingly,-1.5,-2,0
instrumentality,-1.5,-2,0
reintroduction,-1.5,-2,0
hexameter,-1.5,-2,0
metropolitan,-1.5,-2,0
traditionally,-1.5,-2,0
unsaddled,-1.5,-2,-1
motivated,-1.5,-2,-2
inertial,-1.5,-2,0
bluefish,-1.5,-2,0
experiential,-1.5,-2,0
quickstep,-1.5,-2,-2
respectfulness,-1.5,-2,0
notability,-1.5,-2,-3
digestibility,-1.5,-2,-2
balsamic,-1.5,-2,0
nonhazardous,-1.5,-2,-3
agreed,-1.5,-2,0
keyless,-1.5,-2,-2
snooze,-1.5,-2,-2
canary,-1.5,-2,0
wholly,-1.5,-2,0
weathertight,-1.5,-2,0
representation,-1.5,-2,0
tortoise,-1.5,-2,-3
gentlewoman,-1.5,-2,0
trust,-1.5,-2,-2
housing,-1.5,-2,0
chronology,-1.5,-2,0
prosperous,-1.53,-2,-1
doddle,-1.54,-2,0
tolerant,-1.55,-2,-3
decaf,-1.55,-2,-3
keepsake,-1.56,-2,0
swim,-1.56,-2,-1
fixed,-1.56,-2,-3
confectionary,-1.56,-2,0
whimsical,-1.56,-2,-3
nanny,-1.56,-2,-3
monastic,-1.56,-2,0
knowledge,-1.56,-2,-2
avocado,-1.56,-2,0
soviet,-1.56,-2,0
gifts,-1.56,-2,-2
affinity,-1.56,-2,-3
noninvolvement,-1.56,-2,-3
retract,-1.56,-2,-2
marbled,-1.56,-2,0
touchable,-1.56,-2,-3
folksiness,-1.56,-2,-3
sharp,-1.56,-2,-2
embraced,-1.56,-2,-3
burnished,-1.56,-2,-3
cleanness,-1.56,-2,-2
rainwater,-1.56,-2,-3
monument,-1.56,-2,0
reflective,-1.56,-2,-2
tiny,-1.56,-2,-3
willingly,-1.56,-2,-1
maternally,-1.56,-2,-2
comedy,-1.56,-2,-2
unsuspicious,-1.56,-2,-3
lifeless,-1.56,-2,-3
unselfconscious,-1.56,-2,-2
nibble,-1.56,-2,-3
freebee,-1.56,-2,0
library,-1.56,-2,0
delight,-1.56,-2,0
commemorative,-1.56,-2,0
commonwealth,-1.56,-2,0
durable,-1.56,-2,-3
hazardless,-1.57,-2,0
gleefulness,-1.57,-2,-1
trustful,-1.57,-2,-3
invulnerable,-1.57,-2,-1
coldblooded,-1.57,-2,0
heatless,-1.57,-2,-3
loch,-1.57,-2,-3
genteelness,-1.57,-2,0
gloriously,-1.57,-2,-2
newborn,-1.57,-2,-3
hereto,-1.57,-2,-2
hygienist,-1.57,-2,-3
inoffensively,-1.57,-2,-3
storytelling,-1.57,-2,-2
voted,-1.57,-2,-2
intramuscular,-1.57,-2,0
robust,-1.57,-2,0
nonmilitant,-1.57,-2,0
snowfall,-1.57,-2,-1
bedtime,-1.57,-2,-1
giggling,-1.57,-2,-1
tidy,-1.57,-2,-1
lackadaisical,-1.57,-2,-2
pacifist,-1.57,-2,-1
delectable,-1.57,-2,-1
demurely,-1.57,-2,-3
fortifier,-1.57,-2,-2
surfer,-1.57,-2,0
anaesthesia,-1.59,-2,-3
worshipful,-1.59,-2,-3
angelical,-1.6,-2,-3
uncoated,-1.6,-2,-2
verve,-1.6,-2,-2
globetrotting,-1.6,-2,-2
wineskin,-1.6,-2,-2
presidentially,-1.6,-2,-2
hymn,-1.6,-2,-3
breastplate,-1.6,-2,-2
frolicker,-1.6,-2,-2
glam,-1.6,-2,-3
month,-1.6,-2,-3
portray,-1.6,-2,-3
dulcimer,-1.6,-2,-2
conciliate,-1.6,-2,-2
welding,-1.6,-2,-2
fantail,-1.6,-2,-2
amazement,-1.6,-2,-2
intentness,-1.6,-2,-2
systematize,-1.6,-2,-2
impersonality,-1.6,-2,-2
nomadically,-1.6,-2,-2
energetically,-1.6,-2,-2
oomph,-1.6,-2,-2
christmas,-1.6,-2,-2
alienability,-1.6,-2,-2
promotable,-1.6,-2,-2
typographically,-1.6,-2,-2
wifely,-1.6,-2,-3
bullhorn,-1.6,-2,-2
retying,-1.6,-2,-2
restyle,-1.6,-2,-2
honeysuckle,-1.6,-2,-3
messageboard,-1.6,-2,-2
indifferent,-1.6,-2,-3
minimum,-1.6,-2,-3
outstretch,-1.6,-2,-2
tenaciousness,-1.6,-2,-2
incommunicability,-1.6,-2,-2
blushless,-1.6,-2,-2
antipasto,-1.6,-2,-2
vale,-1.6,-2,-2
cruisecontrol,-1.6,-2,-2
hyphenate,-1.6,-2,-2
missus,-1.6,-2,-2
mutuality,-1.6,-2,-2
shelve,-1.6,-2,-2
switzerland,-1.6,-2,-3
fave,-1.6,-2,-2
silkiness,-1.6,-2,-2
professional,-1.6,-2,-3
butterscotch,-1.6,-2,-2
booklover,-1.6,-2,-2
glasswork,-1.6,-2,-2
moved,-1.6,-2,-2
lucidity,-1.6,-2,-3
shepherdess,-1.6,-2,-2
equilibration,-1.6,-2,-3
oldness,-1.6,-2,-3
resourcefulness,-1.6,-2,-2
coherent,-1.6,-2,-2
unwoven,-1.6,-2,-2
constant,-1.6,-2,0
measurelessly,-1.6,-2,-3
hurray,-1.6,-2,-2
nourishment,-1.6,-2,-3
unerring,-1.6,-2,-3
everlasting,-1.6,-2,-3
unreconstructed,-1.6,-2,-2
scrupulous,-1.6,-2,-2
sacred,-1.6,-2,-1
dispatcher,-1.6,-2,-2
flabbily,-1.6,-2,-2
seclusive,-1.6,-2,-2
abdicate,-1.6,-2,-2
ascendency,-1.6,-2,-2
bioluminescence,-1.6,-2,-2
emancipator,-1.6,-2,-3
emulation,-1.6,-2,-2
mastery,-1.6,-2,-3
workings,-1.6,-2,-2
enlightened,-1.6,-2,-2
frail,-1.6,-2,-2
liberal,-1.6,-2,-3
workingman,-1.6,-2,-2
farther,-1.6,-2,-3
grammatically,-1.6,-2,-3
condolences,-1.6,-2,-2
roadshow,-1.6,-2,-2
evocative,-1.6,-2,-2
sweetest,-1.6,-2,-3
correlate,-1.6,-2,-2
reachability,-1.6,-2,-2
generically,-1.6,-2,-2
convalesce,-1.6,-2,-2
tweet,-1.6,-2,-2
beaut,-1.6,-2,-2
listerine,-1.6,-2,-2
kindling,-1.6,-2,-2
institutionalism,-1.6,-2,-2
unparalleled,-1.6,-2,-3
majesty,-1.61,-2,-3
privacy,-1.61,-2,-3
asleep,-1.62,-2,-3
trawler,-1.62,-2,-3
lemongrass,-1.62,-2,-2
fleeting,-1.62,-2,-1
unimpaired,-1.62,-2,-3
noncompetitively,-1.62,-2,-3
toothless,-1.62,-2,-3
green,-1.62,-2,-3
beneficently,-1.62,-2,-3
felicitously,-1.62,-2,-3
unbowed,-1.62,-2,-3
driven,-1.62,-2,-2
goodbye,-1.62,-2,-1
equality,-1.62,-2,-3
displeased,-1.62,-2,-2
parasympathetic,-1.62,-2,-3
technocratic,-1.62,-2,-3
forgiven,-1.62,-2,-3
singularly,-1.62,-2,-3
mirth,-1.62,-2,-3
floatable,-1.62,-2,-3
conciliatorily,-1.62,-2,-3
counterman,-1.62,-2,-3
mitigating,-1.62,-2,-2
rationalist,-1.62,-2,-3
shininess,-1.67,-2,-2
singsong,-1.67,-2,-2
completion,-1.67,-2,-3
curative,-1.67,-2,-3
inhabiting,-1.67,-2,-3
unformulated,-1.67,-2,-2
imperium,-1.67,-2,-2
sandstone,-1.67,-2,-2
unfailing,-1.67,-2,-3
scarceness,-1.67,-2,-2
immenseness,-1.67,-2,-3
digressional,-1.67,-2,-2
innocuousness,-1.67,-2,-3
dredger,-1.67,-2,-3
recliner,-1.67,-2,-2
referee,-1.67,-2,-3
pivotal,-1.67,-2,-3
repetitive,-1.67,-2,-2
epicurean,-1.67,-2,-3
possible,-1.67,-2,-3
omelet,-1.67,-2,-3
unostentatious,-1.67,-2,-3
weightlessness,-1.67,-2,-2
campground,-1.67,-2,-3
unknot,-1.67,-2,-2
posh,-1.67,-2,-3
venerability,-1.67,-2,-3
fresh,-1.67,-2,-1
dormant,-1.67,-2,-3
divinely,-1.67,-2,-3
treat,-1.67,-2,-3
hygienic,-1.67,-2,-3
unspotted,-1.67,-2,-3
holy,-1.67,-2,-3
sleep,-1.67,-2,-3
exterior,-1.67,-2,-3
major,-1.67,-2,-3
drawbridge,-1.67,-2,-2
basic,-1.67,-2,-3
receptiveness,-1.67,-2,-2
situated,-1.67,-2,-3
nonattachment,-1.67,-2,-3
morning,-1.67,-2,-3
safest,-1.67,-2,-1
preponderance,-1.67,-2,-3
bottleful,-1.67,-2,-2
constructively,-1.67,-2,-3
nutrient,-1.67,-2,-3
docs,-1.67,-2,-2
humoristic,-1.67,-2,-3
summer,-1.67,-2,-3
grindstone,-1.67,-2,-2
wort,-1.67,-2,-2
mustiness,-1.67,-2,-2
scenically,-1.67,-2,0
maid,-1.67,-2,-3
timely,-1.67,-2,-2
slender,-1.67,-2,-3
absorbability,-1.67,-2,-2
listneing,-1.67,-2,-2
precision,-1.67,-2,-3
homographic,-1.67,-2,-3
formulaic,-1.67,-2,-2
demonstrative,-1.67,-2,-3
utmost,-1.67,-2,-3
reformist,-1.67,-2,-3
apologetic,-1.67,-2,-2
subscription,-1.67,-2,-3
neoimpressionism,-1.67,-2,-3
everglade,-1.67,-2,-2
promoter,-1.67,-2,-3
sophistication,-1.67,-2,-2
gravelly,-1.67,-2,-2
orchid,-1.67,-2,-3
straightforwardness,-1.67,-2,-3
sportsmanship,-1.67,-2,-2
amicably,-1.67,-2,-2
webserver,-1.67,-2,-2
ignorable,-1.67,-2,-1
irreproachable,-1.67,-2,-3
opera,-1.67,-2,-3
reviewability,-1.67,-2,-3
restore,-1.67,-2,-3
passionless,-1.67,-2,-3
adorable,-1.67,-2,-3
genuineness,-1.67,-2,-2
bladed,-1.67,-2,-3
commercial,-1.67,-2,-3
softhearted,-1.67,-2,-1
suede,-1.67,-2,-2
glider,-1.67,-2,-3
striver,-1.67,-2,-2
thoroughly,-1.67,-2,-3
nimbly,-1.67,-2,-3
enunciation,-1.67,-2,-2
financier,-1.67,-2,-3
sapwood,-1.67,-2,-2
waterscape,-1.67,-2,-3
zing,-1.67,-2,-2
singularity,-1.67,-2,-3
lazily,-1.67,-2,-1
lustrous,-1.67,-2,-2
speechmaker,-1.67,-2,-2
peacemaking,-1.67,-2,-3
medievalism,-1.67,-2,-3
appoint,-1.67,-2,-3
ordinariness,-1.67,-2,0
loquaciously,-1.67,-2,-2
decadence,-1.67,-2,-2
boneless,-1.67,-2,-3
wannabe,-1.67,-2,-2
autoregulation,-1.67,-2,-3
revered,-1.67,-2,-3
introduce,-1.67,-2,-3
outclass,-1.67,-2,-3
perspective,-1.67,-2,-3
randomization,-1.67,-2,-2
scuttlebutt,-1.67,-2,-2
arrivederci,-1.67,-2,-3
lack,-1.67,-2,-2
beachwear,-1.67,-2,-2
informed,-1.67,-2,-3
nightstick,-1.67,-2,-2
punctually,-1.67,-2,-3
concentrated,-1.67,-2,-3
property,-1.67,-2,-3
entertain,-1.67,-2,-3
saint,-1.67,-2,-3
allowably,-1.67,-2,-3
nonchalantly,-1.67,-2,-2
jigsaw,-1.67,-2,-3
moocher,-1.67,-2,-2
lamina,-1.67,-2,-3
communally,-1.67,-2,-3
adequacy,-1.67,-2,-3
playful,-1.67,-2,-2
bullshitting,-1.67,-2,-2
scalp,-1.67,-2,-3
horserace,-1.67,-2,-2
caught,-1.67,-2,-2
pumpkin,-1.67,-2,-3
gild,-1.67,-2,-3
tsar,-1.67,-2,-3
control,-1.67,-2,-3
endoderm,-1.67,-2,-2
cloudscape,-1.67,-2,-2
nursemaid,-1.67,-2,-2
shapelessly,-1.67,-2,-2
balder,-1.67,-2,-2
healthily,-1.67,-2,-2
dopey,-1.67,-2,-2
freehearted,-1.67,-2,-2
nutritive,-1.67,-2,-3
uninterested,-1.67,-2,-3
unquestionable,-1.67,-2,-3
pulpit,-1.67,-2,-3
calender,-1.67,-2,-3
masculinity,-1.67,-2,-3
suitably,-1.67,-2,-2
parsonage,-1.67,-2,-2
preeminence,-1.67,-2,-3
falconer,-1.67,-2,-2
improved,-1.67,-2,0
nocturnally,-1.67,-2,-3
supper,-1.67,-2,-3
vertex,-1.67,-2,-3
acclaimer,-1.67,-2,-2
plucky,-1.67,-2,-2
hallowedness,-1.67,-2,-3
aloof,-1.67,-2,-2
temperate,-1.67,-2,-3
clemency,-1.67,-2,-3
stabilize,-1.67,-2,-2
undefeatable,-1.67,-2,-3
congenial,-1.67,-2,-3
disciplined,-1.67,-2,-3
praises,-1.67,-2,-3
magnificently,-1.67,-2,-2
magnetize,-1.67,-2,-3
premiere,-1.67,-2,-3
lightly,-1.67,-2,-2
celestial,-1.68,-2,-3
illustrious,-1.7,-2,-3
meal,-1.7,-2,-3
fineness,-1.7,-2,-3
drowsy,-1.7,-2,-1
preface,-1.7,-2,-3
sofa,-1.7,-2,-3
principle,-1.7,-2,-2
softie,-1.7,-2,-1
entertaining,-1.7,-2,-2
topaz,-1.7,-2,-2
lax,-1.7,-2,-2
bestfriends,-1.7,-2,-3
capable,-1.7,-2,-3
glide,-1.7,-2,-2
satisfactorily,-1.7,-2,-3
exemplary,-1.7,-2,-3
sleigh,-1.7,-2,-3
slowly,-1.7,-2,-2
melatonin,-1.7,-2,-3
refined,-1.7,-2,-3
modestly,-1.7,-2,-2
burly,-1.7,-2,-3
easiest,-1.7,-2,-3
distance,-1.7,-2,-3
melodic,-1.7,-2,-2
esprit,-1.7,-2,-3
porcupine,-1.7,-2,-3
continuance,-1.7,-2,-3
affability,-1.71,-2,-2
national,-1.71,-2,-3
tomfoolery,-1.71,-2,-2
balsam,-1.71,-2,-3
blamelessness,-1.71,-2,-3
shipside,-1.71,-2,-3
ultralight,-1.71,-2,-3
nothingbetter,-1.71,-2,-3
tastelessness,-1.71,-2,-2
humph,-1.71,-2,-3
capableness,-1.71,-2,-3
brilliance,-1.71,-2,-3
accompanist,-1.71,-2,-2
tuxedo,-1.71,-2,-2
chewie,-1.71,-2,-3
tugger,-1.71,-2,-3
watchwoman,-1.71,-2,-3
nine,-1.71,-2,-3
controller,-1.71,-2,-3
cold,-1.71,-2,-2
collegial,-1.71,-2,-3
bonding,-1.71,-2,-2
thankyoulord,-1.71,-2,-3
mercury,-1.71,-2,-2
benediction,-1.71,-2,-3
dawn,-1.71,-2,-3
unionism,-1.71,-2,-3
reimbursable,-1.71,-2,-3
humanism,-1.71,-2,-3
conformed,-1.71,-2,-3
qualifier,-1.71,-2,-3
bottommost,-1.71,-2,-3
prolonged,-1.71,-2,-2
bandleader,-1.71,-2,-3
enthrone,-1.71,-2,-3
divinity,-1.71,-2,-3
circumrotation,-1.71,-2,-3
horsey,-1.71,-2,-3
prize,-1.71,-2,-3
untangled,-1.71,-2,-3
lexicon,-1.71,-2,-3
tangerine,-1.71,-2,-3
perceptually,-1.71,-2,-3
emirate,-1.71,-2,-3
moralizer,-1.71,-2,-3
lifelikeness,-1.71,-2,-3
rapier,-1.71,-2,-3
predictability,-1.71,-2,-2
endothermic,-1.71,-2,-3
reverential,-1.71,-2,-3
reconsolidation,-1.71,-2,-3
unflustered,-1.71,-2,-3
advertize,-1.71,-2,-3
differentiation,-1.71,-2,-3
medially,-1.71,-2,-3
herbless,-1.71,-2,-3
neckpiece,-1.71,-2,-3
clanship,-1.71,-2,-3
olden,-1.71,-2,-3
awl,-1.71,-2,-3
uncontroversial,-1.71,-2,-3
royal,-1.71,-2,-3
valuably,-1.71,-2,-3
proactive,-1.71,-2,-2
pastureland,-1.71,-2,-3
salesroom,-1.71,-2,-3
upon,-1.71,-2,-3
confidently,-1.73,-2,-3
grandpapa,-1.75,-2,-3
relieving,-1.75,-2,-3
genuine,-1.75,-2,-3
abundant,-1.75,-2,-2
praising,-1.75,-2,-2
solitary,-1.75,-2,-2
affable,-1.75,-2,-3
alterability,-1.75,-2,-3
unscratched,-1.75,-2,-3
respected,-1.75,-2,-3
indulgently,-1.75,-2,-3
maturely,-1.75,-2,-2
unity,-1.75,-2,-3
unassuming,-1.75,-2,-3
affluent,-1.75,-2,-2
fraternally,-1.75,-2,-3
convalescence,-1.75,-2,-2
feathery,-1.75,-2,-3
prettier,-1.75,-2,-3
cockeyed,-1.75,-2,-2
gratuitously,-1.75,-2,-2
extol,-1.75,-2,-2
ceasefire,-1.75,-2,-3
luxuriant,-1.75,-2,-3
meditatively,-1.75,-2,-3
savor,-1.75,-2,-2
handsomeness,-1.75,-2,-3
languid,-1.75,-2,-1
sweetly,-1.75,-2,-2
individualist,-1.75,-2,-3
fairyland,-1.75,-2,-1
weightlessly,-1.75,-2,-3
empower,-1.75,-2,-3
geniality,-1.75,-2,-2
cleanliness,-1.75,-2,-3
patient,-1.75,-2,-3
glade,-1.75,-2,-2
popular,-1.75,-2,-3
unqualified,-1.75,-2,-2
docility,-1.75,-2,-2
invulnerably,-1.75,-2,-3
farewell,-1.75,-2,-3
fashionista,-1.75,-2,-2
facetiousness,-1.75,-2,-2
temperance,-1.75,-2,-3
puppy,-1.75,-2,-3
loyal,-1.76,-2,-3
symphony,-1.76,-2,-3
faithfully,-1.77,-2,-3
satisfy,-1.77,-2,-3
rapport,-1.77,-2,-2
youthfulness,-1.77,-2,-3
shut,-1.78,-2,-3
unambiguous,-1.78,-2,-3
unselfishly,-1.78,-2,-3
pity,-1.78,-2,-2
curiously,-1.78,-2,-3
incontrovertibility,-1.78,-2,-3
tactfulness,-1.78,-2,-3
layaway,-1.78,-2,-3
equine,-1.78,-2,-3
prettily,-1.78,-2,-3
dispassionately,-1.78,-2,-3
prudent,-1.78,-2,-3
retire,-1.78,-2,-2
highbrow,-1.78,-2,-3
undisputed,-1.78,-2,-3
foot,-1.78,-2,-3
vapid,-1.78,-2,-3
treasury,-1.78,-2,-3
facilitate,-1.78,-2,-3
saunter,-1.78,-2,-3
doze,-1.78,-2,-1
accordion,-1.78,-2,-3
drowse,-1.78,-2,-3
greenery,-1.78,-2,-3
agile,-1.78,-2,-2
purr,-1.78,-2,-3
sunbather,-1.78,-2,-2
chill,-1.78,-2,-2
peacetime,-1.78,-2,-3
volunteering,-1.78,-2,-3
nest,-1.78,-2,-3
riches,-1.78,-2,-3
receptive,-1.78,-2,-3
lackadaisically,-1.78,-2,-2
fascinate,-1.78,-2,-2
siesta,-1.78,-2,-1
seal,-1.78,-2,-3
sturdy,-1.78,-2,-3
taoism,-1.78,-2,-3
collected,-1.78,-2,-3
lovable,-1.78,-2,-3
unembarrassed,-1.78,-2,-3
selfless,-1.78,-2,-3
collegiality,-1.78,-2,-3
unbroken,-1.78,-2,-3
autonomy,-1.78,-2,-3
lakeshore,-1.78,-2,-3
inexpensive,-1.79,-2,-3
aerialist,-1.8,-2,-3
churchwoman,-1.8,-2,-3
institutionary,-1.8,-2,-3
journalistic,-1.8,-2,-3
unbeatable,-1.8,-2,-3
resilient,-1.8,-2,-3
reassurance,-1.8,-2,-3
snoozer,-1.8,-2,-3
tallest,-1.8,-2,-3
integrative,-1.8,-2,-3
unimpeachable,-1.8,-2,-3
endure,-1.8,-2,-3
uttermost,-1.8,-2,-3
chilled,-1.8,-2,-1
enchantment,-1.8,-2,-2
palely,-1.8,-2,-2
afterglow,-1.8,-2,-2
nonsmoker,-1.8,-2,-3
proficient,-1.8,-2,-3
rotated,-1.8,-2,-3
corned,-1.8,-2,-3
limpid,-1.8,-2,-3
justice,-1.8,-2,-3
smallness,-1.8,-2,-2
factorable,-1.8,-2,-3
dozed,-1.8,-2,-3
initialize,-1.8,-2,-3
cowpoke,-1.8,-2,-3
constructiveness,-1.8,-2,-3
plaster,-1.8,-2,-3
passive,-1.8,-2,-3
liberalization,-1.8,-2,-2
transcendently,-1.8,-2,-3
independent,-1.8,-2,-3
stylebook,-1.8,-2,-3
spaciousness,-1.8,-2,-3
tolerantly,-1.8,-2,-2
passivism,-1.8,-2,-3
purring,-1.8,-2,-3
eastward,-1.8,-2,-3
hydrated,-1.8,-2,-2
optimal,-1.8,-2,-3
cherub,-1.8,-2,-3
telescopically,-1.8,-2,-3
noon,-1.8,-2,-3
singleness,-1.8,-2,-1
steadier,-1.8,-2,-3
classicism,-1.8,-2,-3
inelasticity,-1.8,-2,-3
alreadyyyyy,-1.8,-2,-3
intuitivism,-1.8,-2,-3
virility,-1.8,-2,-3
beneficence,-1.8,-2,-3
tumbleweed,-1.8,-2,-3
resume,-1.8,-2,-3
synchro,-1.8,-2,-3
congrats,-1.8,-2,-3
amigos,-1.8,-2,-3
freely,-1.8,-2,-2
fretless,-1.8,-2,-3
overcrowd,-1.8,-2,-2
knowledgeable,-1.8,-2,-3
endear,-1.8,-2,-2
clueless,-1.8,-2,-3
relatively,-1.8,-2,-3
corrugated,-1.8,-2,-2
settled,-1.8,-2,-3
unison,-1.8,-2,-3
masonic,-1.8,-2,-3
equatorially,-1.8,-2,-3
reclining,-1.8,-2,-2
longterm,-1.8,-2,-3
gentlemanlike,-1.8,-2,-3
changelessly,-1.8,-2,-3
smartly,-1.8,-2,-3
regular,-1.8,-2,-3
irreproachability,-1.8,-2,-3
tasty,-1.8,-2,-3
thistledown,-1.8,-2,-3
assurer,-1.8,-2,-3
deftness,-1.8,-2,-3
bloomless,-1.8,-2,-3
bahamas,-1.8,-2,-3
nearby,-1.8,-2,-3
freelancer,-1.8,-2,-2
civil,-1.8,-2,-3
manually,-1.8,-2,-3
swaggerer,-1.8,-2,-3
adulthood,-1.8,-2,-3
beneficent,-1.8,-2,-3
lowbred,-1.8,-2,-3
gastronome,-1.8,-2,-3
hahahaha,-1.8,-2,-3
levelness,-1.8,-2,-3
artisanal,-1.8,-2,-3
svelte,-1.8,-2,-3
newer,-1.8,-2,-3
unpretentious,-1.82,-2,-3
contritely,-1.83,-2,-3
supportable,-1.83,-2,-2
uncolored,-1.83,-2,-2
withdrawn,-1.83,-2,-2
fossilized,-1.83,-2,-3
unsusceptible,-1.83,-2,-3
achiever,-1.83,-2,-3
jauntiness,-1.83,-2,-2
nosy,-1.83,-2,-2
unembellished,-1.83,-2,-3
unasserted,-1.83,-2,-3
soberly,-1.83,-2,-2
chirpiness,-1.83,-2,-2
anointment,-1.83,-2,-2
grandparents,-1.83,-2,-3
pacifistic,-1.83,-2,-3
nobly,-1.83,-2,-3
dreamlike,-1.83,-2,-2
stargazing,-1.83,-2,-3
constructive,-1.83,-2,-3
sagging,-1.83,-2,-2
recumbently,-1.83,-2,-1
unaccented,-1.83,-2,-2
lenient,-1.83,-2,-3
innocuously,-1.83,-2,-3
entirely,-1.83,-2,-2
lifelessly,-1.83,-2,-3
free,-1.83,-2,-3
joylessly,-1.83,-2,-3
nonreactive,-1.83,-2,-2
expunge,-1.83,-2,-2
handicapped,-1.83,-2,-2
unostentatiously,-1.83,-2,-3
rationally,-1.83,-2,-3
healthful,-1.85,-2,-3
traceless,-1.85,-2,-3
harmonist,-1.85,-2,-3
wellmannered,-1.85,-2,-3
defuse,-1.85,-2,-3
execution,-1.86,-2,-2
doable,-1.86,-2,-2
staunch,-1.86,-2,-3
immovability,-1.86,-2,-3
bland,-1.86,-2,-2
imperturbable,-1.86,-2,-3
heyday,-1.86,-2,-2
fireless,-1.86,-2,-3
overcome,-1.86,-2,-3
dad,-1.86,-2,-3
grateful,-1.86,-2,-2
scapular,-1.86,-2,-3
blandly,-1.86,-2,-2
housebroken,-1.86,-2,-3
indolence,-1.86,-2,-3
mantra,-1.86,-2,-2
waterfall,-1.86,-2,-2
accession,-1.86,-2,-3
cooling,-1.86,-2,-2
fun,-1.86,-2,-3
seasonable,-1.86,-2,-3
spiritlessly,-1.86,-2,-3
luxury,-1.86,-2,-3
smooth,-1.86,-2,-3
hospitable,-1.86,-2,-3
brevity,-1.87,-2,-3
trained,-1.88,-2,-3
sound,-1.88,-2,-3
succinctness,-1.88,-2,-3
accomplice,-1.88,-2,-3
easement,-1.88,-2,-3
artlessness,-1.88,-2,-3
scottish,-1.88,-2,-3
propulsive,-1.88,-2,-3
controllability,-1.88,-2,-3
pristine,-1.88,-2,-3
tastefulness,-1.88,-2,-3
softer,-1.88,-2,-3
inactive,-1.88,-2,-3
sophomore,-1.88,-2,-3
angel,-1.88,-2,-3
northeastern,-1.88,-2,-3
minuscule,-1.88,-2,-3
infrequently,-1.88,-2,-3
nave,-1.88,-2,-3
turtledove,-1.88,-2,-3
excellence,-1.88,-2,-3
allow,-1.88,-2,-3
equable,-1.88,-2,-3
elusion,-1.88,-2,-3
unbigoted,-1.88,-2,-3
farmland,-1.88,-2,-3
sunbathe,-1.88,-2,-3
wedding,-1.88,-2,-3
supine,-1.88,-2,-3
unawake,-1.88,-2,-3
maturity,-1.88,-2,-3
giggle,-1.88,-2,-3
sleepy,-1.88,-2,-2
meticulous,-1.88,-2,-3
feat,-1.88,-2,-3
abloom,-1.88,-2,-2
digitalization,-1.88,-2,-3
breezily,-1.88,-2,-3
annulus,-1.88,-2,-3
tunefully,-1.88,-2,-3
pax,-1.88,-2,-3
artistically,-1.88,-2,-3
starlight,-1.88,-2,-3
nun,-1.88,-2,-3
bullfighter,-1.88,-2,-3
showman,-1.88,-2,-3
coiffure,-1.88,-2,-3
climatological,-1.88,-2,-3
windward,-1.88,-2,-3
idolize,-1.88,-2,-3
realistic,-1.88,-2,-3
levitation,-1.88,-2,-3
amaze,-1.88,-2,-3
restored,-1.88,-2,-3
arched,-1.88,-2,-3
legibility,-1.88,-2,-3
unmoved,-1.88,-2,-3
bonny,-1.88,-2,-3
good,-1.89,-2,-3
ruddiness,-1.89,-2,-3
silently,-1.89,-2,-3
symphonist,-1.89,-2,-3
breeze,-1.89,-2,-3
suburbs,-1.89,-2,-3
uninterrupted,-1.89,-2,-3
congratulations,-1.89,-2,-1
loyally,-1.89,-2,-3
lucid,-1.89,-2,-3
bridal,-1.89,-2,-3
sunrise,-1.89,-2,-3
laughs,-1.89,-2,-3
intact,-1.89,-2,-3
enlighten,-1.89,-2,-3
thanking,-1.89,-2,-3
undeceived,-1.89,-2,-3
lithe,-1.89,-2,-2
veneration,-1.89,-2,-3
plentiful,-1.89,-2,-3
norse,-1.89,-2,-3
forgive,-1.89,-2,-3
yummy,-1.89,-2,-3
carefully,-1.89,-2,-3
leisureliness,-1.89,-2,-2
nourish,-1.89,-2,-2
docile,-1.9,-2,-3
sincerity,-1.9,-2,-3
openness,-1.9,-2,-3
playable,-1.9,-2,-3
laxness,-1.9,-2,-3
courteous,-1.9,-2,-3
eternal,-1.9,-2,-3
later,-1.9,-2,-2
subside,-1.9,-2,-2
magnolia,-1.9,-2,-2
cherubic,-1.9,-2,-3
unsurpassable,-1.9,-2,-2
stateliness,-1.9,-2,-3
griefless,-1.9,-2,-3
harmonization,-1.9,-2,-3
abiding,-1.9,-2,-3
candor,-1.9,-2,-3
ameliorate,-1.9,-2,-3
recreation,-1.9,-2,-3
preadolescent,-1.9,-2,-3
moss,-1.9,-2,-3
leisurely,-1.9,-2,-1
retired,-1.91,-2,-3
humour,-1.92,-2,-3
magnanimousness,-1.92,-2,-3
solemnly,-1.92,-2,-3
friend,-1.92,-2,-3
longevity,-1.94,-2,-3
imagination,-1.94,-2,-3
heaven,-1.95,-2,-3
liberty,-1.96,-2,-3
tenderness,-1.97,-2,-3
sunbeam,-1.98,-2,-3
unfettered,-1.99,-2,-3
beachcombing,-2.0,-2,-2
reasonability,-2.0,-2,-2
funday,-2.0,-2,-2
exhortative,-2.0,-2,-2
unbent,-2.0,-2,-2
snugness,-2.0,-2,-2
incandesce,-2.0,-2,-3
luxurious,-2.0,-2,-3
supernova,-2.0,-2,-2
verdant,-2.0,-2,-3
lucky,-2.0,-2,-3
ambition,-2.0,-2,-3
approval,-2.0,-2,-3
vibrant,-2.0,-2,-2
more,-2.0,-2,-2
grounded,-2.0,-2,-2
supersize,-2.0,-2,-2
benefit,-2.0,-2,-3
guffaw,-2.0,-2,-3
collaborative,-2.0,-2,-3
derisiveness,-2.0,-2,-2
dost,-2.0,-2,-2
tirelessness,-2.0,-2,-3
spotlight,-2.0,-2,-2
evangelicalism,-2.0,-2,-3
reaffirmation,-2.0,-2,-2
disconnects,-2.0,-2,-2
infinity,-2.0,-2,-3
arouser,-2.0,-2,-2
bandanna,-2.0,-2,-2
bunghole,-2.0,-2,-3
holiday,-2.0,-2,-3
luminescent,-2.0,-2,-3
outspokenness,-2.0,-2,-3
consumptively,-2.0,-2,-2
worshipfully,-2.0,-2,-3
dim,-2.0,-2,-2
cogitate,-2.0,-2,-2
unhindered,-2.0,-2,-3
gentlemanly,-2.0,-2,-3
washman,-2.0,-2,-2
strolling,-2.0,-2,-3
gaily,-2.0,-2,-2
unemotionally,-2.0,-2,-3
snugly,-2.0,-2,-2
neglectfully,-2.0,-2,-2
tagged,-2.0,-2,-2
deputies,-2.0,-2,-2
sunray,-2.0,-2,-2
withhold,-2.0,-2,-2
oblivious,-2.0,-2,-3
funny,-2.0,-2,-2
equalizer,-2.0,-2,-2
unfit,-2.0,-2,-2
ventilate,-2.0,-2,-2
soapy,-2.0,-2,-3
frugality,-2.0,-2,-2
unsteadily,-2.0,-2,-2
unfulfilling,-2.0,-2,-2
contemplative,-2.0,-2,-3
separately,-2.0,-2,-2
feelinggood,-2.0,-2,-2
samaritan,-2.0,-2,-3
supremely,-2.0,-2,-3
heartfelt,-2.0,-2,-3
accessible,-2.0,-2,-3
retirement,-2.0,-2,-3
neat,-2.0,-2,-2
huge,-2.0,-2,-3
degenerateness,-2.0,-2,-3
pacifier,-2.0,-2,-3
trinomial,-2.0,-2,-2
frilly,-2.0,-2,-2
biggest,-2.0,-2,-3
grounding,-2.0,-2,-3
remorsefulness,-2.0,-2,-2
restfully,-2.0,-2,-2
fishinghook,-2.0,-2,-2
innovative,-2.0,-2,-3
fedup,-2.0,-2,-2
festivities,-2.0,-2,-3
competently,-2.0,-2,-3
convivial,-2.0,-2,-3
comically,-2.0,-2,-2
unadventurously,-2.0,-2,-3
plodding,-2.0,-2,-2
yoga,-2.0,-2,-3
poetical,-2.0,-2,-3
clubbing,-2.0,-2,-2
unperfected,-2.0,-2,-2
officiousness,-2.0,-2,-2
liven,-2.0,-2,-2
slumberous,-2.0,-2,-3
sailboat,-2.0,-2,-2
mercuric,-2.0,-2,-3
familiarity,-2.0,-2,-2
hound,-2.0,-2,-3
synergist,-2.0,-2,-2
punctuality,-2.0,-2,-2
depreciator,-2.0,-2,-2
choppy,-2.0,-2,-2
silken,-2.0,-2,-3
pelt,-2.0,-2,-2
undefeated,-2.0,-2,-3
kissable,-2.0,-2,-3
responsibly,-2.0,-2,-2
oasis,-2.0,-2,-3
unstilted,-2.0,-2,-3
desires,-2.0,-2,-2
old,-2.0,-2,-2
imperiousness,-2.0,-2,-2
lazyday,-2.0,-2,-3
shelved,-2.0,-2,-3
impermanent,-2.0,-2,-2
downright,-2.0,-2,-3
reconnect,-2.0,-2,-2
cuddle,-2.0,-2,-2
charm,-2.0,-2,-3
dedicated,-2.0,-2,-3
creativity,-2.0,-2,-2
philanthropic,-2.06,-2,-3
unscathed,-2.07,-2,-3
glory,-2.07,-2,-3
loveliest,-2.07,-2,-3
faith,-2.07,-2,-3
passion,-2.07,-2,-3
friendship,-2.07,-2,-3
bountiful,-2.07,-2,-3
silliness,-2.08,-2,-3
cuteness,-2.08,-2,-3
favorably,-2.08,-2,-3
mercifully,-2.1,-2,-2
aristocratic,-2.1,-2,-3
candlelight,-2.1,-2,-3
understanding,-2.11,-2,-3
wittiness,-2.11,-2,-3
finished,-2.11,-2,-3
amen,-2.11,-2,-3
decreased,-2.11,-2,-3
renewal,-2.11,-2,-3
lordliness,-2.11,-2,-3
practical,-2.11,-2,-3
safeguard,-2.11,-2,-3
triumph,-2.12,-2,-3
lowly,-2.12,-2,-2
languidly,-2.12,-2,-3
abba,-2.12,-2,-3
hammock,-2.12,-2,-3
nitwit,-2.12,-2,-3
simplify,-2.12,-2,-3
improve,-2.12,-2,-3
cordially,-2.12,-2,-3
sanctity,-2.12,-2,-3
utterly,-2.12,-2,-3
unobtrusive,-2.12,-2,-2
sedative,-2.12,-2,-3
sidesplitting,-2.13,-2,-3
deliberative,-2.14,-2,-3
neighborliness,-2.14,-2,-3
midafternoon,-2.14,-2,-3
escarpment,-2.14,-2,-3
shine,-2.14,-2,-3
improvement,-2.14,-2,-3
commendably,-2.14,-2,-3
blues,-2.14,-2,-3
congratulatory,-2.14,-2,-3
transcendental,-2.14,-2,-3
lifesaver,-2.14,-2,-3
heartily,-2.14,-2,-3
enrapt,-2.14,-2,-3
virtuous,-2.14,-2,-2
beginnings,-2.14,-2,-3
churchgoing,-2.14,-2,-3
unprejudiced,-2.14,-2,-3
favorableness,-2.14,-2,-3
austere,-2.14,-2,-3
respectful,-2.14,-2,-3
perseverant,-2.14,-2,-3
tenderfoot,-2.14,-2,-3
throughway,-2.14,-2,-3
cure,-2.15,-2,-3
vacation,-2.15,-2,-3
simplicity,-2.15,-2,-3
enjoy,-2.15,-2,-3
mitigate,-2.17,-2,-2
mildness,-2.17,-2,-3
amicability,-2.17,-2,-3
attractive,-2.17,-2,-3
youthful,-2.17,-2,-3
croissant,-2.17,-2,-2
violet,-2.17,-2,-3
deliciously,-2.17,-2,-3
gorgeous,-2.17,-2,-3
grandmotherly,-2.17,-2,-3
vacay,-2.17,-2,-3
hug,-2.18,-2,-3
stargaze,-2.18,-2,-3
bless,-2.18,-2,-3
civility,-2.19,-2,-3
openhandedness,-2.2,-2,-2
unconcern,-2.2,-2,-3
mountaintop,-2.2,-2,-2
temperedness,-2.2,-2,-2
clearcut,-2.2,-2,-2
hardiness,-2.2,-2,-2
respectfully,-2.2,-2,-3
cuddly,-2.2,-2,-3
tamely,-2.2,-2,-3
delighter,-2.2,-2,-3
smiley,-2.2,-2,-2
accomplishment,-2.2,-2,-3
forth,-2.2,-2,-2
savior,-2.2,-2,-3
lazybones,-2.2,-2,-3
wispy,-2.2,-2,-3
receptivity,-2.2,-2,-3
jolliness,-2.2,-2,-3
welcome,-2.21,-2,-3
stunning,-2.21,-2,-3
praiseworthy,-2.22,-2,-3
agreeably,-2.22,-2,-3
praise,-2.22,-2,-3
refreshing,-2.22,-2,-3
wrap,-2.22,-2,-2
restoration,-2.22,-2,-3
funniest,-2.22,-2,-3
wiser,-2.22,-2,-3
leisure,-2.22,-2,-3
healthier,-2.22,-2,-2
fondly,-2.22,-2,-3
vitality,-2.22,-2,-3
superb,-2.22,-2,-3
dignified,-2.22,-2,-3
solitude,-2.22,-2,-2
nonbelligerent,-2.23,-2,-3
goodness,-2.23,-2,-3
enlightening,-2.23,-2,-3
innocent,-2.23,-2,-3
reverence,-2.24,-2,-3
flowering,-2.25,-2,-3
advantage,-2.25,-2,-3
deserving,-2.25,-2,-3
dreamless,-2.25,-2,-3
aaaah,-2.25,-2,-2
kitten,-2.25,-2,-3
hardened,-2.25,-2,-3
familiar,-2.25,-2,-3
chuckle,-2.25,-2,-3
frost,-2.25,-2,-3
rooted,-2.25,-2,-3
sunlight,-2.25,-2,-3
goodmorning,-2.25,-2,-3
sympathy,-2.25,-2,-3
humility,-2.25,-2,-3
willowy,-2.25,-2,-3
hopeful,-2.25,-2,-3
charity,-2.25,-2,-2
optimist,-2.27,-2,-3
terrific,-2.27,-2,-3
rapturous,-2.27,-2,-3
indifference,-2.28,-2,-3
belief,-2.29,-2,-3
relieve,-2.29,-2,-3
nonirritant,-2.29,-2,-2
soundly,-2.29,-2,-3
noiselessly,-2.29,-2,-3
pliability,-2.29,-2,-2
respite,-2.29,-2,-3
wholesomeness,-2.29,-2,-3
delicious,-2.29,-2,-3
sensibly,-2.29,-2,-2
unoccupied,-2.29,-2,-3
companionship,-2.29,-2,-3
soulfully,-2.29,-2,-3
goodnight,-2.29,-2,-2
cuddling,-2.29,-2,-3
chimes,-2.29,-2,-3
ahhhh,-2.29,-2,-3
liking,-2.29,-2,-3
gratifying,-2.31,-2,-3
helpfulness,-2.31,-2,-3
stately,-2.31,-2,-3
elegant,-2.32,-2,-3
blessed,-2.33,-2,-3
obedient,-2.33,-2,-3
reposed,-2.33,-2,-3
cuddles,-2.33,-2,-3
snug,-2.33,-2,-3
decompress,-2.33,-2,-2
exhale,-2.33,-2,-3
contemplativeness,-2.33,-2,-3
nestling,-2.33,-2,-3
affordable,-2.33,-2,-3
amiable,-2.33,-2,-3
hushed,-2.33,-2,-3
unaggressive,-2.33,-2,-3
innocently,-2.33,-2,-3
dourly,-2.33,-2,-3
gracefully,-2.33,-2,-2
introvert,-2.33,-2,-3
unaffectedly,-2.33,-2,-2
thoroughness,-2.33,-2,-2
unreservedly,-2.33,-2,-3
beautician,-2.33,-2,-3
beloved,-2.33,-2,-3
bigheartedness,-2.33,-2,-3
bask,-2.35,-2,-3
sanguinity,-2.36,-2,-3
sweetness,-2.36,-2,-3
coolly,-2.36,-2,-3
philanthropy,-2.38,-2,-3
welcomes,-2.38,-2,-3
deluxe,-2.38,-2,-3
jovial,-2.38,-2,-3
uplift,-2.38,-2,-3
cherish,-2.38,-2,-2
exquisite,-2.38,-2,-3
cordial,-2.38,-2,-3
meditative,-2.38,-2,-3
admirably,-2.38,-2,-3
weasel,-2.4,-2,-3
aloofness,-2.4,-2,-3
languidness,-2.4,-2,-3
grandly,-2.4,-2,-2
tabletop,-2.4,-2,-3
mollify,-2.4,-2,-3
corruptly,-2.4,-2,-3
gladly,-2.4,-2,-3
forgiver,-2.4,-2,-3
daybreak,-2.4,-2,-3
allay,-2.4,-2,-3
remunerate,-2.4,-2,-3
hugs,-2.4,-2,-2
amble,-2.4,-2,-2
largess,-2.4,-2,-3
graciously,-2.4,-2,-3
sinless,-2.4,-2,-3
thriftiness,-2.4,-2,-2
laconically,-2.4,-2,-3
deliberately,-2.4,-2,-3
nonpoisonous,-2.4,-2,-3
shuteye,-2.4,-2,-2
benevolently,-2.4,-2,-2
gorgeously,-2.4,-2,-3
applaudable,-2.4,-2,-3
gently,-2.4,-2,-2
promptness,-2.4,-2,-3
unshakeable,-2.4,-2,-2
cordialness,-2.4,-2,-2
pacification,-2.4,-2,-2
larkish,-2.4,-2,-3
ambitionless,-2.4,-2,-3
fearlessly,-2.4,-2,-3
healing,-2.4,-2,-2
absolutely,-2.4,-2,-3
sunny,-2.41,-2,-3
elegantly,-2.42,-2,-3
somber,-2.43,-2,-2
suave,-2.43,-2,-3
care,-2.43,-2,-3
assure,-2.43,-2,-3
saintlike,-2.43,-2,-3
approachable,-2.43,-2,-3
adoration,-2.43,-2,-3
sunk,-2.43,-2,-3
reverently,-2.43,-2,-3
unashamed,-2.43,-2,-3
clean,-2.43,-2,-3
soft,-2.43,-2,-2
caring,-2.43,-2,-3
painkillers,-2.43,-2,-3
teatime,-2.43,-2,-2
pacified,-2.43,-2,-3
brightens,-2.43,-2,-2
undistracted,-2.43,-2,-2
splendidly,-2.43,-2,-3
considerate,-2.43,-2,-3
sit,-2.43,-2,-3
fragrant,-2.44,-2,-2
untroubled,-2.44,-2,-3
easygoingness,-2.44,-2,-2
unencumbered,-2.44,-2,-3
merciful,-2.44,-2,-3
sanely,-2.44,-2,-2
generosity,-2.44,-2,-3
recumbent,-2.44,-2,-3
daydreaming,-2.44,-2,-3
untarnished,-2.44,-2,-3
assuage,-2.44,-2,-3
massage,-2.44,-2,-3
lightheartedly,-2.44,-2,-3
alleviate,-2.44,-2,-2
admiration,-2.46,-2,-3
patience,-2.46,-2,-3
reverie,-2.47,-2,-3
courageous,-2.47,-2,-3
satisfaction,-2.48,-2,-3
unimpassioned,-2.5,-3,-3
dependable,-2.5,-3,-3
evangelic,-2.5,-3,-3
uninterestedly,-2.5,-3,-3
mesmerize,-2.5,-3,-3
faithful,-2.5,-3,-3
hugging,-2.5,-3,-3
matron,-2.5,-3,-3
trustfully,-2.5,-3,-3
dodo,-2.5,-3,-3
kindhearted,-2.5,-3,-3
lilies,-2.5,-3,-3
tensionless,-2.5,-3,-3
bleep,-2.5,-3,-3
marvelous,-2.5,-3,-3
regretless,-2.5,-3,-3
gleefully,-2.5,-3,-3
cottage,-2.5,-3,-3
positiveenergy,-2.5,-3,-3
mellowness,-2.5,-3,-3
beautifully,-2.5,-3,-3
expressionless,-2.5,-3,-3
thoughtfully,-2.5,-3,-3
credible,-2.5,-3,-3
beautiful,-2.5,-3,-3
timelessly,-2.5,-3,-3
attune,-2.5,-3,-3
clownishness,-2.5,-3,-3
undaunted,-2.5,-3,-3
snuggle,-2.5,-3,-3
nonchalance,-2.5,-3,-3
endearing,-2.5,-3,-3
stressrelief,-2.5,-3,-3
snowman,-2.5,-3,-3
down,-2.5,-3,-3
reggae,-2.5,-3,-3
languorous,-2.5,-3,-3
helpfully,-2.5,-3,-3
indifferently,-2.5,-3,-3
reassessment,-2.5,-3,-3
colonies,-2.5,-3,-3
liberalness,-2.5,-3,-3
celebrated,-2.5,-3,-3
wilfully,-2.5,-3,-3
limberness,-2.5,-3,-3
yawn,-2.5,-3,-3
glacial,-2.5,-3,-3
honestly,-2.5,-3,-3
refresh,-2.5,-3,-3
simplification,-2.5,-3,-3
companion,-2.5,-3,-3
atpeace,-2.5,-3,-3
praying,-2.5,-3,-3
coolheaded,-2.5,-3,-3
hugged,-2.5,-3,-3
efficiently,-2.5,-3,-3
fascinated,-2.5,-3,-3
guilelessness,-2.5,-3,-3
confident,-2.53,-3,-3
painless,-2.53,-3,-3
alleviation,-2.53,-3,-3
courteously,-2.55,-3,-3
mirthfully,-2.55,-3,-3
hush,-2.55,-3,-3
fearlessness,-2.55,-3,-3
softly,-2.56,-3,-3
riveting,-2.56,-3,-3
reassure,-2.56,-3,-3
unwearied,-2.56,-3,-3
cloudlessness,-2.56,-3,-3
monastery,-2.56,-3,-3
cheerfully,-2.56,-3,-3
sloth,-2.56,-3,-3
sunshine,-2.56,-3,-3
heavenly,-2.56,-3,-3
amuse,-2.56,-3,-3
nonchalant,-2.57,-3,-3
chalet,-2.57,-3,-3
decorous,-2.57,-3,-3
sleeping,-2.57,-3,-3
unregretful,-2.57,-3,-3
airiness,-2.57,-3,-3
rescued,-2.57,-3,-3
soothe,-2.57,-3,-3
soundlessly,-2.57,-3,-3
trustworthy,-2.57,-3,-3
benignly,-2.57,-3,-3
countryside,-2.57,-3,-3
fragrance,-2.57,-3,-3
nonaggressive,-2.57,-3,-3
quiescence,-2.57,-3,-3
pleasurable,-2.57,-3,-3
slumber,-2.57,-3,-3
motionlessly,-2.57,-3,-3
respectable,-2.57,-3,-3
seascape,-2.57,-3,-3
comfortably,-2.58,-3,-3
unselfish,-2.59,-3,-3
dreamboat,-2.6,-3,-3
moneybag,-2.6,-3,-3
yeahhh,-2.6,-3,-3
freethinker,-2.6,-3,-3
steadfastly,-2.6,-3,-3
birdsong,-2.6,-3,-3
adorableness,-2.6,-3,-3
exceptionally,-2.6,-3,-3
dozy,-2.6,-3,-3
confidentiality,-2.6,-3,-3
unfeigned,-2.6,-3,-3
pensionable,-2.6,-3,-3
unshaved,-2.6,-3,-3
worthwhile,-2.6,-3,-3
exoneration,-2.6,-3,-3
koala,-2.6,-3,-3
unlabored,-2.6,-3,-3
softness,-2.6,-3,-3
bronzed,-2.6,-3,-3
beatify,-2.6,-3,-3
strongest,-2.6,-3,-3
bravely,-2.6,-3,-3
adorably,-2.6,-3,-3
bounciness,-2.6,-3,-3
directive,-2.6,-3,-3
levelheadedness,-2.6,-3,-3
aglow,-2.6,-3,-3
altruistically,-2.6,-3,-3
outwrestle,-2.6,-3,-3
mom,-2.6,-3,-3
jolly,-2.6,-3,-3
steadily,-2.6,-3,-3
recommendable,-2.6,-3,-3
chillin,-2.6,-3,-3
leadership,-2.6,-3,-3
unhurriedness,-2.6,-3,-3
frumpiness,-2.6,-3,-3
coolest,-2.6,-3,-3
uncontaminated,-2.6,-3,-3
unthreatened,-2.6,-3,-3
reunite,-2.6,-3,-3
chortle,-2.62,-3,-3
peacekeeper,-2.62,-3,-3
spacious,-2.62,-3,-3
nonaggression,-2.62,-3,-3
collectedness,-2.62,-3,-3
unsullied,-2.62,-3,-3
compassionately,-2.62,-3,-3
benevolence,-2.62,-3,-3
polite,-2.62,-3,-3
peaceably,-2.62,-3,-3
gleeful,-2.62,-3,-3
permanently,-2.62,-3,-3
contently,-2.62,-3,-3
humble,-2.62,-3,-3
harmless,-2.62,-3,-3
unblemished,-2.62,-3,-3
assurance,-2.62,-3,-3
alleviative,-2.62,-3,-3
dauntlessness,-2.62,-3,-3
graceful,-2.62,-3,-3
bolster,-2.62,-3,-3
relaxant,-2.62,-3,-3
starry,-2.62,-3,-3
priest,-2.62,-3,-3
unalarmed,-2.62,-3,-3
nonresistance,-2.62,-3,-3
unfussy,-2.62,-3,-3
compassion,-2.64,-3,-3
quietly,-2.66,-3,-3
valiantly,-2.67,-3,-3
meditating,-2.67,-3,-3
phenomenal,-2.67,-3,-3
trusteeship,-2.67,-3,-3
guiltless,-2.67,-3,-3
meditator,-2.67,-3,-3
daisies,-2.67,-3,-3
richly,-2.67,-3,-3
undismayed,-2.67,-3,-3
broadly,-2.67,-3,-3
editorialize,-2.67,-3,-3
poof,-2.67,-3,-3
blase,-2.67,-3,-3
organised,-2.67,-3,-3
firmly,-2.67,-3,-3
facilitative,-2.67,-3,-3
blissfulness,-2.67,-3,-3
admired,-2.67,-3,-3
majestic,-2.67,-3,-3
homeowner,-2.67,-3,-3
forgivingness,-2.67,-3,-3
spring,-2.67,-3,-3
solace,-2.67,-3,-3
chillness,-2.67,-3,-3
enjoyable,-2.67,-3,-3
beauteous,-2.67,-3,-3
faultlessly,-2.67,-3,-3
silent,-2.67,-3,-3
flourisher,-2.67,-3,-3
impassiveness,-2.67,-3,-3
nicer,-2.67,-3,-3
tranquilize,-2.67,-3,-3
unsurprised,-2.67,-3,-3
apathy,-2.67,-3,-3
optimistic,-2.67,-3,-3
meticulousness,-2.67,-3,-3
love,-2.67,-3,-3
unscarred,-2.67,-3,-3
balm,-2.67,-3,-3
effortless,-2.67,-3,-3
pleasantness,-2.67,-3,-3
firelight,-2.67,-3,-3
perfectly,-2.67,-3,-3
majestically,-2.67,-3,-3
cheerfulness,-2.67,-3,-3
festivity,-2.67,-3,-3
fulfilled,-2.67,-3,-3
sweetie,-2.67,-3,-3
clear,-2.67,-3,-3
frankincense,-2.67,-3,-3
freshness,-2.67,-3,-3
stoically,-2.67,-3,-3
laudably,-2.67,-3,-3
appreciatively,-2.67,-3,-3
communality,-2.67,-3,-3
unspoiled,-2.67,-3,-3
stoutheartedness,-2.67,-3,-3
cozy,-2.67,-3,-3
admirable,-2.68,-3,-3
amiably,-2.69,-3,-3
amiability,-2.69,-3,-3
politely,-2.7,-3,-3
angelic,-2.7,-3,-3
adoring,-2.7,-3,-3
cooperate,-2.71,-3,-3
jubilant,-2.71,-3,-3
heal,-2.71,-3,-3
dauntlessly,-2.71,-3,-3
truthfulness,-2.71,-3,-3
sedately,-2.71,-3,-3
inspire,-2.71,-3,-3
delighted,-2.71,-3,-3
unconfused,-2.71,-3,-3
elite,-2.71,-3,-3
wise,-2.71,-3,-3
lull,-2.71,-3,-3
unshaken,-2.71,-3,-3
enchanting,-2.71,-3,-3
laze,-2.71,-3,-3
brighter,-2.71,-3,-3
undiluted,-2.71,-3,-3
honest,-2.71,-3,-3
unfazed,-2.71,-3,-3
boundlessness,-2.71,-3,-3
encouraged,-2.71,-3,-3
unafraid,-2.71,-3,-3
uncomplaining,-2.71,-3,-3
cordiality,-2.71,-3,-3
glum,-2.71,-3,-3
loving,-2.72,-3,-3
cool,-2.73,-3,-3
affectionate,-2.73,-3,-3
untainted,-2.73,-3,-3
optimistically,-2.75,-3,-3
tame,-2.75,-3,-3
sincere,-2.75,-3,-3
pearly,-2.75,-3,-3
easiness,-2.75,-3,-3
heavenliness,-2.75,-3,-3
wholeheartedly,-2.75,-3,-3
liberation,-2.75,-3,-3
divineness,-2.75,-3,-3
faithfulness,-2.75,-3,-3
optimism,-2.75,-3,-3
daylight,-2.75,-3,-3
deep,-2.75,-3,-3
unmoving,-2.75,-3,-3
commendatory,-2.75,-3,-3
gratefully,-2.75,-3,-3
sagely,-2.75,-3,-3
boldly,-2.75,-3,-3
health,-2.75,-3,-3
unwind,-2.75,-3,-3
ease,-2.75,-3,-3
zephyr,-2.75,-3,-3
nonviolent,-2.75,-3,-3
rejuvenated,-2.75,-3,-3
ethereal,-2.75,-3,-3
laugh,-2.75,-3,-3
courteousness,-2.75,-3,-3
friendly,-2.75,-3,-3
greathearted,-2.75,-3,-3
invigorated,-2.75,-3,-3
uninjured,-2.75,-3,-3
quaintness,-2.75,-3,-3
meekness,-2.75,-3,-3
gentlefolk,-2.75,-3,-3
unperturbed,-2.75,-3,-3
jocularly,-2.75,-3,-3
snuggled,-2.75,-3,-3
emancipation,-2.75,-3,-3
amiableness,-2.75,-3,-3
smile,-2.76,-3,-3
laughing,-2.76,-3,-3
harmony,-2.77,-3,-3
controlled,-2.77,-3,-3
mellow,-2.77,-3,-3
stillness,-2.77,-3,-3
delightfulness,-2.77,-3,-3
steady,-2.77,-3,-3
asleeep,-2.78,-3,-3
coolness,-2.78,-3,-3
innocence,-2.78,-3,-3
haven,-2.78,-3,-3
sedateness,-2.78,-3,-3
lightness,-2.78,-3,-3
lounging,-2.78,-3,-3
stoicism,-2.78,-3,-3
peaceable,-2.78,-3,-3
satisfying,-2.78,-3,-3
kempt,-2.78,-3,-3
gentle,-2.79,-3,-3
pleased,-2.79,-3,-3
smiling,-2.79,-3,-3
clearheadedly,-2.79,-3,-3
safe,-2.79,-3,-3
improves,-2.8,-3,-3
twas,-2.8,-3,-3
chamomile,-2.8,-3,-3
graciousness,-2.8,-3,-3
reverentially,-2.8,-3,-3
levelheaded,-2.8,-3,-3
unwavering,-2.8,-3,-3
rest,-2.8,-3,-3
immobile,-2.8,-3,-3
appreciates,-2.8,-3,-3
noiseless,-2.8,-3,-3
gracious,-2.8,-3,-3
beekeeper,-2.8,-3,-3
monotonic,-2.8,-3,-3
idyllic,-2.8,-3,-3
spotlessness,-2.8,-3,-3
cologne,-2.8,-3,-3
recumbence,-2.8,-3,-3
happiness,-2.8,-3,-3
pastoral,-2.8,-3,-3
relieved,-2.8,-3,-3
unadulterated,-2.8,-3,-3
lullaby,-2.8,-3,-3
enthusiastically,-2.8,-3,-3
unthreatening,-2.8,-3,-3
frameless,-2.8,-3,-3
imperturbability,-2.8,-3,-3
friendliness,-2.81,-3,-3
lighthearted,-2.82,-3,-3
uninvolved,-2.83,-3,-3
heartwarming,-2.83,-3,-3
devout,-2.83,-3,-3
undemanding,-2.83,-3,-3
gratefulness,-2.83,-3,-3
fluent,-2.83,-3,-3
impassively,-2.83,-3,-3
luxuriously,-2.83,-3,-3
adored,-2.83,-3,-3
unwound,-2.83,-3,-3
courageously,-2.83,-3,-3
ugliest,-2.83,-3,-3
grazie,-2.83,-3,-3
tidiness,-2.83,-3,-3
stability,-2.83,-3,-3
motionless,-2.83,-3,-3
artless,-2.83,-3,-3
tireless,-2.83,-3,-3
peacemaker,-2.83,-3,-3
neatness,-2.83,-3,-3
uncluttered,-2.83,-3,-3
sustainable,-2.83,-3,-3
securely,-2.83,-3,-3
resplendently,-2.83,-3,-3
unemotional,-2.83,-3,-3
sacredness,-2.83,-3,-3
breeziness,-2.83,-3,-3
untouched,-2.83,-3,-3
please,-2.83,-3,-3
cakewalk,-2.83,-3,-3
outdoors,-2.83,-3,-3
dreamily,-2.83,-3,-3
soothing,-2.84,-3,-3
gentleness,-2.85,-3,-3
unflappable,-2.85,-3,-3
flawless,-2.86,-3,-3
steadfast,-2.86,-3,-3
befriend,-2.86,-3,-3
aplomb,-2.86,-3,-3
sedate,-2.86,-3,-3
serenely,-2.86,-3,-3
thankful,-2.86,-3,-3
unconcerned,-2.86,-3,-3
uncomplicated,-2.86,-3,-3
lovemaking,-2.86,-3,-3
safety,-2.86,-3,-3
safeness,-2.86,-3,-3
superbly,-2.86,-3,-3
warmly,-2.86,-3,-3
pastime,-2.86,-3,-3
easygoing,-2.86,-3,-3
worship,-2.86,-3,-3
holiness,-2.86,-3,-3
kindheartedly,-2.86,-3,-3
grandfather,-2.86,-3,-3
spiritually,-2.86,-3,-3
apathetically,-2.86,-3,-3
home,-2.88,-3,-3
kindness,-2.88,-3,-3
successfulness,-2.88,-3,-3
unforced,-2.88,-3,-3
placidity,-2.88,-3,-3
congeniality,-2.88,-3,-3
quiet,-2.88,-3,-3
joyful,-2.88,-3,-3
comfort,-2.88,-3,-3
sweet,-2.88,-3,-3
splendid,-2.88,-3,-3
secure,-2.88,-3,-3
immaculate,-2.89,-3,-3
tranquilly,-2.89,-3,-3
meditation,-2.89,-3,-3
relaxed,-2.89,-3,-3
peaceful,-2.89,-3,-3
blameless,-2.89,-3,-3
joyously,-2.89,-3,-3
flawlessly,-2.9,-3,-3
undisturbed,-2.9,-3,-3
relaxation,-2.91,-3,-3
meditate,-2.91,-3,-3
composed,-2.92,-3,-3
unconcernedly,-2.92,-3,-3
marvelously,-2.93,-3,-3
gladness,-2.93,-3,-3
contentedly,-2.93,-3,-3
easy,-2.93,-3,-3
stressfree,-2.94,-3,-3
glad,-2.94,-3,-3
carefree,-2.94,-3,-3
happy,-2.95,-3,-3
tranquility,-2.97,-3,-3
peace,-2.98,-3,-3
serenity,-2.98,-3,-3
refreshed,-3.0,-3,-3
phlegmatic,-3.0,-3,-3
unshakable,-3.0,-3,-3
galahad,-3.0,-3,-3
magnanimous,-3.0,-3,-3
curler,-3.0,-3,-3
clarity,-3.0,-3,-3
settee,-3.0,-3,-3
kiddie,-3.0,-3,-3
mantrap,-3.0,-3,-3
tasteful,-3.0,-3,-3
sane,-3.0,-3,-3
hefty,-3.0,-3,-3
tastefully,-3.0,-3,-3
imperturbably,-3.0,-3,-3
maturate,-3.0,-3,-3
impassibility,-3.0,-3,-3
dapperly,-3.0,-3,-3
vamoose,-3.0,-3,-3
verifiably,-3.0,-3,-3
natured,-3.0,-3,-3
apostleship,-3.0,-3,-3
blissfully,-3.0,-3,-3
northerner,-3.0,-3,-3
vespers,-3.0,-3,-3
blissful,-3.0,-3,-3
humanely,-3.0,-3,-3
humored,-3.0,-3,-3
honorably,-3.0,-3,-3
composedly,-3.0,-3,-3
studding,-3.0,-3,-3
ageless,-3.0,-3,-3
untouchably,-3.0,-3,-3
graduate,-3.0,-3,-3
effortlessly,-3.0,-3,-3
immaculateness,-3.0,-3,-3
dreamlessly,-3.0,-3,-3
disturber,-3.0,-3,-3
underwhelmed,-3.0,-3,-3
workable,-3.0,-3,-3
silence,-3.0,-3,-3
ganache,-3.0,-3,-3
comprehensibility,-3.0,-3,-3
nonirritating,-3.0,-3,-3
immortalize,-3.0,-3,-3
abstractness,-3.0,-3,-3
happyplace,-3.0,-3,-3
interestedly,-3.0,-3,-3
summertime,-3.0,-3,-3
televangelist,-3.0,-3,-3
leaper,-3.0,-3,-3
positivity,-3.0,-3,-3
auspiciously,-3.0,-3,-3
collectiveness,-3.0,-3,-3
unexceptionable,-3.0,-3,-3
goodhearted,-3.0,-3,-3
growthefuckup,-3.0,-3,-3
roadworthiness,-3.0,-3,-3
glaucoma,-3.0,-3,-3
happily,-3.0,-3,-3
recess,-3.0,-3,-3
shipshape,-3.0,-3,-3
vend,-3.0,-3,-3
tameness,-3.0,-3,-3
blessedly,-3.0,-3,-3
prosperously,-3.0,-3,-3
serene,-3.0,-3,-3
nuzzle,-3.0,-3,-3
imperialism,-3.0,-3,-3
enduring,-3.0,-3,-3
reflectively,-3.0,-3,-3
fabulous,-3.0,-3,-3
unimpeded,-3.0,-3,-3
digital,-3.0,-3,-3
amazedness,-3.0,-3,-3
reconcilement,-3.0,-3,-3
mercifulness,-3.0,-3,-3
dependableness,-3.0,-3,-3
seemliness,-3.0,-3,-3
dauntless,-3.0,-3,-3
impeccably,-3.0,-3,-3
wrinkleless,-3.0,-3,-3
unchanging,-3.0,-3,-3
amusement,-3.0,-3,-3
craftsperson,-3.0,-3,-3
floodless,-3.0,-3,-3
still,-3.0,-3,-3
topnotch,-3.0,-3,-3
phosphorescently,-3.0,-3,-3
clover,-3.0,-3,-3
kindliness,-3.0,-3,-3
choreographer,-3.0,-3,-3
joyfully,-3.0,-3,-3
veracious,-3.0,-3,-3
saneness,-3.0,-3,-3
daisy,-3.0,-3,-3
wisdom,-3.0,-3,-3
clearer,-3.0,-3,-3
unperturbedly,-3.0,-3,-3
ultramarine,-3.0,-3,-3
unhesitant,-3.0,-3,-3
ascendable,-3.0,-3,-3
brutishness,-3.0,-3,-3
dietician,-3.0,-3,-3
limpidness,-3.0,-3,-3
melodiously,-3.0,-3,-3
diminutively,-3.0,-3,-3
kickboard,-3.0,-3,-3
materialistically,-3.0,-3,-3
bestdayever,-3.0,-3,-3
nostress,-3.0,-3,-3
hearty,-3.0,-3,-3
destruct,-3.0,-3,-3
generous,-3.0,-3,-3
tranquil,-3.0,-3,-3
composure,-3.0,-3,-3
lifeisgood,-3.0,-3,-3
noncriminal,-3.0,-3,-3
courtier,-3.0,-3,-3
white,-3.0,-3,-3
unexcited,-3.0,-3,-3
snowplow,-3.0,-3,-3
holidays,-3.0,-3,-3
hungrily,-3.0,-3,-3
idyll,-3.0,-3,-3
efficaciousness,-3.0,-3,-3
archdeacon,-3.0,-3,-3
honeysweet,-3.0,-3,-3
insusceptibility,-3.0,-3,-3
unhurriedly,-3.0,-3,-3
livewire,-3.0,-3,-3
benedictional,-3.0,-3,-3
anaesthetic,-3.0,-3,-3
proficiency,-3.0,-3,-3
dated,-3.0,-3,-3
fluently,-3.0,-3,-3
lavishly,-3.0,-3,-3
isotropic,-3.0,-3,-3
redeemable,-3.0,-3,-3
rested,-3.0,-3,-3
ideographic,-3.0,-3,-3
diametric,-3.0,-3,-3
hypothalamus,-3.0,-3,-3
rightwing,-3.0,-3,-3
handpainted,-3.0,-3,-3
forthright,-3.0,-3,-3
impassivity,-3.0,-3,-3
bitterroot,-3.0,-3,-3
usable,-3.0,-3,-3
mercy,-3.0,-3,-3
calming,-3.0,-3,-3
snuggling,-3.0,-3,-3
pacifism,-3.0,-3,-3
stimulating,-3.0,-3,-3
unsoiled,-3.0,-3,-3
cardinally,-3.0,-3,-3
loudspeaker,-3.0,-3,-3
smiles,-3.0,-3,-3
femur,-3.0,-3,-3
simplest,-3.0,-3,-3
aspen,-3.0,-3,-3
autobiographical,-3.0,-3,-3
loved,-3.0,-3,-3
liberated,-3.0,-3,-3
joyfulness,-3.0,-3,-3
resolute,-3.0,-3,-3
accurately,-3.0,-3,-3
mirthfulness,-3.0,-3,-3
reverent,-3.0,-3,-3
afterhours,-3.0,-3,-3
honeybunch,-3.0,-3,-3
guileless,-3.0,-3,-3
starring,-3.0,-3,-3
able,-3.0,-3,-3
within,-3.0,-3,-3
courtliness,-3.0,-3,-3
uncensured,-3.0,-3,-3
profitably,-3.0,-3,-3
timeless,-3.0,-3,-3
weightlifter,-3.0,-3,-3
nontoxic,-3.0,-3,-3
aquiline,-3.0,-3,-3
extrasensory,-3.0,-3,-3
preciseness,-3.0,-3,-3
indubitably,-3.0,-3,-3
apolitical,-3.0,-3,-3
stainlessness,-3.0,-3,-3
dudes,-3.0,-3,-3
amicable,-3.0,-3,-3
gratitude,-3.0,-3,-3
scrapbook,-3.0,-3,-3
agelessness,-3.0,-3,-3
unrepressed,-3.0,-3,-3
tranquilization,-3.0,-3,-3
arteries,-3.0,-3,-3
goodmood,-3.0,-3,-3
delightfully,-3.0,-3,-3
unhurried,-3.0,-3,-3
gaudy,-3.0,-3,-3
digging,-3.0,-3,-3
ovulary,-3.0,-3,-3
motionlessness,-3.0,-3,-3
standoffish,-3.0,-3,-3
ventral,-3.0,-3,-3
emulator,-3.0,-3,-3
unclouded,-3.0,-3,-3
joys,-3.0,-3,-3
pathfinder,-3.0,-3,-3
gulfstream,-3.0,-3,-3
liturgist,-3.0,-3,-3
rely,-3.0,-3,-3
harmoniously,-3.0,-3,-3
contented,-3.0,-3,-3
cleverly,-3.0,-3,-3
buoy,-3.0,-3,-3
commonsensical,-3.0,-3,-3
tod,-3.0,-3,-3
unaffected,-3.0,-3,-3
ironical,-3.0,-3,-3
submissive,-3.0,-3,-3
compassionate,-3.0,-3,-3
first,-3.0,-3,-3
serendipity,-3.0,-3,-3
coddler,-3.0,-3,-3
furthermore,-3.0,-3,-3
indefatigable,-3.0,-3,-3
judicatory,-3.0,-3,-3
evenhandedness,-3.0,-3,-3
megabucks,-3.0,-3,-3
humor,-3.0,-3,-3
nullifier,-3.0,-3,-3
longwise,-3.0,-3,-3
thorough,-3.0,-3,-3
incuriously,-3.0,-3,-3
approachableness,-3.0,-3,-3
excellently,-3.0,-3,-3
happydance,-3.0,-3,-3
subsector,-3.0,-3,-3
minder,-3.0,-3,-3
unamplified,-3.0,-3,-3
ordinate,-3.0,-3,-3
windless,-3.0,-3,-3
peacefully,-3.0,-3,-3
concur,-3.0,-3,-3
steadiness,-3.0,-3,-3
adamantly,-3.0,-3,-3
humanness,-3.0,-3,-3
handpick,-3.0,-3,-3
hooray,-3.0,-3,-3
asserter,-3.0,-3,-3
irreverently,-3.0,-3,-3
jurywoman,-3.0,-3,-3
radiantly,-3.0,-3,-3
gorged,-3.0,-3,-3
plentifully,-3.0,-3,-3
smartest,-3.0,-3,-3
proficiently,-3.0,-3,-3
laborsaving,-3.0,-3,-3
standardize,-3.0,-3,-3
unexcitable,-3.0,-3,-3
willing,-3.0,-3,-3
helpful,-3.0,-3,-3
complete,-3.0,-3,-3
clitoral,-3.0,-3,-3
valorous,-3.0,-3,-3
pureness,-3.0,-3,-3
tranquillity,-3.0,-3,-3
gratified,-3.0,-3,-3
sherbet,-3.0,-3,-3
omnidirectional,-3.0,-3,-3
rejoice,-3.0,-3,-3
ectoplasm,-3.0,-3,-3
celebrator,-3.0,-3,-3
unscheduled,-3.0,-3,-3
restful,-3.0,-3,-3
unshakably,-3.0,-3,-3
honorary,-3.0,-3,-3
approvable,-3.0,-3,-3
urbanization,-3.0,-3,-3
effusively,-3.0,-3,-3
unproblematic,-3.0,-3,-3
smoothly,-3.0,-3,-3
muscleman,-3.0,-3,-3
patiently,-3.0,-3,-3
ambidexterity,-3.0,-3,-3
reactor,-3.0,-3,-3
worthiness,-3.0,-3,-3
rootedness,-3.0,-3,-3
upright,-3.0,-3,-3
soother,-3.0,-3,-3
peacekeeping,-3.0,-3,-3
unmolested,-3.0,-3,-3
applaud,-3.0,-3,-3
employable,-3.0,-3,-3
emotionless,-3.0,-3,-3
affably,-3.0,-3,-3
unhesitating,-3.0,-3,-3
feisty,-3.0,-3,-3
satisfactory,-3.0,-3,-3
equability,-3.0,-3,-3
triumphantly,-3.0,-3,-3
nonvolatile,-3.0,-3,-3
selflessness,-3.0,-3,-3
unrushed,-3.0,-3,-3
quietness,-3.0,-3,-3
seder,-3.0,-3,-3
backdrop,-3.0,-3,-3
reductionist,-3.0,-3,-3
wrote,-3.0,-3,-3
acclimate,-3.0,-3,-3
equanimity,-3.0,-3,-3
regally,-3.0,-3,-3
best,-3.0,-3,-3
unpolluted,-3.0,-3,-3
unruffled,-3.0,-3,-3
reanimate,-3.0,-3,-3
undamaged,-3.0,-3,-3
gizmo,-3.0,-3,-3
brightest,-3.0,-3,-3
exactitude,-3.0,-3,-3
inhumanly,-3.0,-3,-3
honored,-3.0,-3,-3
felicitation,-3.0,-3,-3
wholeness,-3.0,-3,-3
painlessly,-3.0,-3,-3
recapitulate,-3.0,-3,-3
enshrine,-3.0,-3,-3
illuminating,-3.0,-3,-3
afternoon,-3.0,-3,-3
extendedly,-3.0,-3,-3
scornfully,-3.0,-3,-3
calm,-3.0,-3,-3
microbrew,-3.0,-3,-3
gatorade,-3.0,-3,-3
focuser,-3.0,-3,-3
placidly,-3.0,-3,-3
sparsely,-3.0,-3,-3
likableness,-3.0,-3,-3
virtue,-3.0,-3,-3
uncontrovertibly,-3.0,-3,-3
religiousness,-3.0,-3,-3
impregnability,-3.0,-3,-3
lightheartedness,-3.0,-3,-3
bioscope,-3.0,-3,-3
harmonious,-3.0,-3,-3
reposeful,-3.0,-3,-3
unswerving,-3.0,-3,-3
peacefulness,-3.0,-3,-3
exultant,-3.0,-3,-3
letterman,-3.0,-3,-3
sublimity,-3.0,-3,-3
unmingled,-3.0,-3,-3
soundlessness,-3.0,-3,-3
boldfaced,-3.0,-3,-3
gilded,-3.0,-3,-3
homochromatic,-3.0,-3,-3
menorah,-3.0,-3,-3
revolutionarily,-3.0,-3,-3
honesty,-3.0,-3,-3
benefactress,-3.0,-3,-3
competitiveness,-3.0,-3,-3
pinkness,-3.0,-3,-3
etherealness,-3.0,-3,-3
grassland,-3.0,-3,-3
sublime,-3.0,-3,-3
taintless,-3.0,-3,-3
ambrosial,-3.0,-3,-3
harmlessness,-3.0,-3,-3
succor,-3.0,-3,-3
cloudlessly,-3.0,-3,-3
pleasure,-3.0,-3,-3
thermostatically,-3.0,-3,-3
delightful,-3.0,-3,-3
homeroom,-3.0,-3,-3
streetscape,-3.0,-3,-3
erotically,-3.0,-3,-3
uncongested,-3.0,-3,-3
unworriedly,-3.0,-3,-3
trusting,-3.0,-3,-3
ladybird,-3.0,-3,-3
unshod,-3.0,-3,-3
contentment,-3.0,-3,-3
goodmusic,-3.0,-3,-3
clinic,-3.0,-3,-3
effectivity,-3.0,-3,-3
bliss,-3.0,-3,-3
defrag,-3.0,-3,-3
freewheeler,-3.0,-3,-3
bighearted,-3.0,-3,-3
zen,-3.0,-3,-3
tearless,-3.0,-3,-3
vacant,-3.0,-3,-3
nicely,-3.0,-3,-3
placid,-3.0,-3,-3
placidness,-3.0,-3,-3
spotlessly,-3.0,-3,-3
islamic,-3.0,-3,-3
tranquillize,-3.0,-3,-3
marvellous,-3.0,-3,-3
calmly,-3.0,-3,-3
devocalization,-3.0,-3,-3
brioche,-3.0,-3,-3
wondrously,-3.0,-3,-3
flutelike,-3.0,-3,-3
stoic,-3.0,-3,-3
outshine,-3.0,-3,-3
hypo,-3.0,-3,-3
unharmed,-3.0,-3,-3
forenamed,-3.0,-3,-3
relaxing,-3.0,-3,-3
plainness,-3.0,-3,-3
enjoyably,-3.0,-3,-3
tenantless,-3.0,-3,-3
capably,-3.0,-3,-3
contentedness,-3.0,-3,-3
latest,-3.0,-3,-3
teammate,-3.0,-3,-3
affiliate,-3.0,-3,-3
kindest,-3.0,-3,-3
reliable,-3.0,-3,-3
objectively,-3.0,-3,-3
purity,-3.0,-3,-3
wellbeing,-3.0,-3,-3
quiescent,-3.0,-3,-3
connotative,-3.0,-3,-3
melodiousness,-3.0,-3,-3
swiftness,-3.0,-3,-3
invitee,-3.0,-3,-3
resplendency,-3.0,-3,-3
fundamentality,-3.0,-3,-3
relief,-3.0,-3,-3
whoo,-3.0,-3,-3
unstrained,-3.0,-3,-3
chauffer,-3.0,-3,-3
sanctuary,-3.0,-3,-3
monosyllable,-3.0,-3,-3
professionalism,-3.0,-3,-3
endorphin,-3.0,-3,-3
monsieur,-3.0,-3,-3
prodigiously,-3.0,-3,-3
bicultural,-3.0,-3,-3
cloudless,-3.0,-3,-3
gracefulness,-3.0,-3,-3
unwarlike,-3.0,-3,-3
painlessness,-3.0,-3,-3
fearless,-3.0,-3,-3
midline,-3.0,-3,-3
nonviolence,-3.0,-3,-3
relax,-3.0,-3,-3
pleasant,-3.0,-3,-3
wellness,-3.0,-3,-3
festively,-3.0,-3,-3
unworried,-3.0,-3,-3
fit,-3.0,-3,-3
fleetness,-3.0,-3,-3
viability,-3.0,-3,-3
smoothness,-3.0,-3,-3
orthographically,-3.0,-3,-3
noncorrosive,-3.0,-3,-3
philosophizer,-3.0,-3,-3
comeliness,-3.0,-3,-3
wholehearted,-3.0,-3,-3
neaten,-3.0,-3,-3
noiselessness,-3.0,-3,-3
reformatory,-3.0,-3,-3
unbothered,-3.0,-3,-3
sealer,-3.0,-3,-3
endorser,-3.0,-3,-3
idolization,-3.0,-3,-3
unshackled,-3.0,-3,-3
sublimely,-3.0,-3,-3
enjoyableness,-3.0,-3,-3
straightforwardly,-3.0,-3,-3
debtless,-3.0,-3,-3
chivalrousness,-3.0,-3,-3
