chunk_index,start_sec,end_sec,predicted_emotion,emotion_probs
0,0.0,5.0,sad,"[0.00026334295398555696, 0.00747690862044692, 0.0013072807341814041, 0.9909523725509644]"
